CustomerID,Tenure_Months,Contract_Type,Monthly_Charges,Total_Charges,Payment_Method,Tech_Support_Tickets,Internet_Service_Type,Paperless_Billing,Churn_Status
CUST-00001,10,Month-to-month,75.49,765.03,Mailed check,2,Fiber optic,No,Yes
CUST-00002,25,One year,23.26,592.11,Bank transfer (automatic),0,No,Yes,No
CUST-00003,1,Month-to-month,23.19,23.59,Credit card (automatic),2,No,Yes,Yes
CUST-00004,5,Two year,20.44,101.61,Credit card (automatic),0,No,No,No
CUST-00005,39,Two year,109.28,4174.48,Bank transfer (automatic),3,Fiber optic,No,No
CUST-00006,13,Two year,65.51,836.70,Electronic check,1,DSL,Yes,No
CUST-00007,13,Two year,57.6,768.30,Electronic check,5,DSL,No,Yes
CUST-00008,52,Two year,92.71,4699.48,Electronic check,2,Fiber optic,Yes,No
CUST-00009,21,One year,82.08,1710.74,Bank transfer (automatic),1,Fiber optic,Yes,No
CUST-00010,7,Month-to-month,22.29,157.20,Bank transfer (automatic),3,No,No,Yes
CUST-00011,9,Month-to-month,60.77,536.23,Bank transfer (automatic),3,DSL,Yes,No
CUST-00012,4,Two year,115.99,453.89,Credit card (automatic),2,Fiber optic,Yes,No
CUST-00013,12,One year,94.83,1146.06,Bank transfer (automatic),2,Fiber optic,Yes,Yes
CUST-00014,37,Two year,24.08,910.86,Credit card (automatic),1,No,No,No
CUST-00015,53,One year,99.94,5430.35,Mailed check,3,Fiber optic,Yes,No
CUST-00016,32,One year,50.7,1640.37,Bank transfer (automatic),2,DSL,No,No
CUST-00017,54,One year,44.3,2423.08,Credit card (automatic),1,DSL,Yes,No
CUST-00018,36,Month-to-month,23.51,868.62,Bank transfer (automatic),2,No,Yes,No
CUST-00019,7,Month-to-month,71.71,498.62,Bank transfer (automatic),0,DSL,Yes,Yes
CUST-00020,9,Month-to-month,112.65,1042.72,Electronic check,1,Fiber optic,No,No
CUST-00021,39,Two year,103.33,3982.81,Bank transfer (automatic),1,Fiber optic,No,No
CUST-00022,13,Two year,91.17,1175.50,Electronic check,3,Fiber optic,No,No
CUST-00023,29,Month-to-month,94.01,2768.89,Bank transfer (automatic),2,Fiber optic,Yes,No
CUST-00024,4,One year,23.95,97.04,Mailed check,0,No,Yes,No
CUST-00025,38,One year,48.98,1846.77,Electronic check,3,DSL,Yes,Yes
CUST-00026,6,Month-to-month,92.07,537.44,Credit card (automatic),3,Fiber optic,Yes,Yes
CUST-00027,54,Two year,44.46,2420.20,Bank transfer (automatic),3,DSL,No,No
CUST-00028,24,One year,75.13,1814.26,Credit card (automatic),0,Fiber optic,No,Yes
CUST-00029,1,Month-to-month,50.9,52.07,Credit card (automatic),2,DSL,Yes,No
CUST-00030,20,Two year,22.98,454.05,Bank transfer (automatic),3,No,Yes,No
CUST-00031,20,Two year,75.99,1557.36,Bank transfer (automatic),6,DSL,Yes,Yes
CUST-00032,11,Month-to-month,55.78,616.26,Credit card (automatic),1,DSL,Yes,No
CUST-00033,33,Month-to-month,94.39,3061.92,Bank transfer (automatic),0,Fiber optic,Yes,No
CUST-00034,18,Two year,97.81,1749.24,Electronic check,1,Fiber optic,Yes,No
CUST-00035,21,Two year,83.87,1729.70,Electronic check,2,Fiber optic,Yes,No
CUST-00036,49,One year,67.61,3305.15,Mailed check,2,DSL,Yes,No
CUST-00037,9,Month-to-month,50.23,451.33,Electronic check,2,DSL,Yes,Yes
CUST-00038,39,Two year,79.23,3144.25,Mailed check,4,Fiber optic,Yes,Yes
CUST-00039,46,Month-to-month,49.99,2333.05,Electronic check,1,DSL,Yes,No
CUST-00040,12,Month-to-month,59.95,722.94,Credit card (automatic),3,DSL,No,No
CUST-00041,8,Month-to-month,82.2,659.45,Credit card (automatic),2,Fiber optic,Yes,No
CUST-00042,52,One year,58.27,3064.58,Electronic check,1,DSL,Yes,No
CUST-00043,3,Month-to-month,88.37,259.51,Electronic check,2,Fiber optic,Yes,Yes
CUST-00044,9,Month-to-month,110.51,999.72,Bank transfer (automatic),2,Fiber optic,Yes,No
CUST-00045,58,One year,19.89,1182.02,Electronic check,3,No,Yes,No
CUST-00046,45,Month-to-month,53.64,2385.68,Electronic check,4,DSL,Yes,Yes
CUST-00047,1,Month-to-month,116.43,113.10,Credit card (automatic),1,Fiber optic,No,No
CUST-00048,6,Month-to-month,81.93,476.96,Electronic check,0,Fiber optic,Yes,No
CUST-00049,7,Month-to-month,24.23,164.85,Bank transfer (automatic),1,No,Yes,Yes
CUST-00050,21,Two year,76.9,1638.76,Electronic check,1,Fiber optic,Yes,No
CUST-00051,12,Month-to-month,63.86,783.13,Electronic check,0,DSL,Yes,No
CUST-00052,25,Two year,45.85,1112.11,Bank transfer (automatic),1,DSL,Yes,No
CUST-00053,19,One year,89.99,1729.68,Electronic check,2,Fiber optic,No,No
CUST-00054,2,Two year,116.59,230.40,Electronic check,1,Fiber optic,No,No
CUST-00055,55,Two year,101.33,5536.44,Bank transfer (automatic),3,Fiber optic,No,No
CUST-00056,41,Two year,19.81,832.81,Bank transfer (automatic),0,No,Yes,No
CUST-00057,64,One year,109.43,7082.11,Mailed check,3,Fiber optic,No,Yes
CUST-00058,46,Two year,66.32,3057.15,Electronic check,1,DSL,Yes,No
CUST-00059,63,Month-to-month,25.21,1586.98,Mailed check,0,No,Yes,No
CUST-00060,22,Two year,50.83,1122.36,Electronic check,3,DSL,No,Yes
CUST-00061,61,One year,75.91,4556.34,Credit card (automatic),1,Fiber optic,No,Yes
CUST-00062,58,Two year,65.61,3847.44,Electronic check,1,DSL,Yes,Yes
CUST-00063,16,Month-to-month,25.1,392.42,Electronic check,1,No,Yes,No
CUST-00064,24,One year,24.08,588.18,Electronic check,0,No,No,No
CUST-00065,24,Month-to-month,90.04,2128.11,Bank transfer (automatic),2,Fiber optic,Yes,Yes
CUST-00066,24,Month-to-month,91.05,2119.64,Credit card (automatic),4,Fiber optic,Yes,Yes
CUST-00067,1,Month-to-month,20.74,21.04,Bank transfer (automatic),2,No,Yes,No
CUST-00068,12,Month-to-month,25.13,307.54,Mailed check,2,No,Yes,No
CUST-00069,29,One year,109.57,3226.51,Credit card (automatic),3,Fiber optic,Yes,No
CUST-00070,43,Two year,20.26,860.17,Electronic check,0,No,Yes,No
CUST-00071,36,Month-to-month,85.63,3020.15,Electronic check,4,Fiber optic,No,Yes
CUST-00072,44,Two year,106.06,4531.49,Mailed check,3,Fiber optic,No,No
CUST-00073,26,Month-to-month,57.94,1468.39,Bank transfer (automatic),2,DSL,No,No
CUST-00074,48,Two year,64.69,3083.42,Electronic check,1,DSL,Yes,No
CUST-00075,27,One year,77.58,2067.57,Mailed check,2,Fiber optic,Yes,No
CUST-00076,5,Month-to-month,24.45,125.35,Credit card (automatic),0,No,No,No
CUST-00077,0,Month-to-month,97.12, ,Credit card (automatic),0,Fiber optic,No,Yes
CUST-00078,2,Month-to-month,110.25,216.90,Credit card (automatic),1,Fiber optic,Yes,No
CUST-00079,2,Month-to-month,68.52,137.21,Electronic check,3,DSL,Yes,Yes
CUST-00080,8,Two year,90.91,747.27,Mailed check,1,Fiber optic,Yes,No
CUST-00081,43,Month-to-month,67.27,2881.21,Bank transfer (automatic),1,DSL,No,No
CUST-00082,24,Month-to-month,72.92,1792.13,Bank transfer (automatic),2,Fiber optic,Yes,No
CUST-00083,31,One year,58.38,1840.00,Bank transfer (automatic),0,DSL,Yes,Yes
CUST-00084,52,Two year,91.25,4698.83,Credit card (automatic),3,Fiber optic,No,No
CUST-00085,51,Two year,90.51,4664.71,Electronic check,1,Fiber optic,Yes,No
CUST-00086,23,Month-to-month,75.73,1720.29,Electronic check,1,Fiber optic,No,No
CUST-00087,36,Month-to-month,21.9,779.34,Electronic check,2,No,No,Yes
CUST-00088,57,Two year,23.96,1381.24,Bank transfer (automatic),0,No,No,No
CUST-00089,7,Month-to-month,20.67,145.06,Credit card (automatic),3,No,No,No
CUST-00090,12,One year,24.39,284.03,Bank transfer (automatic),2,No,Yes,Yes
CUST-00091,17,Month-to-month,63.81,1105.62,Bank transfer (automatic),1,DSL,Yes,No
CUST-00092,22,Month-to-month,105.3,2261.26,Bank transfer (automatic),2,Fiber optic,Yes,No
CUST-00093,15,Two year,113.76,1720.47,Credit card (automatic),3,Fiber optic,No,No
CUST-00094,0,Month-to-month,60.05, ,Credit card (automatic),2,DSL,Yes,No
CUST-00095,13,Month-to-month,111.19,1457.23,Credit card (automatic),0,Fiber optic,No,No
CUST-00096,14,Month-to-month,76.84,1060.30,Electronic check,3,Fiber optic,No,No
CUST-00097,23,Two year,107.95,2409.22,Mailed check,2,Fiber optic,Yes,Yes
CUST-00098,15,Month-to-month,110.64,1678.77,Mailed check,2,Fiber optic,Yes,Yes
CUST-00099,35,Two year,114.04,4108.86,Electronic check,2,Fiber optic,No,No
CUST-00100,44,Two year,73.95,3264.11,Electronic check,1,Fiber optic,Yes,No
CUST-00101,5,Month-to-month,46.76,239.36,Bank transfer (automatic),2,DSL,Yes,No
CUST-00102,14,Two year,71.1,1012.49,Bank transfer (automatic),2,Fiber optic,Yes,No
CUST-00103,65,Two year,22.04,1429.10,Credit card (automatic),0,No,No,No
CUST-00104,30,Month-to-month,19.7,592.53,Electronic check,3,No,Yes,Yes
CUST-00105,4,Month-to-month,22.51,91.01,Mailed check,0,No,No,No
CUST-00106,6,Month-to-month,74.98,456.99,Bank transfer (automatic),1,DSL,Yes,Yes
CUST-00107,39,Two year,54.4,2083.30,Electronic check,2,DSL,Yes,No
CUST-00108,39,One year,42.69,1651.20,Mailed check,2,DSL,Yes,No
CUST-00109,0,Month-to-month,113.38, ,Electronic check,0,Fiber optic,No,No
CUST-00110,26,Month-to-month,65.14,1712.72,Electronic check,3,DSL,Yes,No
CUST-00111,9,Month-to-month,19.76,177.07,Credit card (automatic),2,No,Yes,No
CUST-00112,23,Two year,103.75,2393.35,Bank transfer (automatic),1,Fiber optic,Yes,No
CUST-00113,37,Two year,65.53,2457.51,Credit card (automatic),2,DSL,No,No
CUST-00114,25,One year,56.34,1372.36,Electronic check,2,DSL,No,No
CUST-00115,52,Month-to-month,50.22,2681.91,Electronic check,1,DSL,Yes,No
CUST-00116,18,Month-to-month,25.69,469.87,Electronic check,0,No,No,No
CUST-00117,66,One year,101.35,6616.66,Electronic check,6,Fiber optic,No,No
CUST-00118,0,Month-to-month,18.26, ,Electronic check,2,No,Yes,Yes
CUST-00119,30,One year,47.07,1448.80,Bank transfer (automatic),0,DSL,Yes,No
CUST-00120,45,Two year,20.11,893.93,Bank transfer (automatic),1,No,Yes,No
CUST-00121,52,Two year,72.1,3859.81,Bank transfer (automatic),1,DSL,No,No
CUST-00122,19,Two year,93.14,1766.99,Electronic check,2,Fiber optic,Yes,No
CUST-00123,25,Month-to-month,18.7,466.27,Bank transfer (automatic),3,No,Yes,No
CUST-00124,1,Month-to-month,20.24,20.33,Bank transfer (automatic),4,No,No,Yes
CUST-00125,43,Two year,117.81,5198.11,Bank transfer (automatic),4,Fiber optic,Yes,Yes
CUST-00126,37,One year,70.45,2682.22,Electronic check,1,DSL,Yes,No
CUST-00127,3,Two year,70.23,207.17,Credit card (automatic),4,Fiber optic,No,Yes
CUST-00128,38,Two year,110.89,4145.51,Electronic check,4,Fiber optic,Yes,Yes
CUST-00129,5,Two year,49.5,246.05,Mailed check,1,DSL,Yes,No
CUST-00130,67,Two year,86.13,5884.49,Bank transfer (automatic),1,Fiber optic,Yes,Yes
CUST-00131,66,One year,75.77,5040.12,Electronic check,3,Fiber optic,No,Yes
CUST-00132,5,Month-to-month,18.33,89.68,Electronic check,4,No,Yes,No
CUST-00133,9,Month-to-month,22.03,198.55,Credit card (automatic),1,No,Yes,No
CUST-00134,43,One year,83.94,3682.40,Credit card (automatic),3,Fiber optic,No,Yes
CUST-00135,7,Month-to-month,87.56,595.45,Electronic check,2,Fiber optic,Yes,No
CUST-00136,35,Month-to-month,48.65,1695.75,Bank transfer (automatic),2,DSL,Yes,No
CUST-00137,2,Month-to-month,109.31,213.61,Electronic check,3,Fiber optic,Yes,No
CUST-00138,10,Month-to-month,78.46,783.29,Electronic check,4,Fiber optic,Yes,Yes
CUST-00139,9,Two year,95.22,833.11,Credit card (automatic),2,Fiber optic,No,No
CUST-00140,11,Month-to-month,21.77,239.90,Mailed check,2,No,No,No
CUST-00141,20,Month-to-month,25.15,516.36,Credit card (automatic),2,No,Yes,No
CUST-00142,40,One year,25.66,1016.87,Mailed check,4,No,Yes,Yes
CUST-00143,43,Two year,114.16,4852.26,Credit card (automatic),2,Fiber optic,Yes,Yes
CUST-00144,1,Month-to-month,69.2,70.53,Bank transfer (automatic),3,DSL,Yes,No
CUST-00145,13,Month-to-month,21.48,274.28,Mailed check,2,No,No,Yes
CUST-00146,49,Month-to-month,47.25,2297.80,Bank transfer (automatic),2,DSL,Yes,Yes
CUST-00147,18,Month-to-month,112.41,2079.31,Credit card (automatic),4,Fiber optic,No,Yes
CUST-00148,45,Month-to-month,23.62,1072.82,Electronic check,2,No,Yes,No
CUST-00149,4,Month-to-month,76.43,309.00,Bank transfer (automatic),1,Fiber optic,Yes,Yes
CUST-00150,7,Two year,45.7,321.20,Electronic check,0,DSL,Yes,No
CUST-00151,33,Month-to-month,67.04,2156.07,Bank transfer (automatic),0,DSL,Yes,No
CUST-00152,34,Month-to-month,114.16,3924.57,Bank transfer (automatic),1,Fiber optic,No,No
CUST-00153,46,One year,80.43,3767.86,Credit card (automatic),3,Fiber optic,No,No
CUST-00154,53,One year,21.34,1146.49,Credit card (automatic),3,No,Yes,No
CUST-00155,50,Two year,117.02,5715.43,Electronic check,2,Fiber optic,No,No
CUST-00156,13,Month-to-month,116.12,1512.37,Electronic check,0,Fiber optic,No,Yes
CUST-00157,7,Month-to-month,67.93,465.29,Bank transfer (automatic),1,DSL,Yes,Yes
CUST-00158,1,Two year,59.76,60.58,Electronic check,5,DSL,No,Yes
CUST-00159,44,Two year,21.05,952.54,Bank transfer (automatic),3,No,Yes,No
CUST-00160,15,Month-to-month,21.18,317.73,Electronic check,1,No,No,Yes
CUST-00161,40,One year,94.61,3706.69,Credit card (automatic),1,Fiber optic,No,No
CUST-00162,1,Month-to-month,67.53,67.04,Bank transfer (automatic),2,DSL,Yes,No
CUST-00163,36,One year,61.1,2197.12,Mailed check,3,DSL,Yes,No
CUST-00164,5,Month-to-month,19.97,100.13,Electronic check,2,No,No,Yes
CUST-00165,20,One year,106.71,2128.67,Bank transfer (automatic),3,Fiber optic,No,No
CUST-00166,62,Two year,92.08,5609.00,Mailed check,2,Fiber optic,Yes,No
CUST-00167,29,Two year,22.55,653.85,Bank transfer (automatic),1,No,No,No
CUST-00168,14,Two year,70.75,1019.85,Bank transfer (automatic),1,DSL,Yes,No
CUST-00169,41,Two year,56.48,2368.71,Electronic check,1,DSL,Yes,No
CUST-00170,3,Month-to-month,25.22,76.86,Electronic check,0,No,No,Yes
CUST-00171,14,Month-to-month,94.87,1355.84,Mailed check,2,Fiber optic,No,No
CUST-00172,10,Month-to-month,68.12,675.99,Electronic check,0,DSL,Yes,No
CUST-00173,54,One year,69.99,3719.67,Electronic check,1,DSL,Yes,No
CUST-00174,5,One year,55.76,273.91,Electronic check,1,DSL,Yes,No
CUST-00175,15,Two year,82.58,1213.12,Bank transfer (automatic),2,Fiber optic,Yes,No
CUST-00176,29,Two year,76.11,2194.03,Credit card (automatic),0,DSL,No,No
CUST-00177,4,Month-to-month,85.28,347.74,Credit card (automatic),2,Fiber optic,Yes,No
CUST-00178,19,One year,19.07,366.98,Credit card (automatic),1,No,Yes,No
CUST-00179,29,Month-to-month,94.17,2797.65,Bank transfer (automatic),3,Fiber optic,Yes,Yes
CUST-00180,0,One year,110.2, ,Credit card (automatic),5,Fiber optic,No,Yes
CUST-00181,40,Two year,52.77,2080.02,Electronic check,1,DSL,Yes,No
CUST-00182,11,Month-to-month,94.07,1057.46,Bank transfer (automatic),1,Fiber optic,Yes,No
CUST-00183,58,One year,55.66,3255.18,Credit card (automatic),2,DSL,Yes,No
CUST-00184,58,Two year,18.43,1069.01,Credit card (automatic),2,No,No,No
CUST-00185,7,Month-to-month,76.71,543.71,Electronic check,1,Fiber optic,Yes,Yes
CUST-00186,8,Two year,108.85,874.72,Bank transfer (automatic),1,Fiber optic,No,No
CUST-00187,14,Two year,76.52,1092.05,Mailed check,3,DSL,No,No
CUST-00188,11,Month-to-month,42.66,460.49,Bank transfer (automatic),1,DSL,Yes,No
CUST-00189,23,Two year,73.85,1690.49,Bank transfer (automatic),2,DSL,Yes,No
CUST-00190,32,Two year,68.85,2233.03,Credit card (automatic),3,DSL,No,No
CUST-00191,51,One year,103.39,5347.19,Credit card (automatic),3,Fiber optic,Yes,No
CUST-00192,14,Month-to-month,90.96,1256.07,Mailed check,2,Fiber optic,Yes,No
CUST-00193,31,Two year,86.16,2661.50,Electronic check,3,Fiber optic,Yes,No
CUST-00194,23,Two year,90.02,2039.48,Credit card (automatic),0,Fiber optic,Yes,No
CUST-00195,26,Month-to-month,99.32,2604.79,Credit card (automatic),2,Fiber optic,Yes,Yes
CUST-00196,13,Two year,76.96,1029.04,Electronic check,1,DSL,Yes,No
CUST-00197,0,Month-to-month,80.09, ,Bank transfer (automatic),3,Fiber optic,Yes,No
CUST-00198,13,One year,25.55,331.99,Credit card (automatic),2,No,Yes,Yes
CUST-00199,36,One year,20.0,721.63,Credit card (automatic),1,No,Yes,No
CUST-00200,51,One year,73.29,3759.55,Bank transfer (automatic),0,DSL,Yes,No
CUST-00201,24,Month-to-month,23.2,571.55,Bank transfer (automatic),1,No,Yes,No
CUST-00202,4,Month-to-month,23.84,97.63,Credit card (automatic),0,No,Yes,No
CUST-00203,3,Month-to-month,110.54,333.13,Mailed check,1,Fiber optic,Yes,Yes
CUST-00204,17,Two year,18.34,309.89,Credit card (automatic),4,No,Yes,No
CUST-00205,55,Month-to-month,23.68,1313.29,Electronic check,3,No,Yes,Yes
CUST-00206,29,Month-to-month,118.54,3373.24,Bank transfer (automatic),1,Fiber optic,Yes,Yes
CUST-00207,17,Month-to-month,21.96,379.24,Credit card (automatic),1,No,Yes,No
CUST-00208,36,Month-to-month,22.31,788.69,Bank transfer (automatic),1,No,No,Yes
CUST-00209,32,Two year,75.17,2423.17,Mailed check,2,Fiber optic,Yes,Yes
CUST-00210,6,Month-to-month,20.81,122.94,Electronic check,1,No,Yes,Yes
CUST-00211,46,Two year,99.86,4721.22,Electronic check,3,Fiber optic,No,No
CUST-00212,4,Month-to-month,19.15,77.20,Bank transfer (automatic),1,No,Yes,No
CUST-00213,19,Month-to-month,86.25,1679.82,Credit card (automatic),2,Fiber optic,No,No
CUST-00214,29,Two year,86.96,2576.65,Credit card (automatic),1,Fiber optic,No,No
CUST-00215,36,Month-to-month,24.35,886.89,Credit card (automatic),1,No,No,No
CUST-00216,23,One year,96.21,2225.73,Electronic check,3,Fiber optic,No,No
CUST-00217,39,Two year,22.41,895.73,Bank transfer (automatic),2,No,Yes,No
CUST-00218,49,Two year,52.78,2588.78,Credit card (automatic),0,DSL,Yes,No
CUST-00219,6,Month-to-month,20.6,125.88,Electronic check,2,No,Yes,Yes
CUST-00220,11,Two year,58.92,634.25,Credit card (automatic),4,DSL,Yes,Yes
CUST-00221,5,Two year,24.38,121.97,Electronic check,1,No,Yes,No
CUST-00222,23,One year,54.04,1240.03,Mailed check,0,DSL,Yes,Yes
CUST-00223,45,One year,85.67,3831.09,Electronic check,1,Fiber optic,No,Yes
CUST-00224,17,Month-to-month,22.52,376.16,Credit card (automatic),4,No,Yes,Yes
CUST-00225,17,Two year,110.94,1847.55,Bank transfer (automatic),0,Fiber optic,Yes,No
CUST-00226,29,Two year,60.84,1805.40,Mailed check,6,DSL,Yes,Yes
CUST-00227,17,Month-to-month,19.21,327.18,Credit card (automatic),2,No,No,Yes
CUST-00228,30,Month-to-month,25.12,775.48,Electronic check,1,No,Yes,No
CUST-00229,5,One year,21.78,106.15,Electronic check,2,No,Yes,No
CUST-00230,51,Two year,70.67,3669.12,Mailed check,0,DSL,Yes,No
CUST-00231,33,Month-to-month,44.08,1418.81,Electronic check,2,DSL,No,No
CUST-00232,2,Month-to-month,72.94,142.06,Credit card (automatic),3,DSL,No,Yes
CUST-00233,40,Month-to-month,72.84,2880.29,Bank transfer (automatic),2,Fiber optic,Yes,No
CUST-00234,1,Month-to-month,117.17,120.09,Electronic check,0,Fiber optic,No,Yes
CUST-00235,27,One year,113.41,3143.46,Electronic check,2,Fiber optic,Yes,No
CUST-00236,54,One year,20.25,1077.45,Mailed check,5,No,Yes,Yes
CUST-00237,39,Month-to-month,19.93,779.97,Bank transfer (automatic),2,No,Yes,Yes
CUST-00238,18,Two year,71.01,1247.69,Electronic check,1,DSL,Yes,No
CUST-00239,34,Month-to-month,77.39,2693.73,Electronic check,3,Fiber optic,No,Yes
CUST-00240,1,Month-to-month,112.33,109.60,Bank transfer (automatic),2,Fiber optic,Yes,No
CUST-00241,9,Month-to-month,71.56,630.85,Electronic check,3,Fiber optic,Yes,Yes
CUST-00242,25,Month-to-month,66.22,1633.31,Bank transfer (automatic),3,DSL,Yes,No
CUST-00243,48,Two year,20.2,954.96,Bank transfer (automatic),0,No,Yes,No
CUST-00244,1,One year,111.08,110.59,Mailed check,1,Fiber optic,Yes,No
CUST-00245,20,Month-to-month,88.38,1726.89,Mailed check,1,Fiber optic,No,No
CUST-00246,10,Month-to-month,21.5,212.60,Electronic check,1,No,No,No
CUST-00247,3,Month-to-month,47.8,145.69,Electronic check,0,DSL,Yes,Yes
CUST-00248,23,Two year,100.53,2297.99,Mailed check,0,Fiber optic,No,No
CUST-00249,43,Two year,92.94,4080.40,Electronic check,2,Fiber optic,Yes,No
CUST-00250,21,One year,42.82,887.84,Bank transfer (automatic),2,DSL,Yes,No
CUST-00251,17,One year,69.1,1171.20,Bank transfer (automatic),4,DSL,No,Yes
CUST-00252,2,Two year,76.24,151.50,Mailed check,4,Fiber optic,Yes,Yes
CUST-00253,53,One year,22.2,1179.90,Electronic check,2,No,Yes,No
CUST-00254,24,Month-to-month,96.28,2376.80,Credit card (automatic),1,Fiber optic,Yes,Yes
CUST-00255,39,Month-to-month,53.4,2033.62,Credit card (automatic),3,DSL,No,No
CUST-00256,20,Month-to-month,81.15,1671.22,Credit card (automatic),2,Fiber optic,Yes,No
CUST-00257,21,Month-to-month,85.18,1757.60,Mailed check,6,Fiber optic,Yes,Yes
CUST-00258,25,One year,56.99,1397.02,Electronic check,4,DSL,Yes,No
CUST-00259,56,Two year,115.55,6547.20,Mailed check,3,Fiber optic,No,No
CUST-00260,0,Month-to-month,66.86, ,Mailed check,0,DSL,No,No
CUST-00261,10,Month-to-month,117.06,1190.76,Bank transfer (automatic),2,Fiber optic,Yes,No
CUST-00262,35,Two year,74.14,2580.59,Bank transfer (automatic),2,Fiber optic,Yes,No
CUST-00263,5,One year,72.22,366.28,Mailed check,0,Fiber optic,Yes,No
CUST-00264,6,Month-to-month,44.63,266.59,Credit card (automatic),2,DSL,No,Yes
CUST-00265,32,One year,24.69,800.50,Electronic check,3,No,No,Yes
CUST-00266,23,Month-to-month,72.87,1707.22,Credit card (automatic),0,DSL,No,No
CUST-00267,0,Month-to-month,21.54, ,Credit card (automatic),0,No,No,No
CUST-00268,32,Month-to-month,58.35,1888.43,Bank transfer (automatic),1,DSL,No,No
CUST-00269,6,Month-to-month,58.06,345.54,Credit card (automatic),0,DSL,Yes,No
CUST-00270,30,One year,25.33,740.49,Credit card (automatic),1,No,Yes,No
CUST-00271,18,Month-to-month,82.77,1480.82,Electronic check,1,Fiber optic,No,Yes
CUST-00272,6,Month-to-month,68.65,407.18,Bank transfer (automatic),2,DSL,No,No
CUST-00273,29,One year,46.5,1374.39,Mailed check,5,DSL,No,No
CUST-00274,65,Two year,82.75,5487.32,Mailed check,2,Fiber optic,Yes,Yes
CUST-00275,9,Month-to-month,99.17,882.30,Electronic check,1,Fiber optic,Yes,Yes
CUST-00276,37,One year,64.25,2377.34,Mailed check,0,DSL,No,No
CUST-00277,23,One year,62.65,1428.90,Bank transfer (automatic),0,DSL,Yes,Yes
CUST-00278,52,Month-to-month,76.02,4064.34,Bank transfer (automatic),1,Fiber optic,Yes,No
CUST-00279,2,Month-to-month,69.97,140.82,Mailed check,1,DSL,No,No
CUST-00280,7,One year,104.67,748.75,Bank transfer (automatic),3,Fiber optic,Yes,No
CUST-00281,53,Two year,67.29,3574.68,Bank transfer (automatic),3,DSL,Yes,No
CUST-00282,0,Month-to-month,19.22, ,Credit card (automatic),3,No,No,No
CUST-00283,28,Month-to-month,50.54,1392.37,Mailed check,1,DSL,Yes,No
CUST-00284,24,One year,114.4,2717.83,Credit card (automatic),2,Fiber optic,Yes,No
CUST-00285,17,Month-to-month,21.87,372.76,Electronic check,1,No,Yes,No
CUST-00286,5,Month-to-month,90.38,450.18,Credit card (automatic),3,Fiber optic,No,Yes
CUST-00287,38,Month-to-month,112.54,4356.75,Credit card (automatic),3,Fiber optic,Yes,No
CUST-00288,2,Month-to-month,53.23,103.81,Mailed check,1,DSL,No,No
CUST-00289,1,Month-to-month,72.57,71.45,Credit card (automatic),2,DSL,Yes,Yes
CUST-00290,56,One year,91.52,5262.00,Credit card (automatic),1,Fiber optic,Yes,No
CUST-00291,6,Month-to-month,65.12,394.13,Electronic check,1,DSL,No,Yes
CUST-00292,28,One year,87.79,2502.28,Bank transfer (automatic),0,Fiber optic,Yes,No
CUST-00293,6,Two year,25.12,155.19,Credit card (automatic),1,No,Yes,No
CUST-00294,14,One year,19.05,270.36,Electronic check,0,No,Yes,No
CUST-00295,7,One year,50.4,342.61,Credit card (automatic),0,DSL,Yes,No
CUST-00296,35,Month-to-month,79.88,2757.79,Electronic check,1,Fiber optic,No,Yes
CUST-00297,31,Two year,82.69,2593.43,Bank transfer (automatic),3,Fiber optic,No,No
CUST-00298,8,Month-to-month,92.15,753.37,Mailed check,0,Fiber optic,Yes,Yes
CUST-00299,12,Month-to-month,46.75,575.91,Bank transfer (automatic),2,DSL,No,No
CUST-00300,23,Two year,43.91,983.11,Electronic check,1,DSL,Yes,No
CUST-00301,53,Two year,22.49,1159.91,Mailed check,1,No,No,No
CUST-00302,4,Two year,94.48,381.02,Bank transfer (automatic),3,Fiber optic,No,No
CUST-00303,2,Month-to-month,20.8,42.01,Bank transfer (automatic),2,No,No,No
CUST-00304,7,Month-to-month,48.71,339.83,Credit card (automatic),2,DSL,Yes,No
CUST-00305,29,Month-to-month,75.72,2255.07,Credit card (automatic),3,Fiber optic,Yes,No
CUST-00306,21,Two year,113.34,2435.32,Electronic check,0,Fiber optic,Yes,No
CUST-00307,29,Month-to-month,58.32,1682.52,Credit card (automatic),3,DSL,Yes,No
CUST-00308,40,Month-to-month,77.17,3097.53,Bank transfer (automatic),2,DSL,Yes,Yes
CUST-00309,2,Month-to-month,20.69,42.17,Bank transfer (automatic),1,No,Yes,Yes
CUST-00310,48,One year,99.87,4824.12,Electronic check,0,Fiber optic,Yes,No
CUST-00311,43,Month-to-month,63.16,2666.28,Electronic check,2,DSL,Yes,No
CUST-00312,1,Month-to-month,19.47,19.22,Electronic check,1,No,Yes,Yes
CUST-00313,16,One year,21.95,345.99,Credit card (automatic),0,No,Yes,No
CUST-00314,16,Month-to-month,60.14,958.61,Mailed check,5,DSL,No,Yes
CUST-00315,25,Month-to-month,94.69,2397.60,Electronic check,3,Fiber optic,No,No
CUST-00316,48,Two year,84.72,4059.22,Mailed check,2,Fiber optic,No,No
CUST-00317,19,One year,81.84,1596.92,Mailed check,2,Fiber optic,No,Yes
CUST-00318,8,Month-to-month,57.44,470.48,Bank transfer (automatic),0,DSL,No,No
CUST-00319,10,Month-to-month,76.09,769.01,Electronic check,2,DSL,No,No
CUST-00320,33,One year,22.52,722.88,Credit card (automatic),1,No,No,No
CUST-00321,26,One year,59.56,1531.21,Credit card (automatic),4,DSL,Yes,Yes
CUST-00322,30,Month-to-month,79.53,2432.21,Mailed check,2,Fiber optic,No,No
CUST-00323,17,Month-to-month,76.21,1269.93,Electronic check,1,DSL,Yes,Yes
CUST-00324,4,Month-to-month,23.2,94.98,Credit card (automatic),0,No,No,Yes
CUST-00325,34,Month-to-month,118.19,4056.30,Electronic check,3,Fiber optic,Yes,Yes
CUST-00326,29,Month-to-month,48.64,1425.35,Electronic check,0,DSL,No,No
CUST-00327,60,Two year,89.03,5228.25,Bank transfer (automatic),1,Fiber optic,Yes,No
CUST-00328,45,Month-to-month,86.22,3908.33,Electronic check,4,Fiber optic,Yes,Yes
CUST-00329,16,One year,86.19,1408.16,Bank transfer (automatic),2,Fiber optic,Yes,No
CUST-00330,28,Two year,71.6,1997.93,Mailed check,5,Fiber optic,Yes,No
CUST-00331,11,One year,22.29,238.39,Electronic check,1,No,Yes,Yes
CUST-00332,17,Month-to-month,99.68,1696.03,Bank transfer (automatic),3,Fiber optic,Yes,No
CUST-00333,19,One year,18.6,358.69,Bank transfer (automatic),0,No,No,No
CUST-00334,12,Two year,24.85,297.36,Bank transfer (automatic),0,No,No,No
CUST-00335,27,One year,19.76,528.94,Mailed check,2,No,Yes,No
CUST-00336,30,Two year,77.2,2359.62,Credit card (automatic),0,Fiber optic,Yes,No
CUST-00337,52,Two year,78.79,4031.32,Bank transfer (automatic),1,Fiber optic,Yes,No
CUST-00338,42,Month-to-month,90.56,3702.16,Bank transfer (automatic),1,Fiber optic,No,No
CUST-00339,48,Month-to-month,18.87,929.49,Mailed check,0,No,Yes,No
CUST-00340,54,Two year,110.16,5953.20,Credit card (automatic),2,Fiber optic,Yes,No
CUST-00341,37,Two year,67.25,2445.25,Credit card (automatic),3,DSL,No,No
CUST-00342,28,Month-to-month,59.69,1717.70,Bank transfer (automatic),0,DSL,No,Yes
CUST-00343,39,Month-to-month,22.0,881.49,Electronic check,1,No,Yes,No
CUST-00344,37,Month-to-month,21.3,803.37,Mailed check,1,No,Yes,No
CUST-00345,34,Two year,104.89,3595.20,Bank transfer (automatic),1,Fiber optic,Yes,No
CUST-00346,25,Month-to-month,77.2,1950.07,Credit card (automatic),1,DSL,Yes,No
CUST-00347,45,One year,96.98,4433.81,Electronic check,1,Fiber optic,Yes,Yes
CUST-00348,1,Two year,22.48,21.82,Bank transfer (automatic),0,No,No,No
CUST-00349,19,Month-to-month,95.46,1805.69,Electronic check,1,Fiber optic,No,No
CUST-00350,25,One year,114.37,2844.95,Mailed check,1,Fiber optic,No,No
CUST-00351,10,Month-to-month,65.64,657.48,Electronic check,0,DSL,Yes,No
CUST-00352,1,Month-to-month,112.63,111.27,Electronic check,3,Fiber optic,No,No
CUST-00353,13,One year,63.77,814.10,Bank transfer (automatic),0,DSL,Yes,No
CUST-00354,1,Month-to-month,104.04,101.42,Mailed check,1,Fiber optic,No,Yes
CUST-00355,14,Month-to-month,23.17,318.44,Electronic check,3,No,No,No
CUST-00356,50,One year,58.54,2960.16,Electronic check,2,DSL,No,No
CUST-00357,7,Month-to-month,76.69,536.62,Credit card (automatic),4,Fiber optic,Yes,No
CUST-00358,8,One year,57.86,474.83,Electronic check,2,DSL,Yes,No
CUST-00359,43,Two year,24.79,1047.27,Credit card (automatic),1,No,No,No
CUST-00360,1,Month-to-month,23.17,23.05,Bank transfer (automatic),4,No,Yes,Yes
CUST-00361,6,One year,76.84,454.78,Electronic check,3,DSL,No,No
CUST-00362,51,Month-to-month,20.34,1012.53,Credit card (automatic),1,No,No,No
CUST-00363,38,Two year,59.67,2207.78,Bank transfer (automatic),3,DSL,Yes,Yes
CUST-00364,7,Month-to-month,69.56,493.84,Electronic check,0,DSL,Yes,Yes
CUST-00365,32,Month-to-month,47.32,1558.22,Electronic check,1,DSL,Yes,No
CUST-00366,54,One year,74.8,4036.87,Electronic check,2,Fiber optic,Yes,No
CUST-00367,67,Month-to-month,106.7,6940.01,Electronic check,1,Fiber optic,Yes,Yes
CUST-00368,13,Month-to-month,102.43,1361.92,Electronic check,4,Fiber optic,Yes,No
CUST-00369,22,Month-to-month,60.0,1290.51,Mailed check,1,DSL,Yes,Yes
CUST-00370,48,Two year,44.93,2109.11,Bank transfer (automatic),1,DSL,Yes,No
CUST-00371,43,Two year,65.34,2738.15,Bank transfer (automatic),3,DSL,Yes,No
CUST-00372,49,Two year,102.59,4896.89,Electronic check,2,Fiber optic,No,No
CUST-00373,31,One year,84.65,2658.80,Electronic check,0,Fiber optic,No,No
CUST-00374,26,Month-to-month,74.38,1902.15,Electronic check,2,Fiber optic,Yes,Yes
CUST-00375,28,One year,60.85,1682.36,Mailed check,1,DSL,No,No
CUST-00376,6,Month-to-month,60.2,359.89,Credit card (automatic),2,DSL,No,No
CUST-00377,54,Two year,20.46,1090.60,Electronic check,2,No,No,No
CUST-00378,39,One year,97.49,3748.45,Electronic check,4,Fiber optic,No,Yes
CUST-00379,34,Month-to-month,64.65,2165.94,Credit card (automatic),1,DSL,No,No
CUST-00380,16,Month-to-month,76.08,1221.05,Bank transfer (automatic),1,DSL,Yes,No
CUST-00381,10,Month-to-month,24.05,238.25,Credit card (automatic),2,No,Yes,No
CUST-00382,3,Month-to-month,24.32,73.87,Bank transfer (automatic),3,No,No,No
CUST-00383,28,Two year,19.64,546.27,Bank transfer (automatic),1,No,Yes,No
CUST-00384,52,One year,59.18,3054.82,Credit card (automatic),2,DSL,No,No
CUST-00385,45,Two year,80.13,3688.71,Bank transfer (automatic),2,Fiber optic,Yes,Yes
CUST-00386,67,One year,49.31,3270.31,Bank transfer (automatic),0,DSL,No,No
CUST-00387,28,One year,94.64,2705.27,Electronic check,0,Fiber optic,No,No
CUST-00388,7,Month-to-month,20.35,144.98,Mailed check,1,No,Yes,No
CUST-00389,53,Month-to-month,80.46,4318.62,Bank transfer (automatic),1,Fiber optic,Yes,No
CUST-00390,60,One year,23.69,1405.02,Bank transfer (automatic),0,No,Yes,No
CUST-00391,7,Month-to-month,71.65,502.31,Mailed check,1,Fiber optic,No,Yes
CUST-00392,6,Month-to-month,69.88,407.99,Bank transfer (automatic),2,DSL,Yes,No
CUST-00393,58,Two year,75.21,4241.11,Electronic check,0,DSL,No,No
CUST-00394,10,Month-to-month,104.36,1021.77,Credit card (automatic),2,Fiber optic,Yes,Yes
CUST-00395,0,Month-to-month,79.41, ,Bank transfer (automatic),0,Fiber optic,Yes,Yes
CUST-00396,57,Month-to-month,23.77,1353.85,Credit card (automatic),2,No,No,No
CUST-00397,1,Month-to-month,94.47,96.32,Electronic check,1,Fiber optic,No,No
CUST-00398,46,Two year,23.03,1068.34,Credit card (automatic),5,No,No,Yes
CUST-00399,61,Two year,21.2,1287.60,Bank transfer (automatic),2,No,No,No
CUST-00400,57,Two year,49.43,2809.09,Electronic check,2,DSL,Yes,No
CUST-00401,19,Two year,43.33,847.53,Mailed check,2,DSL,No,No
CUST-00402,30,Month-to-month,23.81,709.51,Electronic check,0,No,Yes,No
CUST-00403,23,Month-to-month,90.8,2066.06,Electronic check,1,Fiber optic,No,No
CUST-00404,29,Two year,20.07,578.30,Electronic check,2,No,Yes,No
CUST-00405,39,Two year,100.37,4019.53,Electronic check,1,Fiber optic,No,No
CUST-00406,24,Two year,108.64,2539.24,Credit card (automatic),2,Fiber optic,Yes,No
CUST-00407,64,Month-to-month,22.22,1433.31,Credit card (automatic),1,No,No,No
CUST-00408,67,One year,107.12,7338.49,Mailed check,5,Fiber optic,Yes,Yes
CUST-00409,3,Month-to-month,86.51,259.84,Electronic check,0,Fiber optic,No,No
CUST-00410,29,Two year,66.27,1906.31,Electronic check,0,DSL,Yes,No
CUST-00411,54,Two year,100.03,5352.69,Bank transfer (automatic),2,Fiber optic,Yes,No
CUST-00412,16,Two year,78.45,1222.55,Electronic check,8,Fiber optic,Yes,Yes
CUST-00413,5,Month-to-month,106.0,531.15,Bank transfer (automatic),2,Fiber optic,Yes,Yes
CUST-00414,16,Month-to-month,107.06,1745.92,Credit card (automatic),2,Fiber optic,Yes,No
CUST-00415,32,One year,102.01,3313.68,Mailed check,1,Fiber optic,Yes,No
CUST-00416,12,Month-to-month,56.31,669.82,Mailed check,4,DSL,Yes,Yes
CUST-00417,6,Month-to-month,96.63,593.07,Electronic check,2,Fiber optic,Yes,Yes
CUST-00418,6,Month-to-month,91.36,536.63,Bank transfer (automatic),3,Fiber optic,No,No
CUST-00419,27,Month-to-month,42.61,1173.56,Electronic check,2,DSL,Yes,No
CUST-00420,17,One year,42.91,745.73,Mailed check,1,DSL,Yes,No
CUST-00421,1,One year,49.67,50.55,Electronic check,2,DSL,No,No
CUST-00422,64,Two year,114.51,7524.56,Electronic check,2,Fiber optic,Yes,No
CUST-00423,53,Month-to-month,100.78,5480.87,Credit card (automatic),0,Fiber optic,Yes,No
CUST-00424,17,Month-to-month,89.01,1469.38,Credit card (automatic),0,Fiber optic,Yes,Yes
CUST-00425,10,Month-to-month,64.6,646.52,Electronic check,0,DSL,Yes,No
CUST-00426,40,One year,18.73,733.12,Electronic check,1,No,No,No
CUST-00427,0,Month-to-month,46.3, ,Bank transfer (automatic),0,DSL,Yes,No
CUST-00428,14,Two year,73.94,1062.26,Credit card (automatic),3,Fiber optic,No,No
CUST-00429,33,Two year,24.38,804.67,Bank transfer (automatic),3,No,No,No
CUST-00430,1,Month-to-month,78.9,78.87,Credit card (automatic),1,DSL,Yes,Yes
CUST-00431,13,Month-to-month,50.64,663.74,Mailed check,3,DSL,No,Yes
CUST-00432,15,One year,21.87,321.57,Electronic check,0,No,No,Yes
CUST-00433,39,Two year,19.24,755.28,Credit card (automatic),0,No,Yes,No
CUST-00434,16,One year,112.99,1793.90,Mailed check,2,Fiber optic,No,Yes
CUST-00435,12,Month-to-month,48.17,579.49,Electronic check,3,DSL,Yes,Yes
CUST-00436,36,One year,95.59,3526.37,Bank transfer (automatic),1,Fiber optic,No,No
CUST-00437,3,Month-to-month,98.34,303.59,Electronic check,3,Fiber optic,Yes,Yes
CUST-00438,9,One year,93.43,822.50,Electronic check,0,Fiber optic,Yes,Yes
CUST-00439,21,Month-to-month,72.97,1525.58,Credit card (automatic),0,Fiber optic,Yes,No
CUST-00440,23,One year,67.45,1523.29,Electronic check,0,DSL,No,Yes
CUST-00441,1,One year,113.18,114.95,Bank transfer (automatic),0,Fiber optic,Yes,No
CUST-00442,9,Month-to-month,74.39,656.48,Bank transfer (automatic),2,Fiber optic,Yes,No
CUST-00443,39,Two year,105.49,4067.33,Credit card (automatic),1,Fiber optic,No,No
CUST-00444,12,One year,110.03,1329.17,Mailed check,1,Fiber optic,No,No
CUST-00445,4,Month-to-month,19.47,77.17,Bank transfer (automatic),1,No,No,Yes
CUST-00446,3,Month-to-month,25.71,76.90,Electronic check,0,No,Yes,No
CUST-00447,16,Two year,20.49,319.14,Mailed check,0,No,Yes,No
CUST-00448,37,Month-to-month,53.78,1986.18,Electronic check,3,DSL,Yes,Yes
CUST-00449,11,Month-to-month,63.15,695.09,Credit card (automatic),2,DSL,Yes,Yes
CUST-00450,61,Two year,24.39,1514.67,Electronic check,2,No,Yes,No
CUST-00451,2,Month-to-month,92.36,183.72,Electronic check,1,Fiber optic,No,Yes
CUST-00452,61,Month-to-month,96.61,5813.56,Bank transfer (automatic),3,Fiber optic,Yes,No
CUST-00453,35,Two year,100.08,3595.77,Bank transfer (automatic),1,Fiber optic,No,No
CUST-00454,48,Two year,108.64,5177.58,Credit card (automatic),2,Fiber optic,No,No
CUST-00455,65,Two year,66.04,4194.05,Bank transfer (automatic),0,DSL,Yes,No
CUST-00456,2,One year,19.52,39.79,Credit card (automatic),1,No,Yes,No
CUST-00457,21,One year,99.26,2037.13,Credit card (automatic),1,Fiber optic,No,No
CUST-00458,6,Month-to-month,80.38,481.68,Credit card (automatic),0,Fiber optic,No,No
CUST-00459,24,Month-to-month,91.25,2238.80,Electronic check,4,Fiber optic,Yes,Yes
CUST-00460,5,Month-to-month,24.74,125.89,Electronic check,2,No,No,Yes
CUST-00461,24,One year,19.18,465.34,Bank transfer (automatic),2,No,Yes,No
CUST-00462,40,One year,55.67,2234.31,Electronic check,2,DSL,Yes,Yes
CUST-00463,64,Two year,22.46,1465.86,Credit card (automatic),5,No,No,Yes
CUST-00464,40,Two year,112.45,4377.00,Bank transfer (automatic),2,Fiber optic,Yes,No
CUST-00465,22,Month-to-month,107.97,2442.76,Bank transfer (automatic),3,Fiber optic,Yes,No
CUST-00466,50,Two year,90.67,4399.33,Electronic check,1,Fiber optic,Yes,No
CUST-00467,54,Month-to-month,21.99,1188.82,Bank transfer (automatic),2,No,No,No
CUST-00468,20,Two year,73.3,1441.37,Electronic check,2,DSL,Yes,Yes
CUST-00469,7,Month-to-month,112.75,807.53,Mailed check,1,Fiber optic,Yes,No
CUST-00470,34,Month-to-month,95.77,3336.32,Electronic check,1,Fiber optic,No,Yes
CUST-00471,0,Month-to-month,79.71, ,Electronic check,1,Fiber optic,Yes,Yes
CUST-00472,32,One year,94.28,2972.62,Mailed check,1,Fiber optic,Yes,No
CUST-00473,51,Two year,76.24,3993.90,Credit card (automatic),0,DSL,No,No
CUST-00474,18,Month-to-month,22.83,415.97,Electronic check,1,No,Yes,No
CUST-00475,17,Month-to-month,24.05,418.66,Bank transfer (automatic),3,No,No,Yes
CUST-00476,8,Month-to-month,70.91,572.76,Mailed check,3,Fiber optic,Yes,Yes
CUST-00477,6,Month-to-month,65.59,405.00,Bank transfer (automatic),2,DSL,Yes,No
CUST-00478,9,Month-to-month,99.18,881.13,Bank transfer (automatic),2,Fiber optic,No,No
CUST-00479,59,Two year,93.01,5355.55,Bank transfer (automatic),0,Fiber optic,Yes,No
CUST-00480,11,Month-to-month,67.22,749.04,Credit card (automatic),2,DSL,No,No
CUST-00481,4,Month-to-month,24.73,99.27,Bank transfer (automatic),0,No,No,No
CUST-00482,40,Month-to-month,115.3,4702.13,Electronic check,3,Fiber optic,Yes,Yes
CUST-00483,9,Month-to-month,20.18,181.49,Electronic check,2,No,Yes,No
CUST-00484,36,Month-to-month,60.88,2246.37,Electronic check,1,DSL,No,No
CUST-00485,6,One year,53.47,320.93,Mailed check,2,DSL,Yes,Yes
CUST-00486,6,Month-to-month,90.41,553.54,Bank transfer (automatic),4,Fiber optic,Yes,Yes
CUST-00487,36,One year,60.66,2225.48,Credit card (automatic),0,DSL,No,No
CUST-00488,51,One year,108.28,5457.54,Bank transfer (automatic),1,Fiber optic,Yes,No
CUST-00489,7,One year,75.84,534.44,Mailed check,2,DSL,No,No
CUST-00490,47,Two year,63.88,2969.41,Credit card (automatic),1,DSL,No,Yes
CUST-00491,37,Two year,118.38,4395.69,Electronic check,2,Fiber optic,Yes,No
CUST-00492,7,Month-to-month,63.14,447.03,Electronic check,0,DSL,Yes,Yes
CUST-00493,6,Month-to-month,71.85,438.35,Electronic check,0,DSL,Yes,No
CUST-00494,3,Month-to-month,19.29,58.36,Credit card (automatic),2,No,No,Yes
CUST-00495,26,Month-to-month,18.31,489.33,Electronic check,1,No,Yes,No
CUST-00496,26,Month-to-month,71.32,1838.28,Credit card (automatic),0,Fiber optic,Yes,Yes
CUST-00497,2,Month-to-month,24.94,49.66,Bank transfer (automatic),2,No,No,No
CUST-00498,20,Month-to-month,45.22,907.31,Mailed check,3,DSL,Yes,Yes
CUST-00499,9,Month-to-month,22.85,207.01,Electronic check,2,No,Yes,No
CUST-00500,8,Month-to-month,63.48,507.94,Bank transfer (automatic),2,DSL,No,Yes
CUST-00501,27,Month-to-month,108.06,2881.00,Bank transfer (automatic),2,Fiber optic,No,Yes
CUST-00502,53,Two year,85.28,4443.31,Mailed check,2,Fiber optic,No,Yes
CUST-00503,53,One year,55.36,2963.88,Credit card (automatic),1,DSL,No,Yes
CUST-00504,1,One year,20.9,21.42,Electronic check,2,No,No,Yes
CUST-00505,29,Month-to-month,78.21,2318.33,Electronic check,2,Fiber optic,Yes,Yes
CUST-00506,25,Month-to-month,50.07,1259.11,Credit card (automatic),2,DSL,Yes,No
CUST-00507,28,Two year,79.63,2193.43,Bank transfer (automatic),2,Fiber optic,No,No
CUST-00508,1,Month-to-month,19.34,19.86,Mailed check,1,No,No,No
CUST-00509,3,Two year,24.03,71.78,Credit card (automatic),0,No,No,No
CUST-00510,5,Month-to-month,64.7,315.51,Credit card (automatic),1,DSL,Yes,No
CUST-00511,4,Month-to-month,97.75,395.01,Bank transfer (automatic),2,Fiber optic,No,No
CUST-00512,59,Month-to-month,67.13,4061.34,Bank transfer (automatic),2,DSL,No,Yes
CUST-00513,45,Month-to-month,20.84,918.68,Electronic check,1,No,Yes,Yes
CUST-00514,38,Two year,105.59,4025.92,Mailed check,3,Fiber optic,Yes,No
CUST-00515,2,Month-to-month,20.3,41.07,Electronic check,0,No,No,No
CUST-00516,49,Month-to-month,109.86,5261.04,Mailed check,2,Fiber optic,Yes,No
CUST-00517,31,One year,100.01,3077.87,Credit card (automatic),1,Fiber optic,Yes,No
CUST-00518,2,One year,72.41,146.07,Credit card (automatic),2,DSL,No,No
CUST-00519,11,Month-to-month,18.66,210.55,Bank transfer (automatic),1,No,Yes,No
CUST-00520,18,Month-to-month,111.11,1973.17,Credit card (automatic),1,Fiber optic,No,No
CUST-00521,3,Month-to-month,46.19,134.80,Credit card (automatic),2,DSL,No,Yes
CUST-00522,25,Month-to-month,23.26,588.03,Electronic check,1,No,Yes,No
CUST-00523,26,One year,50.8,1313.75,Credit card (automatic),2,DSL,Yes,No
CUST-00524,2,One year,72.28,148.16,Credit card (automatic),4,Fiber optic,Yes,Yes
CUST-00525,58,Two year,51.94,2963.42,Bank transfer (automatic),2,DSL,Yes,No
CUST-00526,19,Two year,21.27,393.82,Mailed check,0,No,Yes,No
CUST-00527,53,Two year,47.74,2558.36,Electronic check,2,DSL,No,No
CUST-00528,38,Month-to-month,74.86,2920.33,Electronic check,2,Fiber optic,Yes,Yes
CUST-00529,64,Month-to-month,78.67,5052.86,Mailed check,2,DSL,Yes,No
CUST-00530,38,One year,18.84,714.64,Credit card (automatic),2,No,Yes,No
CUST-00531,18,Two year,49.43,875.71,Electronic check,2,DSL,No,No
CUST-00532,42,Month-to-month,20.15,826.07,Bank transfer (automatic),1,No,No,No
CUST-00533,16,One year,85.46,1395.06,Electronic check,2,Fiber optic,No,No
CUST-00534,16,One year,76.4,1209.76,Electronic check,3,Fiber optic,Yes,No
CUST-00535,4,Month-to-month,110.94,433.96,Electronic check,3,Fiber optic,Yes,Yes
CUST-00536,31,Month-to-month,115.08,3547.32,Bank transfer (automatic),4,Fiber optic,No,Yes
CUST-00537,19,Month-to-month,96.76,1870.02,Credit card (automatic),2,Fiber optic,Yes,No
CUST-00538,29,Month-to-month,63.14,1826.85,Electronic check,2,DSL,No,Yes
CUST-00539,58,One year,78.67,4521.32,Electronic check,1,DSL,No,No
CUST-00540,31,Month-to-month,113.09,3458.10,Bank transfer (automatic),4,Fiber optic,No,Yes
CUST-00541,11,Month-to-month,21.31,234.27,Mailed check,1,No,Yes,No
CUST-00542,18,Month-to-month,107.0,1935.87,Bank transfer (automatic),2,Fiber optic,No,No
CUST-00543,9,Month-to-month,20.24,177.56,Electronic check,0,No,No,Yes
CUST-00544,26,One year,44.39,1154.59,Mailed check,1,DSL,No,No
CUST-00545,3,Month-to-month,71.08,207.99,Mailed check,0,Fiber optic,No,Yes
CUST-00546,11,Month-to-month,96.27,1049.13,Mailed check,0,Fiber optic,No,No
CUST-00547,2,Month-to-month,94.36,188.67,Electronic check,5,Fiber optic,No,Yes
CUST-00548,18,One year,19.38,347.94,Electronic check,1,No,Yes,Yes
CUST-00549,39,Month-to-month,111.59,4237.86,Bank transfer (automatic),2,Fiber optic,No,No
CUST-00550,3,Month-to-month,63.72,188.93,Bank transfer (automatic),1,DSL,Yes,Yes
CUST-00551,8,Two year,88.6,703.04,Electronic check,2,Fiber optic,Yes,Yes
CUST-00552,61,One year,94.66,5765.09,Bank transfer (automatic),1,Fiber optic,Yes,No
CUST-00553,3,One year,46.05,140.32,Credit card (automatic),1,DSL,Yes,No
CUST-00554,12,Two year,113.87,1329.08,Bank transfer (automatic),1,Fiber optic,Yes,Yes
CUST-00555,15,One year,84.16,1265.23,Electronic check,4,Fiber optic,No,No
CUST-00556,31,Month-to-month,78.51,2468.53,Electronic check,1,Fiber optic,Yes,Yes
CUST-00557,22,One year,58.0,1263.28,Credit card (automatic),2,DSL,No,Yes
CUST-00558,1,Month-to-month,83.71,83.03,Mailed check,3,Fiber optic,No,Yes
CUST-00559,36,Two year,20.56,742.07,Electronic check,2,No,Yes,No
CUST-00560,12,One year,72.51,895.28,Bank transfer (automatic),0,DSL,Yes,No
CUST-00561,4,One year,96.67,376.40,Credit card (automatic),3,Fiber optic,Yes,No
CUST-00562,0,Month-to-month,76.42, ,Bank transfer (automatic),2,DSL,No,No
CUST-00563,25,Month-to-month,77.09,1927.30,Electronic check,1,DSL,No,Yes
CUST-00564,27,Two year,25.69,688.31,Mailed check,0,No,Yes,No
CUST-00565,4,Month-to-month,76.41,309.40,Credit card (automatic),3,Fiber optic,Yes,No
CUST-00566,5,Month-to-month,75.15,365.73,Mailed check,3,DSL,Yes,Yes
CUST-00567,69,Two year,53.22,3640.13,Credit card (automatic),3,DSL,No,No
CUST-00568,20,Month-to-month,100.68,1953.33,Mailed check,4,Fiber optic,Yes,Yes
CUST-00569,12,One year,112.79,1354.66,Credit card (automatic),2,Fiber optic,No,No
CUST-00570,23,Month-to-month,45.88,1028.92,Mailed check,0,DSL,No,Yes
CUST-00571,22,Two year,19.39,435.27,Credit card (automatic),0,No,Yes,No
CUST-00572,68,One year,105.74,7347.61,Mailed check,0,Fiber optic,No,No
CUST-00573,14,One year,55.12,783.28,Mailed check,4,DSL,No,Yes
CUST-00574,1,One year,66.34,64.70,Bank transfer (automatic),0,DSL,Yes,No
CUST-00575,58,Two year,75.56,4321.21,Electronic check,3,Fiber optic,No,No
CUST-00576,6,Month-to-month,25.54,148.72,Electronic check,3,No,Yes,No
CUST-00577,35,One year,22.01,781.79,Credit card (automatic),0,No,Yes,Yes
CUST-00578,38,Two year,74.19,2880.02,Electronic check,2,DSL,Yes,No
CUST-00579,12,Month-to-month,67.07,807.50,Bank transfer (automatic),1,DSL,Yes,Yes
CUST-00580,18,Month-to-month,77.14,1421.61,Electronic check,2,DSL,No,Yes
CUST-00581,15,One year,97.81,1427.59,Mailed check,0,Fiber optic,No,No
CUST-00582,27,Month-to-month,53.65,1452.61,Bank transfer (automatic),3,DSL,No,Yes
CUST-00583,36,Month-to-month,99.91,3655.11,Electronic check,2,Fiber optic,Yes,Yes
CUST-00584,18,Month-to-month,25.73,472.55,Bank transfer (automatic),2,No,No,Yes
CUST-00585,21,Month-to-month,72.18,1477.76,Bank transfer (automatic),2,DSL,Yes,No
CUST-00586,8,Month-to-month,59.06,469.04,Credit card (automatic),4,DSL,Yes,Yes
CUST-00587,7,Two year,24.37,166.13,Electronic check,0,No,No,No
CUST-00588,29,Two year,23.52,686.47,Bank transfer (automatic),1,No,No,No
CUST-00589,7,Month-to-month,25.29,175.21,Electronic check,2,No,Yes,No
CUST-00590,33,One year,55.78,1888.64,Mailed check,3,DSL,Yes,No
CUST-00591,63,Two year,71.97,4479.66,Electronic check,1,Fiber optic,No,No
CUST-00592,23,One year,45.65,1051.13,Electronic check,1,DSL,No,No
CUST-00593,28,Two year,107.41,2945.33,Credit card (automatic),3,Fiber optic,Yes,Yes
CUST-00594,41,Two year,23.43,952.69,Credit card (automatic),0,No,Yes,No
CUST-00595,1,Month-to-month,69.19,71.02,Mailed check,1,DSL,Yes,No
CUST-00596,0,One year,102.55, ,Credit card (automatic),3,Fiber optic,No,No
CUST-00597,37,Month-to-month,92.28,3476.94,Credit card (automatic),2,Fiber optic,Yes,No
CUST-00598,0,Month-to-month,44.98, ,Electronic check,2,DSL,No,Yes
CUST-00599,9,Month-to-month,72.91,641.47,Credit card (automatic),3,DSL,Yes,No
CUST-00600,16,Two year,78.81,1280.57,Credit card (automatic),0,Fiber optic,Yes,No
CUST-00601,8,Month-to-month,118.26,937.88,Credit card (automatic),1,Fiber optic,Yes,Yes
CUST-00602,13,Month-to-month,19.79,254.05,Credit card (automatic),0,No,Yes,No
CUST-00603,1,Month-to-month,74.08,75.73,Mailed check,2,Fiber optic,Yes,Yes
CUST-00604,66,Two year,88.31,5787.25,Credit card (automatic),1,Fiber optic,Yes,No
CUST-00605,20,Month-to-month,85.87,1762.77,Credit card (automatic),2,Fiber optic,Yes,No
CUST-00606,37,Month-to-month,117.61,4233.58,Electronic check,2,Fiber optic,No,No
CUST-00607,2,Month-to-month,56.86,112.69,Electronic check,1,DSL,Yes,Yes
CUST-00608,3,Month-to-month,72.27,219.93,Electronic check,1,Fiber optic,No,No
CUST-00609,4,Month-to-month,118.12,462.13,Mailed check,2,Fiber optic,Yes,No
CUST-00610,31,Month-to-month,71.13,2148.88,Credit card (automatic),3,DSL,Yes,Yes
CUST-00611,36,Month-to-month,118.65,4279.90,Credit card (automatic),4,Fiber optic,Yes,Yes
CUST-00612,51,Month-to-month,20.63,1060.19,Electronic check,0,No,No,No
CUST-00613,28,Month-to-month,46.79,1272.78,Bank transfer (automatic),2,DSL,Yes,No
CUST-00614,26,Two year,89.39,2325.04,Mailed check,1,Fiber optic,No,No
CUST-00615,27,Two year,76.82,2098.11,Credit card (automatic),2,Fiber optic,Yes,No
CUST-00616,8,Month-to-month,77.16,621.70,Credit card (automatic),3,Fiber optic,Yes,No
CUST-00617,48,Month-to-month,75.36,3534.15,Credit card (automatic),2,DSL,Yes,No
CUST-00618,67,Month-to-month,118.45,8111.96,Bank transfer (automatic),4,Fiber optic,Yes,Yes
CUST-00619,21,Month-to-month,118.48,2427.42,Credit card (automatic),3,Fiber optic,Yes,Yes
CUST-00620,33,Month-to-month,58.46,1919.38,Bank transfer (automatic),2,DSL,No,No
CUST-00621,6,Month-to-month,51.21,302.64,Bank transfer (automatic),2,DSL,No,No
CUST-00622,24,One year,19.54,472.42,Credit card (automatic),2,No,Yes,No
CUST-00623,31,Month-to-month,21.12,649.36,Mailed check,2,No,Yes,Yes
CUST-00624,1,Month-to-month,99.2,99.31,Credit card (automatic),4,Fiber optic,No,Yes
CUST-00625,35,One year,106.25,3769.89,Bank transfer (automatic),3,Fiber optic,Yes,Yes
CUST-00626,28,Month-to-month,61.3,1711.48,Credit card (automatic),0,DSL,Yes,No
CUST-00627,59,Two year,111.08,6628.73,Credit card (automatic),0,Fiber optic,Yes,No
CUST-00628,19,One year,75.98,1475.00,Mailed check,2,DSL,Yes,Yes
CUST-00629,61,One year,113.18,6778.33,Electronic check,1,Fiber optic,Yes,No
CUST-00630,69,Month-to-month,21.02,1447.07,Electronic check,3,No,No,No
CUST-00631,5,Month-to-month,25.38,127.95,Electronic check,2,No,Yes,Yes
CUST-00632,5,Month-to-month,25.17,126.65,Electronic check,2,No,Yes,No
CUST-00633,18,Two year,90.07,1612.55,Credit card (automatic),3,Fiber optic,Yes,No
CUST-00634,42,One year,57.84,2394.22,Electronic check,1,DSL,Yes,Yes
CUST-00635,67,Two year,18.84,1225.66,Credit card (automatic),1,No,No,No
CUST-00636,64,Two year,76.61,5035.86,Mailed check,4,DSL,Yes,Yes
CUST-00637,7,Month-to-month,74.31,506.94,Credit card (automatic),1,Fiber optic,No,No
CUST-00638,2,Two year,93.94,187.33,Credit card (automatic),3,Fiber optic,Yes,No
CUST-00639,9,Month-to-month,105.17,942.21,Credit card (automatic),2,Fiber optic,No,Yes
CUST-00640,29,Month-to-month,112.88,3356.65,Mailed check,0,Fiber optic,No,No
CUST-00641,9,Two year,97.84,865.42,Mailed check,2,Fiber optic,Yes,No
CUST-00642,9,One year,103.28,944.95,Credit card (automatic),2,Fiber optic,No,No
CUST-00643,26,One year,68.35,1735.88,Electronic check,2,DSL,No,No
CUST-00644,0,Month-to-month,70.78, ,Mailed check,3,Fiber optic,Yes,Yes
CUST-00645,20,One year,115.95,2257.68,Electronic check,1,Fiber optic,No,No
CUST-00646,41,One year,87.55,3688.33,Bank transfer (automatic),2,Fiber optic,Yes,No
CUST-00647,16,Two year,48.96,763.30,Bank transfer (automatic),0,DSL,No,No
CUST-00648,14,Two year,93.08,1277.12,Bank transfer (automatic),3,Fiber optic,Yes,Yes
CUST-00649,29,Two year,23.75,699.26,Electronic check,0,No,No,No
CUST-00650,63,Two year,24.46,1567.99,Mailed check,1,No,No,No
CUST-00651,16,One year,105.08,1638.87,Credit card (automatic),0,Fiber optic,Yes,No
CUST-00652,38,Two year,89.51,3338.61,Electronic check,2,Fiber optic,No,No
CUST-00653,40,One year,67.31,2638.49,Mailed check,1,DSL,Yes,No
CUST-00654,34,Month-to-month,91.05,3132.81,Electronic check,4,Fiber optic,No,Yes
CUST-00655,10,Month-to-month,118.11,1204.87,Electronic check,0,Fiber optic,Yes,Yes
CUST-00656,16,One year,118.58,1866.10,Mailed check,2,Fiber optic,Yes,No
CUST-00657,10,Month-to-month,82.18,842.59,Credit card (automatic),1,Fiber optic,No,No
CUST-00658,0,One year,21.87, ,Credit card (automatic),1,No,No,No
CUST-00659,63,Month-to-month,98.11,6022.75,Electronic check,3,Fiber optic,Yes,No
CUST-00660,48,One year,101.02,4919.84,Electronic check,3,Fiber optic,No,No
CUST-00661,1,Month-to-month,58.29,56.79,Bank transfer (automatic),2,DSL,Yes,Yes
CUST-00662,34,Month-to-month,95.56,3320.43,Credit card (automatic),1,Fiber optic,No,Yes
CUST-00663,8,One year,97.02,797.43,Electronic check,1,Fiber optic,No,No
CUST-00664,59,One year,56.62,3255.99,Electronic check,1,DSL,Yes,No
CUST-00665,4,Month-to-month,85.62,340.52,Bank transfer (automatic),1,Fiber optic,Yes,No
CUST-00666,0,Month-to-month,65.6, ,Electronic check,1,DSL,No,No
CUST-00667,47,Two year,91.55,4394.94,Electronic check,1,Fiber optic,Yes,No
CUST-00668,42,Two year,117.39,5065.94,Electronic check,1,Fiber optic,No,No
CUST-00669,4,Month-to-month,56.18,224.29,Electronic check,2,DSL,Yes,Yes
CUST-00670,55,Two year,49.63,2730.48,Electronic check,1,DSL,No,No
CUST-00671,39,Two year,58.03,2215.55,Credit card (automatic),3,DSL,Yes,No
CUST-00672,16,One year,102.03,1601.91,Bank transfer (automatic),3,Fiber optic,Yes,No
CUST-00673,19,One year,58.58,1132.81,Electronic check,3,DSL,No,No
CUST-00674,31,Two year,52.9,1635.64,Mailed check,2,DSL,No,No
CUST-00675,52,Two year,21.96,1159.78,Electronic check,0,No,Yes,No
CUST-00676,34,Two year,91.79,3122.70,Bank transfer (automatic),2,Fiber optic,No,No
CUST-00677,46,Two year,116.03,5478.69,Electronic check,5,Fiber optic,Yes,Yes
CUST-00678,51,Month-to-month,43.19,2159.13,Credit card (automatic),2,DSL,No,No
CUST-00679,55,Month-to-month,56.88,3047.86,Electronic check,2,DSL,Yes,No
CUST-00680,21,Month-to-month,86.62,1805.03,Bank transfer (automatic),1,Fiber optic,Yes,No
CUST-00681,6,Month-to-month,80.89,494.16,Mailed check,2,Fiber optic,Yes,Yes
CUST-00682,3,Month-to-month,96.63,288.56,Credit card (automatic),0,Fiber optic,Yes,Yes
CUST-00683,30,Month-to-month,64.85,1971.36,Electronic check,0,DSL,Yes,No
CUST-00684,59,One year,42.87,2554.77,Electronic check,0,DSL,No,No
CUST-00685,20,Month-to-month,23.32,477.76,Electronic check,0,No,No,No
CUST-00686,45,Two year,88.66,4011.47,Electronic check,1,Fiber optic,Yes,No
CUST-00687,0,Month-to-month,115.0, ,Electronic check,3,Fiber optic,Yes,No
CUST-00688,25,Month-to-month,69.56,1740.30,Bank transfer (automatic),0,DSL,No,No
CUST-00689,15,One year,61.2,896.39,Bank transfer (automatic),3,DSL,No,No
CUST-00690,4,Two year,116.39,453.15,Electronic check,0,Fiber optic,Yes,No
CUST-00691,17,One year,23.41,386.25,Credit card (automatic),0,No,Yes,No
CUST-00692,33,One year,109.39,3683.46,Electronic check,2,Fiber optic,Yes,No
CUST-00693,25,Month-to-month,116.62,2891.97,Bank transfer (automatic),2,Fiber optic,No,No
CUST-00694,19,Month-to-month,24.93,462.62,Credit card (automatic),0,No,No,Yes
CUST-00695,51,Two year,45.07,2312.06,Credit card (automatic),4,DSL,Yes,Yes
CUST-00696,50,Two year,50.15,2492.12,Mailed check,3,DSL,Yes,No
CUST-00697,9,Month-to-month,65.42,578.45,Bank transfer (automatic),2,DSL,Yes,Yes
CUST-00698,13,Month-to-month,77.84,1021.52,Electronic check,1,Fiber optic,Yes,No
CUST-00699,49,One year,21.74,1059.84,Electronic check,2,No,No,No
CUST-00700,49,One year,93.41,4547.22,Bank transfer (automatic),2,Fiber optic,Yes,No
CUST-00701,24,One year,21.72,532.38,Bank transfer (automatic),5,No,No,No
CUST-00702,61,Two year,72.44,4524.61,Electronic check,0,DSL,Yes,No
CUST-00703,4,One year,93.86,380.13,Electronic check,2,Fiber optic,Yes,No
CUST-00704,48,Two year,112.35,5532.06,Electronic check,1,Fiber optic,Yes,No
CUST-00705,18,One year,70.66,1297.44,Bank transfer (automatic),4,DSL,No,Yes
CUST-00706,11,Month-to-month,65.89,708.20,Bank transfer (automatic),1,DSL,No,No
CUST-00707,41,One year,22.58,936.11,Bank transfer (automatic),0,No,No,No
CUST-00708,18,One year,81.32,1424.79,Electronic check,3,Fiber optic,Yes,No
CUST-00709,40,Two year,107.44,4209.85,Credit card (automatic),3,Fiber optic,No,No
CUST-00710,26,One year,24.28,650.15,Mailed check,0,No,Yes,Yes
CUST-00711,21,Month-to-month,93.86,2011.04,Bank transfer (automatic),9,Fiber optic,Yes,Yes
CUST-00712,10,One year,50.52,497.72,Electronic check,5,DSL,No,Yes
CUST-00713,0,One year,107.06, ,Mailed check,2,Fiber optic,No,Yes
CUST-00714,37,Two year,24.25,886.49,Electronic check,1,No,No,No
CUST-00715,29,Two year,97.65,2910.10,Bank transfer (automatic),4,Fiber optic,Yes,Yes
CUST-00716,9,One year,67.88,604.41,Bank transfer (automatic),0,DSL,Yes,No
CUST-00717,5,Month-to-month,107.72,539.82,Bank transfer (automatic),0,Fiber optic,Yes,No
CUST-00718,35,One year,53.11,1909.76,Electronic check,1,DSL,No,No
CUST-00719,43,One year,20.37,867.16,Credit card (automatic),0,No,Yes,No
CUST-00720,4,Month-to-month,68.27,266.48,Electronic check,4,DSL,No,Yes
CUST-00721,17,Two year,94.98,1643.46,Electronic check,1,Fiber optic,No,No
CUST-00722,3,Month-to-month,61.15,179.63,Electronic check,0,DSL,Yes,Yes
CUST-00723,9,Month-to-month,77.4,704.82,Mailed check,2,DSL,Yes,No
CUST-00724,0,Month-to-month,108.97, ,Electronic check,1,Fiber optic,Yes,No
CUST-00725,44,Month-to-month,20.17,863.60,Bank transfer (automatic),2,No,Yes,Yes
CUST-00726,23,Month-to-month,21.3,481.49,Electronic check,6,No,Yes,Yes
CUST-00727,58,Two year,72.71,4133.88,Electronic check,1,DSL,No,No
CUST-00728,42,One year,45.17,1886.40,Bank transfer (automatic),2,DSL,Yes,No
CUST-00729,1,Month-to-month,85.65,84.29,Bank transfer (automatic),0,Fiber optic,No,No
CUST-00730,44,Month-to-month,20.8,941.67,Mailed check,0,No,No,No
CUST-00731,60,One year,56.71,3358.47,Electronic check,0,DSL,Yes,No
CUST-00732,10,Month-to-month,51.93,513.51,Mailed check,0,DSL,Yes,Yes
CUST-00733,9,Month-to-month,101.29,892.80,Electronic check,5,Fiber optic,Yes,Yes
CUST-00734,0,Month-to-month,56.88, ,Electronic check,0,DSL,Yes,No
CUST-00735,54,Two year,96.43,5310.12,Mailed check,3,Fiber optic,No,Yes
CUST-00736,26,One year,83.29,2227.19,Bank transfer (automatic),1,Fiber optic,No,No
CUST-00737,34,Month-to-month,73.85,2498.98,Bank transfer (automatic),2,DSL,Yes,No
CUST-00738,53,Two year,49.99,2711.86,Electronic check,0,DSL,Yes,No
CUST-00739,44,One year,112.77,5072.16,Electronic check,2,Fiber optic,Yes,No
CUST-00740,27,One year,78.73,2149.22,Electronic check,2,Fiber optic,Yes,No
CUST-00741,11,Two year,88.04,986.30,Mailed check,3,Fiber optic,Yes,No
CUST-00742,10,Month-to-month,70.86,718.52,Credit card (automatic),1,DSL,Yes,Yes
CUST-00743,9,One year,60.43,549.71,Mailed check,2,DSL,Yes,Yes
CUST-00744,1,Month-to-month,51.13,50.33,Credit card (automatic),3,DSL,No,Yes
CUST-00745,54,Month-to-month,66.65,3613.14,Credit card (automatic),1,DSL,Yes,No
CUST-00746,6,Month-to-month,76.22,445.72,Mailed check,1,Fiber optic,Yes,No
CUST-00747,9,Month-to-month,80.5,729.13,Credit card (automatic),3,Fiber optic,No,Yes
CUST-00748,48,One year,51.85,2512.43,Bank transfer (automatic),2,DSL,No,Yes
CUST-00749,54,Month-to-month,63.77,3505.82,Credit card (automatic),1,DSL,Yes,No
CUST-00750,25,One year,62.6,1565.66,Electronic check,2,DSL,Yes,No
CUST-00751,1,One year,95.33,93.40,Bank transfer (automatic),3,Fiber optic,Yes,No
CUST-00752,63,Month-to-month,74.75,4684.99,Credit card (automatic),2,Fiber optic,Yes,No
CUST-00753,42,One year,108.03,4663.12,Bank transfer (automatic),1,Fiber optic,Yes,No
CUST-00754,23,One year,47.3,1111.91,Credit card (automatic),0,DSL,No,No
CUST-00755,56,One year,25.29,1457.55,Credit card (automatic),1,No,No,No
CUST-00756,19,Month-to-month,44.87,848.44,Credit card (automatic),2,DSL,Yes,Yes
CUST-00757,8,Month-to-month,112.9,919.64,Electronic check,1,Fiber optic,Yes,No
CUST-00758,0,Month-to-month,84.52, ,Credit card (automatic),4,Fiber optic,Yes,Yes
CUST-00759,23,Month-to-month,104.12,2345.28,Bank transfer (automatic),1,Fiber optic,Yes,Yes
CUST-00760,48,Two year,86.24,4262.99,Electronic check,1,Fiber optic,No,No
CUST-00761,27,Month-to-month,68.71,1901.97,Mailed check,1,DSL,Yes,No
CUST-00762,67,Two year,60.01,4127.52,Credit card (automatic),4,DSL,Yes,Yes
CUST-00763,5,One year,95.68,465.27,Bank transfer (automatic),3,Fiber optic,Yes,Yes
CUST-00764,1,Month-to-month,23.62,23.51,Mailed check,3,No,Yes,Yes
CUST-00765,12,Month-to-month,19.25,233.04,Bank transfer (automatic),1,No,No,No
CUST-00766,31,Two year,20.25,643.11,Credit card (automatic),1,No,Yes,No
CUST-00767,22,One year,110.99,2426.08,Bank transfer (automatic),8,Fiber optic,Yes,Yes
CUST-00768,50,Two year,71.25,3606.69,Electronic check,0,DSL,No,No
CUST-00769,0,Month-to-month,25.68, ,Bank transfer (automatic),2,No,No,No
CUST-00770,28,One year,43.34,1208.70,Electronic check,2,DSL,Yes,No
CUST-00771,19,Month-to-month,76.93,1489.70,Bank transfer (automatic),1,Fiber optic,No,No
CUST-00772,65,Two year,86.44,5456.44,Bank transfer (automatic),1,Fiber optic,No,No
CUST-00773,1,Month-to-month,23.45,23.35,Mailed check,2,No,Yes,Yes
CUST-00774,59,One year,20.62,1241.20,Bank transfer (automatic),2,No,No,No
CUST-00775,36,Month-to-month,55.09,1975.11,Electronic check,3,DSL,No,No
CUST-00776,55,One year,81.09,4353.08,Electronic check,2,Fiber optic,Yes,No
CUST-00777,49,One year,25.07,1232.57,Mailed check,2,No,No,No
CUST-00778,1,Month-to-month,22.36,22.21,Credit card (automatic),1,No,Yes,No
CUST-00779,59,Two year,48.31,2817.72,Bank transfer (automatic),1,DSL,No,No
CUST-00780,17,One year,98.38,1708.72,Credit card (automatic),4,Fiber optic,Yes,No
CUST-00781,7,Month-to-month,77.78,542.53,Electronic check,4,Fiber optic,Yes,No
CUST-00782,33,One year,83.25,2697.41,Electronic check,3,Fiber optic,No,No
CUST-00783,19,Two year,67.84,1258.25,Electronic check,1,DSL,Yes,No
CUST-00784,9,Month-to-month,106.96,987.45,Credit card (automatic),2,Fiber optic,Yes,Yes
CUST-00785,6,Month-to-month,21.5,130.61,Bank transfer (automatic),2,No,Yes,No
CUST-00786,43,One year,78.15,3283.45,Electronic check,2,Fiber optic,Yes,No
CUST-00787,22,One year,80.31,1721.38,Credit card (automatic),2,Fiber optic,Yes,No
CUST-00788,43,Two year,62.14,2678.67,Mailed check,0,DSL,No,No
CUST-00789,14,One year,98.71,1369.40,Bank transfer (automatic),2,Fiber optic,No,No
CUST-00790,48,Two year,74.12,3581.83,Credit card (automatic),1,DSL,Yes,No
CUST-00791,33,Month-to-month,83.07,2763.94,Mailed check,3,Fiber optic,No,Yes
CUST-00792,71,Two year,64.78,4553.62,Credit card (automatic),2,DSL,Yes,No
CUST-00793,8,Month-to-month,70.13,559.78,Bank transfer (automatic),4,Fiber optic,Yes,Yes
CUST-00794,21,Month-to-month,59.65,1281.44,Credit card (automatic),3,DSL,Yes,Yes
CUST-00795,6,Month-to-month,89.41,546.02,Mailed check,1,Fiber optic,No,Yes
CUST-00796,10,One year,75.86,766.83,Electronic check,4,Fiber optic,No,Yes
CUST-00797,8,Month-to-month,74.94,612.40,Electronic check,1,DSL,Yes,No
CUST-00798,29,Month-to-month,75.27,2213.86,Electronic check,0,Fiber optic,No,No
CUST-00799,10,Month-to-month,20.24,205.04,Mailed check,3,No,Yes,No
CUST-00800,16,One year,69.22,1103.98,Mailed check,0,DSL,Yes,No
CUST-00801,65,One year,19.61,1267.35,Electronic check,0,No,No,No
CUST-00802,37,Two year,73.74,2687.02,Bank transfer (automatic),3,Fiber optic,No,No
CUST-00803,36,Month-to-month,117.26,4329.24,Credit card (automatic),3,Fiber optic,Yes,Yes
CUST-00804,6,Month-to-month,84.31,508.89,Mailed check,3,Fiber optic,Yes,Yes
CUST-00805,7,Month-to-month,44.71,317.16,Credit card (automatic),0,DSL,No,Yes
CUST-00806,2,Month-to-month,76.88,149.64,Mailed check,7,Fiber optic,Yes,No
CUST-00807,9,Two year,50.6,465.27,Electronic check,2,DSL,Yes,No
CUST-00808,59,One year,77.39,4484.41,Credit card (automatic),1,DSL,Yes,No
CUST-00809,48,Two year,70.78,3431.52,Credit card (automatic),1,Fiber optic,No,No
CUST-00810,3,One year,71.36,209.82,Bank transfer (automatic),0,DSL,Yes,Yes
CUST-00811,22,Two year,24.11,517.28,Credit card (automatic),2,No,No,No
CUST-00812,1,Month-to-month,60.69,59.76,Mailed check,0,DSL,Yes,No
CUST-00813,17,Two year,25.25,425.44,Electronic check,3,No,No,No
CUST-00814,64,Two year,70.65,4407.06,Credit card (automatic),2,Fiber optic,No,No
CUST-00815,10,Month-to-month,94.14,928.81,Electronic check,1,Fiber optic,No,Yes
CUST-00816,51,Month-to-month,82.36,4222.69,Credit card (automatic),1,Fiber optic,Yes,Yes
CUST-00817,17,Month-to-month,70.23,1191.97,Electronic check,1,DSL,No,No
CUST-00818,55,Two year,48.81,2721.00,Bank transfer (automatic),1,DSL,Yes,No
CUST-00819,0,Month-to-month,112.66, ,Credit card (automatic),2,Fiber optic,Yes,No
CUST-00820,30,Month-to-month,89.77,2707.52,Credit card (automatic),2,Fiber optic,Yes,No
CUST-00821,30,Month-to-month,76.62,2341.84,Credit card (automatic),1,Fiber optic,Yes,No
CUST-00822,24,Month-to-month,18.51,447.98,Electronic check,3,No,Yes,No
CUST-00823,5,Month-to-month,103.61,506.13,Bank transfer (automatic),4,Fiber optic,Yes,Yes
CUST-00824,10,One year,115.26,1166.71,Credit card (automatic),1,Fiber optic,Yes,No
CUST-00825,11,Month-to-month,77.8,846.86,Electronic check,0,DSL,No,No
CUST-00826,2,One year,112.62,218.83,Bank transfer (automatic),2,Fiber optic,Yes,No
CUST-00827,67,Two year,56.68,3685.32,Electronic check,4,DSL,Yes,Yes
CUST-00828,4,One year,75.47,296.87,Mailed check,6,DSL,Yes,Yes
CUST-00829,17,One year,23.08,385.07,Electronic check,3,No,Yes,Yes
CUST-00830,55,Month-to-month,18.72,1022.99,Electronic check,3,No,Yes,No
CUST-00831,24,Two year,19.53,480.66,Bank transfer (automatic),1,No,Yes,No
CUST-00832,26,One year,88.77,2318.33,Credit card (automatic),4,Fiber optic,Yes,No
CUST-00833,24,Month-to-month,20.55,478.71,Bank transfer (automatic),1,No,No,No
CUST-00834,35,One year,54.73,1959.02,Mailed check,2,DSL,No,No
CUST-00835,10,Month-to-month,69.25,673.75,Mailed check,2,DSL,Yes,Yes
CUST-00836,3,One year,44.64,137.56,Credit card (automatic),1,DSL,No,No
CUST-00837,35,Month-to-month,99.53,3570.20,Electronic check,4,Fiber optic,No,Yes
CUST-00838,31,One year,86.41,2668.99,Bank transfer (automatic),2,Fiber optic,No,No
CUST-00839,38,One year,74.62,2845.83,Electronic check,0,DSL,Yes,No
CUST-00840,11,Month-to-month,18.68,204.20,Credit card (automatic),0,No,Yes,No
CUST-00841,23,Month-to-month,117.37,2633.12,Electronic check,2,Fiber optic,No,Yes
CUST-00842,5,Month-to-month,45.45,220.63,Mailed check,0,DSL,No,No
CUST-00843,58,One year,58.31,3376.49,Electronic check,0,DSL,Yes,No
CUST-00844,2,Month-to-month,24.68,50.62,Credit card (automatic),2,No,Yes,Yes
CUST-00845,10,Month-to-month,54.22,527.71,Credit card (automatic),2,DSL,No,No
CUST-00846,17,Month-to-month,111.44,1920.82,Mailed check,2,Fiber optic,Yes,Yes
CUST-00847,6,Month-to-month,77.56,455.33,Electronic check,1,DSL,No,No
CUST-00848,29,Month-to-month,19.17,563.57,Credit card (automatic),2,No,No,No
CUST-00849,33,Month-to-month,93.27,3069.31,Credit card (automatic),3,Fiber optic,Yes,Yes
CUST-00850,18,Two year,50.9,913.01,Electronic check,1,DSL,Yes,No
CUST-00851,1,Month-to-month,107.39,109.36,Bank transfer (automatic),3,Fiber optic,No,Yes
CUST-00852,6,Month-to-month,75.26,442.78,Credit card (automatic),0,Fiber optic,No,No
CUST-00853,2,Month-to-month,107.77,214.97,Bank transfer (automatic),3,Fiber optic,Yes,Yes
CUST-00854,41,Two year,23.32,931.97,Bank transfer (automatic),0,No,Yes,No
CUST-00855,22,Month-to-month,22.99,511.47,Mailed check,2,No,No,No
CUST-00856,64,One year,58.31,3665.23,Bank transfer (automatic),1,DSL,Yes,No
CUST-00857,27,Two year,60.76,1650.38,Credit card (automatic),1,DSL,Yes,No
CUST-00858,56,Two year,19.0,1059.48,Bank transfer (automatic),0,No,Yes,No
CUST-00859,50,Two year,83.16,4257.14,Bank transfer (automatic),4,Fiber optic,No,Yes
CUST-00860,31,Two year,75.75,2349.63,Electronic check,1,DSL,Yes,No
CUST-00861,31,One year,21.56,680.78,Credit card (automatic),2,No,Yes,No
CUST-00862,44,Month-to-month,57.16,2576.23,Mailed check,1,DSL,No,Yes
CUST-00863,11,Month-to-month,72.31,774.36,Credit card (automatic),4,Fiber optic,No,No
CUST-00864,22,One year,24.88,538.85,Mailed check,0,No,Yes,No
CUST-00865,34,Month-to-month,106.73,3547.36,Electronic check,2,Fiber optic,No,No
CUST-00866,22,One year,18.94,407.19,Bank transfer (automatic),3,No,No,No
CUST-00867,18,One year,19.38,338.91,Bank transfer (automatic),3,No,Yes,No
CUST-00868,29,One year,47.0,1367.70,Electronic check,3,DSL,Yes,No
CUST-00869,11,Month-to-month,101.84,1106.13,Credit card (automatic),2,Fiber optic,Yes,No
CUST-00870,62,Two year,19.44,1199.43,Electronic check,2,No,Yes,No
CUST-00871,0,Two year,25.71, ,Mailed check,3,No,No,No
CUST-00872,59,One year,97.97,5823.83,Mailed check,3,Fiber optic,Yes,No
CUST-00873,18,Month-to-month,74.17,1340.63,Electronic check,2,DSL,Yes,No
CUST-00874,5,Month-to-month,105.59,526.20,Bank transfer (automatic),0,Fiber optic,Yes,No
CUST-00875,14,Month-to-month,71.19,1002.14,Electronic check,3,Fiber optic,Yes,Yes
CUST-00876,41,One year,57.83,2323.61,Electronic check,3,DSL,Yes,Yes
CUST-00877,54,Two year,55.66,3006.82,Electronic check,2,DSL,Yes,No
CUST-00878,11,One year,116.42,1316.14,Mailed check,2,Fiber optic,Yes,No
CUST-00879,1,Month-to-month,86.49,88.80,Electronic check,3,Fiber optic,No,Yes
CUST-00880,1,Month-to-month,23.41,23.83,Mailed check,0,No,Yes,No
CUST-00881,18,Month-to-month,63.96,1158.94,Bank transfer (automatic),1,DSL,Yes,No
CUST-00882,8,Month-to-month,69.31,550.49,Mailed check,2,DSL,Yes,No
CUST-00883,30,Month-to-month,18.71,549.01,Electronic check,1,No,No,No
CUST-00884,55,Month-to-month,115.38,6485.63,Bank transfer (automatic),5,Fiber optic,Yes,Yes
CUST-00885,33,Month-to-month,78.65,2642.64,Credit card (automatic),1,DSL,Yes,Yes
CUST-00886,4,Month-to-month,62.68,249.63,Electronic check,3,DSL,Yes,Yes
CUST-00887,11,Month-to-month,48.48,536.01,Electronic check,1,DSL,Yes,No
CUST-00888,5,Month-to-month,74.15,371.78,Electronic check,3,DSL,Yes,Yes
CUST-00889,21,Month-to-month,66.06,1354.69,Electronic check,2,DSL,Yes,No
CUST-00890,15,Two year,22.93,348.86,Electronic check,2,No,No,No
CUST-00891,51,One year,74.71,3773.34,Mailed check,3,DSL,No,No
CUST-00892,19,Two year,105.66,1999.14,Bank transfer (automatic),2,Fiber optic,No,Yes
CUST-00893,55,Two year,114.84,6343.89,Mailed check,4,Fiber optic,Yes,Yes
CUST-00894,20,One year,116.68,2399.51,Mailed check,5,Fiber optic,No,Yes
CUST-00895,1,Month-to-month,20.84,20.98,Bank transfer (automatic),0,No,No,No
CUST-00896,3,Month-to-month,79.65,235.99,Bank transfer (automatic),3,Fiber optic,Yes,Yes
CUST-00897,11,Month-to-month,21.14,225.89,Mailed check,0,No,Yes,Yes
CUST-00898,49,One year,77.72,3764.45,Electronic check,3,DSL,Yes,Yes
CUST-00899,58,Month-to-month,19.69,1147.08,Mailed check,2,No,Yes,Yes
CUST-00900,19,Two year,64.02,1218.49,Mailed check,1,DSL,No,No
CUST-00901,2,One year,45.57,92.78,Electronic check,3,DSL,No,No
CUST-00902,26,One year,24.49,617.89,Electronic check,4,No,Yes,Yes
CUST-00903,65,Month-to-month,66.82,4454.80,Bank transfer (automatic),0,DSL,Yes,No
CUST-00904,15,Month-to-month,95.45,1459.97,Credit card (automatic),2,Fiber optic,Yes,No
CUST-00905,26,One year,65.43,1673.08,Electronic check,3,DSL,No,Yes
CUST-00906,4,Month-to-month,19.13,74.70,Electronic check,0,No,No,No
CUST-00907,29,Month-to-month,112.0,3291.45,Electronic check,0,Fiber optic,Yes,No
CUST-00908,36,Month-to-month,20.8,750.81,Electronic check,2,No,Yes,No
CUST-00909,56,Month-to-month,48.66,2769.34,Credit card (automatic),0,DSL,Yes,No
CUST-00910,29,Month-to-month,18.36,522.63,Credit card (automatic),3,No,Yes,Yes
CUST-00911,47,One year,72.96,3448.03,Credit card (automatic),4,Fiber optic,Yes,Yes
CUST-00912,0,Month-to-month,102.74, ,Credit card (automatic),2,Fiber optic,No,Yes
CUST-00913,43,Month-to-month,23.64,1041.42,Mailed check,2,No,Yes,No
CUST-00914,39,Two year,77.26,3100.01,Bank transfer (automatic),0,Fiber optic,Yes,No
CUST-00915,34,One year,99.53,3434.92,Bank transfer (automatic),3,Fiber optic,Yes,No
CUST-00916,0,One year,93.55, ,Electronic check,1,Fiber optic,Yes,No
CUST-00917,37,Month-to-month,76.61,2918.08,Bank transfer (automatic),3,DSL,Yes,No
CUST-00918,13,Month-to-month,102.43,1368.36,Bank transfer (automatic),0,Fiber optic,Yes,Yes
CUST-00919,12,Two year,61.44,757.87,Credit card (automatic),2,DSL,Yes,No
CUST-00920,11,One year,83.83,917.32,Electronic check,3,Fiber optic,Yes,Yes
CUST-00921,19,One year,21.71,403.21,Credit card (automatic),0,No,No,No
CUST-00922,25,Two year,82.05,2006.40,Mailed check,0,Fiber optic,No,No
CUST-00923,59,One year,23.34,1342.90,Mailed check,0,No,Yes,No
CUST-00924,1,Two year,64.12,62.20,Electronic check,1,DSL,Yes,No
CUST-00925,2,Month-to-month,20.47,40.68,Electronic check,4,No,Yes,Yes
CUST-00926,72,Two year,18.34,1357.82,Electronic check,4,No,Yes,Yes
CUST-00927,41,Two year,25.62,1023.80,Credit card (automatic),1,No,No,No
CUST-00928,16,One year,44.43,712.30,Mailed check,5,DSL,Yes,Yes
CUST-00929,26,One year,22.35,592.43,Electronic check,3,No,Yes,No
CUST-00930,30,Month-to-month,111.54,3438.29,Mailed check,2,Fiber optic,Yes,No
CUST-00931,0,Month-to-month,100.28, ,Electronic check,1,Fiber optic,Yes,No
CUST-00932,21,Two year,63.86,1353.49,Bank transfer (automatic),1,DSL,Yes,No
CUST-00933,2,Month-to-month,23.61,48.35,Electronic check,3,No,No,Yes
CUST-00934,0,One year,85.02, ,Bank transfer (automatic),1,Fiber optic,Yes,No
CUST-00935,13,Two year,21.17,274.69,Bank transfer (automatic),2,No,Yes,No
CUST-00936,17,Month-to-month,74.12,1241.30,Electronic check,1,Fiber optic,Yes,No
CUST-00937,4,Month-to-month,42.67,166.37,Electronic check,2,DSL,Yes,Yes
CUST-00938,22,Month-to-month,20.23,440.98,Credit card (automatic),5,No,Yes,Yes
CUST-00939,24,Month-to-month,24.36,587.69,Mailed check,2,No,Yes,Yes
CUST-00940,43,Two year,64.76,2865.25,Electronic check,1,DSL,No,No
CUST-00941,38,One year,47.57,1776.00,Credit card (automatic),1,DSL,No,No
CUST-00942,30,Month-to-month,90.79,2731.87,Bank transfer (automatic),3,Fiber optic,No,No
CUST-00943,39,Two year,70.95,2774.01,Electronic check,2,Fiber optic,No,No
CUST-00944,26,One year,24.27,617.45,Mailed check,1,No,No,No
CUST-00945,57,One year,92.48,5121.59,Bank transfer (automatic),4,Fiber optic,Yes,Yes
CUST-00946,49,One year,83.5,4204.90,Electronic check,3,Fiber optic,Yes,No
CUST-00947,35,One year,70.46,2534.40,Mailed check,1,DSL,No,No
CUST-00948,20,Month-to-month,117.3,2328.05,Mailed check,2,Fiber optic,Yes,No
CUST-00949,22,Two year,89.66,1937.41,Credit card (automatic),4,Fiber optic,Yes,Yes
CUST-00950,55,Two year,107.32,6010.53,Electronic check,2,Fiber optic,Yes,No
CUST-00951,23,One year,85.66,1929.26,Mailed check,3,Fiber optic,Yes,No
CUST-00952,26,Two year,23.94,635.60,Electronic check,1,No,Yes,No
CUST-00953,60,One year,117.05,6997.16,Electronic check,3,Fiber optic,Yes,No
CUST-00954,13,Month-to-month,66.17,839.86,Electronic check,3,DSL,Yes,No
CUST-00955,2,Month-to-month,81.65,167.94,Credit card (automatic),0,Fiber optic,Yes,No
CUST-00956,1,Month-to-month,67.62,65.79,Mailed check,2,DSL,No,No
CUST-00957,40,One year,111.17,4414.21,Electronic check,2,Fiber optic,Yes,No
CUST-00958,48,One year,57.2,2764.10,Electronic check,3,DSL,No,No
CUST-00959,29,Month-to-month,22.92,652.64,Bank transfer (automatic),2,No,No,No
CUST-00960,61,Two year,82.31,5060.26,Mailed check,1,Fiber optic,No,No
CUST-00961,39,One year,21.66,845.43,Electronic check,0,No,No,No
CUST-00962,55,One year,78.08,4308.67,Mailed check,5,Fiber optic,Yes,No
CUST-00963,3,Month-to-month,110.73,329.18,Electronic check,0,Fiber optic,No,Yes
CUST-00964,24,One year,74.71,1837.39,Bank transfer (automatic),2,Fiber optic,No,No
CUST-00965,14,Month-to-month,72.72,1036.20,Mailed check,1,Fiber optic,Yes,Yes
CUST-00966,4,One year,61.95,246.46,Mailed check,1,DSL,Yes,No
CUST-00967,18,One year,98.4,1791.06,Credit card (automatic),3,Fiber optic,Yes,Yes
CUST-00968,2,Month-to-month,114.77,226.65,Credit card (automatic),0,Fiber optic,Yes,No
CUST-00969,14,Month-to-month,79.91,1145.60,Bank transfer (automatic),2,Fiber optic,No,Yes
CUST-00970,10,Month-to-month,24.09,241.46,Mailed check,0,No,Yes,No
CUST-00971,44,One year,101.4,4475.46,Mailed check,3,Fiber optic,No,No
CUST-00972,17,Month-to-month,69.5,1146.86,Credit card (automatic),3,DSL,Yes,Yes
CUST-00973,9,Two year,48.23,437.73,Credit card (automatic),4,DSL,Yes,Yes
CUST-00974,44,One year,58.75,2511.74,Electronic check,0,DSL,No,No
CUST-00975,7,Month-to-month,20.92,148.07,Electronic check,2,No,Yes,Yes
CUST-00976,6,Month-to-month,104.1,622.98,Mailed check,3,Fiber optic,Yes,No
CUST-00977,35,Two year,98.93,3466.06,Mailed check,1,Fiber optic,No,No
CUST-00978,8,Month-to-month,117.17,962.15,Bank transfer (automatic),4,Fiber optic,No,Yes
CUST-00979,9,Month-to-month,76.76,708.27,Electronic check,1,Fiber optic,Yes,Yes
CUST-00980,5,Month-to-month,93.09,453.01,Electronic check,1,Fiber optic,No,Yes
CUST-00981,11,Month-to-month,67.76,765.45,Mailed check,2,DSL,Yes,No
CUST-00982,5,Month-to-month,87.98,429.09,Credit card (automatic),1,Fiber optic,Yes,No
CUST-00983,3,Month-to-month,115.01,340.97,Bank transfer (automatic),1,Fiber optic,Yes,No
CUST-00984,54,Month-to-month,111.56,6049.30,Bank transfer (automatic),3,Fiber optic,No,Yes
CUST-00985,64,Two year,112.56,7291.34,Electronic check,1,Fiber optic,Yes,No
CUST-00986,14,Two year,99.69,1422.64,Electronic check,3,Fiber optic,Yes,No
CUST-00987,1,Month-to-month,92.99,93.09,Bank transfer (automatic),2,Fiber optic,No,No
CUST-00988,13,Month-to-month,21.01,270.18,Electronic check,3,No,No,Yes
CUST-00989,9,Month-to-month,19.15,172.77,Bank transfer (automatic),3,No,Yes,Yes
CUST-00990,47,Two year,77.02,3530.39,Mailed check,1,DSL,Yes,No
CUST-00991,30,One year,20.23,592.86,Electronic check,2,No,Yes,No
CUST-00992,53,Two year,24.27,1297.19,Mailed check,2,No,Yes,No
CUST-00993,0,Two year,42.93, ,Credit card (automatic),1,DSL,No,Yes
CUST-00994,16,One year,56.39,894.72,Electronic check,2,DSL,Yes,No
CUST-00995,57,Two year,22.53,1249.29,Credit card (automatic),0,No,Yes,No
CUST-00996,19,Month-to-month,53.94,1030.23,Electronic check,2,DSL,No,No
CUST-00997,15,One year,49.56,763.44,Mailed check,3,DSL,No,Yes
CUST-00998,20,Two year,73.48,1457.24,Bank transfer (automatic),1,Fiber optic,Yes,No
CUST-00999,14,One year,78.5,1101.75,Credit card (automatic),0,DSL,Yes,No
CUST-01000,1,Month-to-month,24.9,25.59,Electronic check,0,No,No,Yes
CUST-01001,52,Two year,53.87,2758.87,Electronic check,3,DSL,Yes,No
CUST-01002,31,Month-to-month,43.07,1360.19,Bank transfer (automatic),2,DSL,Yes,No
CUST-01003,23,Month-to-month,96.35,2185.46,Electronic check,3,Fiber optic,Yes,Yes
CUST-01004,50,Two year,20.66,1055.24,Bank transfer (automatic),2,No,Yes,No
CUST-01005,3,Month-to-month,75.64,222.70,Electronic check,3,Fiber optic,Yes,Yes
CUST-01006,36,One year,71.27,2519.48,Mailed check,2,DSL,Yes,No
CUST-01007,0,Month-to-month,86.49, ,Bank transfer (automatic),2,Fiber optic,No,Yes
CUST-01008,0,Month-to-month,117.43, ,Electronic check,0,Fiber optic,No,Yes
CUST-01009,9,Month-to-month,68.21,596.43,Mailed check,1,DSL,Yes,Yes
CUST-01010,51,Month-to-month,73.07,3651.95,Mailed check,1,DSL,No,No
CUST-01011,20,Month-to-month,100.31,1989.55,Electronic check,1,Fiber optic,No,Yes
CUST-01012,57,One year,22.46,1282.07,Credit card (automatic),0,No,Yes,No
CUST-01013,20,Two year,90.87,1859.84,Credit card (automatic),1,Fiber optic,Yes,No
CUST-01014,4,Month-to-month,74.05,298.51,Mailed check,2,Fiber optic,No,Yes
CUST-01015,42,One year,105.95,4437.23,Electronic check,3,Fiber optic,Yes,Yes
CUST-01016,46,Month-to-month,54.87,2589.67,Mailed check,3,DSL,Yes,Yes
CUST-01017,60,One year,79.59,4738.64,Credit card (automatic),2,Fiber optic,Yes,No
CUST-01018,10,Month-to-month,46.66,455.59,Mailed check,1,DSL,No,Yes
CUST-01019,64,Two year,45.35,2980.13,Mailed check,2,DSL,Yes,No
CUST-01020,51,Month-to-month,93.18,4784.35,Credit card (automatic),3,Fiber optic,No,No
CUST-01021,44,Two year,110.8,4974.82,Bank transfer (automatic),1,Fiber optic,Yes,No
CUST-01022,13,Two year,76.27,965.67,Mailed check,5,Fiber optic,Yes,Yes
CUST-01023,38,One year,22.11,862.80,Bank transfer (automatic),1,No,No,No
CUST-01024,63,One year,21.09,1366.93,Bank transfer (automatic),4,No,Yes,Yes
CUST-01025,38,Month-to-month,22.3,822.57,Electronic check,0,No,No,No
CUST-01026,49,One year,72.83,3586.07,Mailed check,0,Fiber optic,Yes,No
CUST-01027,38,Two year,96.09,3632.61,Bank transfer (automatic),0,Fiber optic,Yes,Yes
CUST-01028,57,Month-to-month,96.81,5521.57,Credit card (automatic),3,Fiber optic,Yes,No
CUST-01029,8,Month-to-month,24.78,194.42,Electronic check,1,No,No,Yes
CUST-01030,9,Month-to-month,19.75,180.60,Electronic check,1,No,No,Yes
CUST-01031,57,Two year,72.16,4054.58,Credit card (automatic),2,DSL,No,No
CUST-01032,23,Month-to-month,69.85,1618.79,Electronic check,4,DSL,Yes,Yes
CUST-01033,15,Two year,114.58,1679.02,Electronic check,1,Fiber optic,Yes,No
CUST-01034,19,One year,75.73,1443.17,Credit card (automatic),0,DSL,No,No
CUST-01035,15,One year,70.39,1051.39,Electronic check,1,DSL,Yes,No
CUST-01036,31,One year,25.19,762.65,Credit card (automatic),2,No,No,No
CUST-01037,25,Two year,51.93,1262.76,Credit card (automatic),2,DSL,No,Yes
CUST-01038,50,Two year,77.59,3961.76,Bank transfer (automatic),0,Fiber optic,No,No
CUST-01039,13,Month-to-month,52.71,686.91,Credit card (automatic),2,DSL,No,No
CUST-01040,14,One year,110.94,1569.45,Electronic check,2,Fiber optic,No,No
CUST-01041,56,One year,53.91,3052.22,Electronic check,1,DSL,Yes,Yes
CUST-01042,52,Month-to-month,109.91,5640.77,Mailed check,4,Fiber optic,No,Yes
CUST-01043,26,One year,88.13,2322.68,Credit card (automatic),5,Fiber optic,Yes,No
CUST-01044,30,Month-to-month,108.98,3178.85,Electronic check,4,Fiber optic,No,Yes
CUST-01045,32,One year,24.6,767.14,Electronic check,1,No,Yes,No
CUST-01046,10,Month-to-month,103.05,1009.17,Bank transfer (automatic),0,Fiber optic,Yes,No
CUST-01047,14,One year,78.16,1096.89,Electronic check,3,DSL,No,Yes
CUST-01048,2,Month-to-month,105.6,215.74,Bank transfer (automatic),0,Fiber optic,Yes,No
CUST-01049,60,One year,81.95,4905.74,Bank transfer (automatic),2,Fiber optic,Yes,No
CUST-01050,1,Month-to-month,25.63,25.96,Credit card (automatic),2,No,Yes,Yes
CUST-01051,67,Month-to-month,67.39,4467.36,Bank transfer (automatic),2,DSL,Yes,Yes
CUST-01052,27,Two year,91.24,2426.63,Electronic check,0,Fiber optic,No,No
CUST-01053,0,Month-to-month,21.94, ,Bank transfer (automatic),1,No,Yes,No
CUST-01054,27,Month-to-month,24.0,660.26,Bank transfer (automatic),2,No,Yes,No
CUST-01055,41,One year,69.92,2827.90,Bank transfer (automatic),0,DSL,Yes,No
CUST-01056,59,One year,73.12,4293.24,Electronic check,3,DSL,Yes,No
CUST-01057,45,One year,81.73,3753.40,Electronic check,4,Fiber optic,Yes,Yes
CUST-01058,7,One year,77.01,542.29,Credit card (automatic),2,DSL,Yes,Yes
CUST-01059,27,Month-to-month,82.75,2247.64,Bank transfer (automatic),2,Fiber optic,No,No
CUST-01060,15,One year,21.85,319.78,Electronic check,1,No,No,No
CUST-01061,65,Month-to-month,50.19,3215.27,Bank transfer (automatic),1,DSL,Yes,Yes
CUST-01062,13,Two year,91.17,1175.65,Bank transfer (automatic),3,Fiber optic,No,No
CUST-01063,5,One year,101.68,507.98,Credit card (automatic),3,Fiber optic,No,No
CUST-01064,6,Month-to-month,60.4,364.56,Credit card (automatic),2,DSL,Yes,No
CUST-01065,33,Month-to-month,82.12,2636.10,Credit card (automatic),2,Fiber optic,No,Yes
CUST-01066,31,Two year,21.15,673.05,Credit card (automatic),3,No,Yes,No
CUST-01067,52,Two year,98.98,5273.21,Electronic check,1,Fiber optic,No,No
CUST-01068,10,Month-to-month,113.77,1161.62,Bank transfer (automatic),3,Fiber optic,Yes,Yes
CUST-01069,43,Two year,57.92,2500.20,Electronic check,1,DSL,No,No
CUST-01070,17,Two year,63.43,1087.51,Electronic check,2,DSL,Yes,No
CUST-01071,48,Two year,75.65,3686.20,Credit card (automatic),1,DSL,Yes,No
CUST-01072,11,One year,111.0,1197.47,Electronic check,3,Fiber optic,No,No
CUST-01073,10,Month-to-month,49.25,506.05,Bank transfer (automatic),0,DSL,Yes,Yes
CUST-01074,14,Month-to-month,87.63,1241.62,Credit card (automatic),3,Fiber optic,No,Yes
CUST-01075,15,Month-to-month,108.45,1588.15,Electronic check,1,Fiber optic,No,No
CUST-01076,10,Month-to-month,105.64,1059.54,Mailed check,4,Fiber optic,No,Yes
CUST-01077,7,One year,70.43,484.99,Bank transfer (automatic),0,DSL,Yes,Yes
CUST-01078,4,Month-to-month,77.77,306.26,Bank transfer (automatic),2,Fiber optic,No,No
CUST-01079,4,Month-to-month,92.43,374.51,Mailed check,1,Fiber optic,Yes,Yes
CUST-01080,30,Two year,103.89,3102.64,Credit card (automatic),1,Fiber optic,Yes,No
CUST-01081,23,Two year,89.79,2017.01,Mailed check,3,Fiber optic,Yes,No
CUST-01082,55,Two year,22.48,1210.60,Mailed check,1,No,Yes,No
CUST-01083,43,Month-to-month,23.95,1004.44,Electronic check,3,No,No,Yes
CUST-01084,25,Month-to-month,94.55,2297.13,Credit card (automatic),2,Fiber optic,Yes,No
CUST-01085,46,One year,64.71,3037.79,Credit card (automatic),0,DSL,No,No
CUST-01086,10,Month-to-month,20.82,202.66,Bank transfer (automatic),0,No,Yes,Yes
CUST-01087,19,Month-to-month,87.8,1667.74,Credit card (automatic),4,Fiber optic,No,Yes
CUST-01088,46,Month-to-month,49.33,2205.53,Mailed check,1,DSL,No,No
CUST-01089,60,One year,25.69,1563.78,Bank transfer (automatic),2,No,Yes,No
CUST-01090,53,One year,64.6,3332.47,Credit card (automatic),2,DSL,Yes,No
CUST-01091,57,Month-to-month,19.71,1093.74,Bank transfer (automatic),3,No,No,No
CUST-01092,53,Two year,78.01,4100.46,Electronic check,4,Fiber optic,Yes,Yes
CUST-01093,6,Month-to-month,19.96,118.76,Bank transfer (automatic),3,No,Yes,Yes
CUST-01094,33,Month-to-month,23.63,768.90,Electronic check,0,No,Yes,No
CUST-01095,6,Month-to-month,21.99,135.47,Mailed check,1,No,No,Yes
CUST-01096,36,One year,96.11,3423.89,Credit card (automatic),2,Fiber optic,No,No
CUST-01097,14,One year,67.84,928.16,Electronic check,1,DSL,Yes,No
CUST-01098,19,Two year,105.54,2060.55,Credit card (automatic),2,Fiber optic,Yes,Yes
CUST-01099,41,One year,69.68,2878.15,Credit card (automatic),1,DSL,Yes,Yes
CUST-01100,36,Month-to-month,73.89,2580.28,Credit card (automatic),2,Fiber optic,Yes,Yes
CUST-01101,2,One year,110.58,219.00,Electronic check,0,Fiber optic,Yes,No
CUST-01102,4,Month-to-month,78.5,321.55,Electronic check,1,Fiber optic,Yes,Yes
CUST-01103,35,Month-to-month,65.61,2305.55,Credit card (automatic),1,DSL,Yes,No
CUST-01104,25,Month-to-month,50.71,1253.90,Bank transfer (automatic),0,DSL,No,No
CUST-01105,3,Month-to-month,110.28,324.18,Credit card (automatic),3,Fiber optic,No,No
CUST-01106,10,Month-to-month,107.3,1086.64,Credit card (automatic),1,Fiber optic,No,No
CUST-01107,37,Month-to-month,19.56,726.14,Electronic check,1,No,No,No
CUST-01108,14,Month-to-month,96.83,1378.94,Credit card (automatic),2,Fiber optic,No,Yes
CUST-01109,36,One year,105.18,3808.47,Credit card (automatic),4,Fiber optic,No,Yes
CUST-01110,23,One year,78.25,1832.51,Credit card (automatic),3,Fiber optic,Yes,No
CUST-01111,32,Month-to-month,77.14,2433.22,Electronic check,1,Fiber optic,Yes,Yes
CUST-01112,1,Month-to-month,88.32,86.65,Bank transfer (automatic),4,Fiber optic,Yes,No
CUST-01113,3,Month-to-month,114.78,346.62,Credit card (automatic),2,Fiber optic,No,No
CUST-01114,7,One year,44.97,319.10,Electronic check,9,DSL,Yes,Yes
CUST-01115,28,Month-to-month,55.56,1599.68,Mailed check,0,DSL,No,No
CUST-01116,15,Two year,71.85,1085.54,Credit card (automatic),3,DSL,Yes,No
CUST-01117,19,Month-to-month,86.78,1671.67,Electronic check,3,Fiber optic,Yes,Yes
CUST-01118,70,Two year,44.51,3091.63,Bank transfer (automatic),2,DSL,Yes,No
CUST-01119,58,Two year,100.84,5919.08,Credit card (automatic),3,Fiber optic,Yes,No
CUST-01120,22,Month-to-month,25.43,568.63,Electronic check,1,No,No,No
CUST-01121,29,One year,98.26,2829.06,Credit card (automatic),0,Fiber optic,Yes,No
CUST-01122,43,Two year,24.36,1070.87,Mailed check,2,No,Yes,No
CUST-01123,25,Two year,43.02,1082.93,Electronic check,1,DSL,No,No
CUST-01124,31,One year,102.2,3079.03,Mailed check,2,Fiber optic,No,Yes
CUST-01125,15,Month-to-month,48.0,709.10,Electronic check,2,DSL,Yes,No
CUST-01126,29,Month-to-month,104.05,3057.52,Electronic check,0,Fiber optic,Yes,No
CUST-01127,18,Month-to-month,63.25,1139.29,Credit card (automatic),1,DSL,No,No
CUST-01128,62,Two year,19.91,1230.06,Mailed check,1,No,Yes,No
CUST-01129,2,Month-to-month,63.8,131.19,Electronic check,3,DSL,No,Yes
CUST-01130,18,Two year,23.32,417.26,Electronic check,0,No,Yes,No
CUST-01131,19,Month-to-month,113.98,2116.32,Credit card (automatic),4,Fiber optic,Yes,Yes
CUST-01132,30,Month-to-month,74.85,2227.29,Bank transfer (automatic),1,DSL,Yes,No
CUST-01133,26,Month-to-month,76.59,2046.85,Electronic check,1,DSL,Yes,No
CUST-01134,14,Month-to-month,111.01,1591.03,Credit card (automatic),3,Fiber optic,Yes,Yes
CUST-01135,31,Month-to-month,96.37,3048.75,Bank transfer (automatic),3,Fiber optic,No,No
CUST-01136,63,One year,24.62,1577.11,Electronic check,1,No,Yes,No
CUST-01137,49,One year,68.79,3377.09,Electronic check,2,DSL,Yes,No
CUST-01138,16,Two year,23.78,377.08,Mailed check,1,No,Yes,No
CUST-01139,52,Two year,48.12,2544.95,Electronic check,2,DSL,No,No
CUST-01140,11,Month-to-month,49.04,530.33,Bank transfer (automatic),1,DSL,Yes,No
CUST-01141,10,One year,78.79,785.23,Electronic check,1,Fiber optic,Yes,No
CUST-01142,29,Month-to-month,50.11,1483.14,Bank transfer (automatic),2,DSL,Yes,No
CUST-01143,20,Month-to-month,90.38,1792.34,Bank transfer (automatic),1,Fiber optic,No,No
CUST-01144,5,Month-to-month,53.98,273.46,Bank transfer (automatic),0,DSL,Yes,No
CUST-01145,40,Month-to-month,18.62,742.46,Credit card (automatic),2,No,No,No
CUST-01146,11,Month-to-month,23.68,254.86,Bank transfer (automatic),2,No,No,Yes
CUST-01147,42,One year,57.18,2396.53,Electronic check,1,DSL,Yes,No
CUST-01148,58,Two year,73.8,4152.05,Electronic check,5,Fiber optic,Yes,No
CUST-01149,4,One year,108.47,440.80,Mailed check,1,Fiber optic,No,No
CUST-01150,29,Month-to-month,70.95,2022.47,Bank transfer (automatic),4,Fiber optic,Yes,Yes
CUST-01151,4,Month-to-month,62.88,249.58,Bank transfer (automatic),1,DSL,No,No
CUST-01152,5,Month-to-month,23.93,118.57,Mailed check,2,No,Yes,Yes
CUST-01153,9,Month-to-month,21.04,189.32,Mailed check,1,No,No,Yes
CUST-01154,29,Month-to-month,63.4,1865.66,Electronic check,3,DSL,No,Yes
CUST-01155,44,Month-to-month,18.63,827.35,Bank transfer (automatic),3,No,Yes,No
CUST-01156,18,One year,20.03,363.66,Credit card (automatic),3,No,Yes,No
CUST-01157,6,One year,102.35,631.01,Credit card (automatic),2,Fiber optic,No,Yes
CUST-01158,14,Month-to-month,71.27,972.26,Electronic check,4,DSL,No,Yes
CUST-01159,6,Month-to-month,75.57,444.13,Credit card (automatic),1,Fiber optic,Yes,Yes
CUST-01160,36,Month-to-month,117.1,4103.19,Credit card (automatic),0,Fiber optic,Yes,Yes
CUST-01161,25,One year,56.86,1403.21,Bank transfer (automatic),1,DSL,Yes,No
CUST-01162,29,Month-to-month,76.16,2163.27,Electronic check,1,DSL,No,No
CUST-01163,18,Two year,62.14,1107.77,Credit card (automatic),2,DSL,Yes,No
CUST-01164,35,Two year,23.08,811.16,Mailed check,1,No,No,No
CUST-01165,13,One year,48.9,621.92,Bank transfer (automatic),2,DSL,Yes,No
CUST-01166,15,Two year,113.13,1658.58,Mailed check,1,Fiber optic,Yes,No
CUST-01167,22,Month-to-month,74.26,1644.93,Credit card (automatic),1,Fiber optic,Yes,Yes
CUST-01168,50,One year,118.14,5816.36,Electronic check,3,Fiber optic,Yes,No
CUST-01169,44,One year,21.19,919.53,Electronic check,2,No,No,No
CUST-01170,8,Month-to-month,19.48,153.88,Mailed check,0,No,Yes,No
CUST-01171,16,Month-to-month,99.53,1567.40,Credit card (automatic),0,Fiber optic,Yes,No
CUST-01172,17,One year,74.01,1265.51,Electronic check,2,DSL,Yes,No
CUST-01173,1,Month-to-month,89.36,87.41,Electronic check,2,Fiber optic,Yes,Yes
CUST-01174,28,Month-to-month,70.42,1945.33,Credit card (automatic),2,Fiber optic,Yes,No
CUST-01175,0,Two year,24.79, ,Mailed check,2,No,No,No
CUST-01176,28,Two year,98.34,2833.14,Bank transfer (automatic),0,Fiber optic,Yes,No
CUST-01177,9,Month-to-month,45.88,410.19,Credit card (automatic),0,DSL,Yes,No
CUST-01178,15,Month-to-month,75.48,1133.33,Electronic check,1,DSL,Yes,No
CUST-01179,47,Two year,70.65,3277.22,Mailed check,1,DSL,No,No
CUST-01180,36,Month-to-month,22.24,812.22,Mailed check,5,No,No,No
CUST-01181,33,One year,58.76,1942.77,Bank transfer (automatic),1,DSL,No,Yes
CUST-01182,14,One year,68.19,949.27,Credit card (automatic),2,DSL,No,No
CUST-01183,7,Month-to-month,55.68,400.95,Credit card (automatic),0,DSL,Yes,No
CUST-01184,31,Two year,101.92,3070.00,Credit card (automatic),0,Fiber optic,Yes,Yes
CUST-01185,18,One year,77.36,1367.40,Electronic check,0,Fiber optic,Yes,No
CUST-01186,4,Two year,47.68,195.71,Electronic check,1,DSL,Yes,No
CUST-01187,58,Two year,85.16,5086.02,Electronic check,5,Fiber optic,Yes,Yes
CUST-01188,2,Month-to-month,74.74,149.78,Bank transfer (automatic),1,DSL,Yes,No
CUST-01189,7,Month-to-month,111.45,799.20,Electronic check,4,Fiber optic,Yes,Yes
CUST-01190,16,One year,93.99,1521.59,Bank transfer (automatic),4,Fiber optic,Yes,Yes
CUST-01191,8,Month-to-month,63.81,524.37,Credit card (automatic),3,DSL,No,No
CUST-01192,29,Month-to-month,65.34,1884.04,Electronic check,0,DSL,Yes,No
CUST-01193,4,Month-to-month,56.08,225.81,Mailed check,1,DSL,Yes,Yes
CUST-01194,8,Month-to-month,68.03,555.41,Electronic check,2,DSL,No,No
CUST-01195,10,One year,99.65,976.86,Electronic check,3,Fiber optic,Yes,No
CUST-01196,25,One year,55.4,1356.41,Bank transfer (automatic),0,DSL,No,No
CUST-01197,36,One year,83.84,3003.20,Electronic check,2,Fiber optic,Yes,No
CUST-01198,21,Two year,117.81,2419.23,Bank transfer (automatic),2,Fiber optic,Yes,No
CUST-01199,8,Month-to-month,83.86,660.83,Electronic check,1,Fiber optic,Yes,Yes
CUST-01200,22,Two year,78.49,1744.24,Credit card (automatic),1,Fiber optic,Yes,No
CUST-01201,48,Two year,110.69,5207.27,Credit card (automatic),3,Fiber optic,Yes,No
CUST-01202,2,Month-to-month,109.53,221.37,Electronic check,2,Fiber optic,No,Yes
CUST-01203,35,One year,81.64,2842.75,Electronic check,0,Fiber optic,No,No
CUST-01204,10,Month-to-month,111.37,1146.48,Electronic check,2,Fiber optic,Yes,No
CUST-01205,46,Two year,75.68,3553.84,Credit card (automatic),3,DSL,No,No
CUST-01206,33,One year,54.58,1833.05,Electronic check,1,DSL,Yes,No
CUST-01207,26,One year,20.71,531.90,Mailed check,4,No,Yes,Yes
CUST-01208,8,One year,19.23,156.53,Credit card (automatic),2,No,Yes,Yes
CUST-01209,47,Month-to-month,22.83,1066.55,Electronic check,1,No,Yes,No
CUST-01210,20,Two year,103.83,2085.62,Credit card (automatic),2,Fiber optic,No,No
CUST-01211,26,Month-to-month,73.58,1908.75,Electronic check,1,Fiber optic,Yes,No
CUST-01212,6,One year,19.82,120.85,Electronic check,0,No,Yes,No
CUST-01213,24,Month-to-month,83.18,2001.81,Electronic check,1,Fiber optic,Yes,Yes
CUST-01214,65,Month-to-month,58.74,3847.20,Electronic check,0,DSL,No,No
CUST-01215,68,Month-to-month,24.43,1667.08,Electronic check,1,No,Yes,No
CUST-01216,52,Month-to-month,50.66,2696.92,Bank transfer (automatic),3,DSL,No,No
CUST-01217,25,Month-to-month,71.9,1845.67,Electronic check,4,DSL,Yes,Yes
CUST-01218,35,One year,113.38,3951.59,Credit card (automatic),1,Fiber optic,No,No
CUST-01219,8,Month-to-month,79.78,638.52,Electronic check,2,Fiber optic,Yes,No
CUST-01220,28,One year,78.64,2158.73,Electronic check,1,DSL,Yes,No
CUST-01221,3,Month-to-month,61.31,181.85,Mailed check,1,DSL,No,No
CUST-01222,10,One year,22.39,227.37,Electronic check,2,No,No,No
CUST-01223,65,Two year,22.87,1499.40,Electronic check,1,No,Yes,No
CUST-01224,9,Month-to-month,24.27,219.84,Bank transfer (automatic),1,No,Yes,Yes
CUST-01225,64,One year,23.15,1478.33,Credit card (automatic),1,No,Yes,No
CUST-01226,10,Month-to-month,69.25,688.55,Electronic check,4,DSL,No,Yes
CUST-01227,42,Two year,58.51,2418.14,Bank transfer (automatic),0,DSL,Yes,No
CUST-01228,23,One year,63.97,1507.77,Bank transfer (automatic),5,DSL,No,No
CUST-01229,38,Two year,82.05,3206.76,Credit card (automatic),2,Fiber optic,Yes,No
CUST-01230,41,Month-to-month,87.71,3534.44,Bank transfer (automatic),3,Fiber optic,Yes,No
CUST-01231,5,Month-to-month,65.49,325.72,Electronic check,0,DSL,Yes,Yes
CUST-01232,45,Two year,18.56,818.77,Bank transfer (automatic),1,No,No,No
CUST-01233,57,Two year,22.59,1303.83,Electronic check,2,No,No,No
CUST-01234,54,One year,96.85,5281.29,Electronic check,3,Fiber optic,No,No
CUST-01235,1,Month-to-month,79.1,76.83,Bank transfer (automatic),1,Fiber optic,No,No
CUST-01236,1,Two year,115.51,114.20,Mailed check,2,Fiber optic,Yes,Yes
CUST-01237,47,One year,74.08,3445.02,Credit card (automatic),1,Fiber optic,No,No
CUST-01238,71,Two year,72.51,5215.10,Electronic check,0,Fiber optic,Yes,No
CUST-01239,6,One year,111.98,658.79,Mailed check,2,Fiber optic,Yes,No
CUST-01240,7,Month-to-month,73.09,524.55,Electronic check,2,DSL,Yes,Yes
CUST-01241,13,Month-to-month,89.32,1132.01,Bank transfer (automatic),2,Fiber optic,Yes,No
CUST-01242,70,One year,25.57,1759.21,Electronic check,2,No,Yes,No
CUST-01243,24,Month-to-month,117.55,2740.82,Electronic check,4,Fiber optic,No,Yes
CUST-01244,42,One year,76.09,3290.07,Bank transfer (automatic),3,Fiber optic,No,No
CUST-01245,21,Two year,21.85,467.93,Mailed check,2,No,No,No
CUST-01246,7,Month-to-month,18.65,131.95,Electronic check,0,No,Yes,No
CUST-01247,3,Month-to-month,20.93,64.62,Bank transfer (automatic),1,No,Yes,Yes
CUST-01248,1,Two year,45.11,43.80,Mailed check,2,DSL,Yes,No
CUST-01249,48,Month-to-month,19.46,953.02,Credit card (automatic),0,No,Yes,No
CUST-01250,26,Month-to-month,74.99,1971.34,Credit card (automatic),0,DSL,No,No
CUST-01251,48,Month-to-month,111.16,5226.59,Bank transfer (automatic),6,Fiber optic,Yes,Yes
CUST-01252,16,Month-to-month,73.73,1200.68,Mailed check,1,DSL,Yes,Yes
CUST-01253,51,Two year,71.59,3711.87,Mailed check,2,Fiber optic,Yes,No
CUST-01254,22,One year,63.22,1373.98,Credit card (automatic),1,DSL,No,No
CUST-01255,3,One year,107.74,322.75,Bank transfer (automatic),3,Fiber optic,Yes,No
CUST-01256,8,Month-to-month,103.72,806.57,Electronic check,1,Fiber optic,No,Yes
CUST-01257,44,Two year,94.4,4030.50,Mailed check,0,Fiber optic,Yes,No
CUST-01258,16,One year,46.93,740.18,Mailed check,1,DSL,No,Yes
CUST-01259,3,Month-to-month,107.73,319.42,Electronic check,1,Fiber optic,No,Yes
CUST-01260,31,Month-to-month,113.38,3589.69,Credit card (automatic),1,Fiber optic,Yes,Yes
CUST-01261,49,One year,83.08,4061.53,Electronic check,7,Fiber optic,No,Yes
CUST-01262,9,Two year,96.31,889.75,Mailed check,3,Fiber optic,Yes,No
CUST-01263,9,Two year,60.35,548.28,Credit card (automatic),3,DSL,Yes,Yes
CUST-01264,38,Two year,105.74,4048.15,Bank transfer (automatic),3,Fiber optic,Yes,No
CUST-01265,52,Month-to-month,76.21,3920.79,Credit card (automatic),3,DSL,No,No
CUST-01266,44,Two year,92.09,3986.75,Electronic check,1,Fiber optic,Yes,No
CUST-01267,14,Two year,21.72,303.40,Bank transfer (automatic),2,No,No,No
CUST-01268,35,One year,81.02,2877.96,Bank transfer (automatic),3,Fiber optic,No,No
CUST-01269,9,Month-to-month,78.74,703.01,Credit card (automatic),5,Fiber optic,Yes,Yes
CUST-01270,34,One year,43.9,1522.83,Credit card (automatic),2,DSL,No,Yes
CUST-01271,11,Month-to-month,72.26,804.46,Electronic check,1,DSL,No,Yes
CUST-01272,1,Month-to-month,89.62,87.78,Bank transfer (automatic),1,Fiber optic,Yes,Yes
CUST-01273,21,Two year,18.8,391.05,Electronic check,0,No,No,No
CUST-01274,50,Two year,96.87,4711.85,Mailed check,4,Fiber optic,No,Yes
CUST-01275,51,Two year,54.71,2771.53,Mailed check,1,DSL,No,No
CUST-01276,66,Month-to-month,117.36,7737.92,Electronic check,1,Fiber optic,Yes,No
CUST-01277,60,Two year,91.83,5619.21,Credit card (automatic),2,Fiber optic,Yes,No
CUST-01278,48,Month-to-month,46.24,2207.52,Bank transfer (automatic),0,DSL,Yes,No
CUST-01279,50,One year,101.11,5091.78,Electronic check,0,Fiber optic,Yes,No
CUST-01280,11,Month-to-month,108.68,1185.36,Mailed check,1,Fiber optic,No,Yes
CUST-01281,7,Month-to-month,98.34,696.09,Electronic check,2,Fiber optic,Yes,No
CUST-01282,49,Two year,107.77,5177.19,Mailed check,2,Fiber optic,No,No
CUST-01283,46,Two year,53.41,2415.33,Mailed check,1,DSL,No,No
CUST-01284,4,Month-to-month,95.9,391.87,Electronic check,2,Fiber optic,No,No
CUST-01285,57,One year,24.45,1381.63,Credit card (automatic),4,No,Yes,Yes
CUST-01286,7,Month-to-month,45.24,311.93,Credit card (automatic),2,DSL,Yes,No
CUST-01287,6,Month-to-month,51.94,302.51,Bank transfer (automatic),4,DSL,Yes,Yes
CUST-01288,41,Month-to-month,100.56,4176.74,Credit card (automatic),2,Fiber optic,Yes,No
CUST-01289,1,One year,60.92,60.80,Bank transfer (automatic),1,DSL,No,No
CUST-01290,54,Two year,107.52,5692.33,Bank transfer (automatic),3,Fiber optic,Yes,Yes
CUST-01291,20,Month-to-month,48.98,1001.64,Electronic check,3,DSL,Yes,Yes
CUST-01292,23,One year,73.34,1717.02,Electronic check,0,DSL,Yes,Yes
CUST-01293,68,One year,65.02,4362.20,Electronic check,3,DSL,Yes,Yes
CUST-01294,44,One year,19.77,855.40,Credit card (automatic),0,No,No,No
CUST-01295,18,Month-to-month,72.75,1302.97,Credit card (automatic),1,Fiber optic,No,No
CUST-01296,36,One year,117.87,4208.92,Electronic check,2,Fiber optic,No,No
CUST-01297,40,Month-to-month,91.64,3590.18,Electronic check,3,Fiber optic,Yes,Yes
CUST-01298,24,Month-to-month,20.26,500.28,Credit card (automatic),3,No,No,Yes
CUST-01299,0,Two year,78.79, ,Mailed check,4,Fiber optic,Yes,Yes
CUST-01300,21,One year,51.39,1068.47,Credit card (automatic),2,DSL,No,No
CUST-01301,21,Two year,21.92,461.15,Credit card (automatic),3,No,Yes,No
CUST-01302,53,Two year,111.58,5999.90,Electronic check,4,Fiber optic,No,No
CUST-01303,55,One year,80.16,4521.95,Bank transfer (automatic),1,Fiber optic,Yes,No
CUST-01304,56,Month-to-month,87.95,4821.51,Bank transfer (automatic),3,Fiber optic,Yes,Yes
CUST-01305,68,Month-to-month,108.87,7243.97,Bank transfer (automatic),1,Fiber optic,Yes,No
CUST-01306,40,Two year,23.23,935.13,Credit card (automatic),1,No,Yes,No
CUST-01307,2,Month-to-month,71.4,140.75,Mailed check,4,Fiber optic,No,Yes
CUST-01308,49,Two year,20.13,996.18,Bank transfer (automatic),1,No,Yes,No
CUST-01309,17,One year,76.21,1269.04,Bank transfer (automatic),6,Fiber optic,Yes,Yes
CUST-01310,1,Month-to-month,18.56,18.65,Bank transfer (automatic),1,No,No,Yes
CUST-01311,8,Month-to-month,116.18,942.41,Electronic check,1,Fiber optic,No,No
CUST-01312,52,Month-to-month,100.27,5283.51,Credit card (automatic),4,Fiber optic,No,Yes
CUST-01313,32,Month-to-month,96.41,3127.28,Mailed check,4,Fiber optic,Yes,Yes
CUST-01314,3,Month-to-month,111.93,338.79,Electronic check,2,Fiber optic,Yes,No
CUST-01315,56,Two year,64.03,3691.70,Electronic check,4,DSL,Yes,Yes
CUST-01316,34,Two year,63.53,2219.78,Electronic check,1,DSL,Yes,No
CUST-01317,47,One year,79.84,3661.41,Bank transfer (automatic),4,Fiber optic,No,No
CUST-01318,37,Two year,100.24,3680.11,Bank transfer (automatic),2,Fiber optic,No,No
CUST-01319,54,Two year,23.26,1279.40,Electronic check,2,No,Yes,Yes
CUST-01320,37,Month-to-month,112.97,4169.37,Electronic check,1,Fiber optic,Yes,Yes
CUST-01321,33,One year,90.74,2957.80,Credit card (automatic),3,Fiber optic,No,No
CUST-01322,8,Month-to-month,49.92,408.67,Mailed check,1,DSL,Yes,No
CUST-01323,45,Month-to-month,63.22,2825.79,Credit card (automatic),1,DSL,Yes,No
CUST-01324,33,Two year,117.41,3764.46,Mailed check,5,Fiber optic,Yes,Yes
CUST-01325,35,One year,73.67,2572.07,Bank transfer (automatic),3,Fiber optic,No,No
CUST-01326,0,Month-to-month,18.28, ,Credit card (automatic),4,No,Yes,Yes
CUST-01327,0,Month-to-month,18.52, ,Credit card (automatic),2,No,No,Yes
CUST-01328,15,Month-to-month,72.76,1085.06,Electronic check,3,DSL,Yes,Yes
CUST-01329,18,Two year,70.05,1239.68,Bank transfer (automatic),1,Fiber optic,No,No
CUST-01330,1,One year,19.91,19.74,Mailed check,2,No,Yes,No
CUST-01331,6,Month-to-month,25.61,150.19,Bank transfer (automatic),4,No,Yes,Yes
CUST-01332,58,One year,69.65,4057.43,Electronic check,2,DSL,Yes,No
CUST-01333,10,Month-to-month,80.67,802.82,Credit card (automatic),5,Fiber optic,No,Yes
CUST-01334,38,Two year,19.91,738.72,Electronic check,0,No,No,No
CUST-01335,31,Month-to-month,92.34,2947.52,Electronic check,2,Fiber optic,No,Yes
CUST-01336,22,Two year,73.7,1667.73,Bank transfer (automatic),3,Fiber optic,No,No
CUST-01337,7,Month-to-month,23.15,165.51,Credit card (automatic),2,No,No,No
CUST-01338,43,Two year,60.58,2565.62,Electronic check,3,DSL,Yes,No
CUST-01339,5,Month-to-month,21.39,104.35,Mailed check,4,No,No,No
CUST-01340,13,Two year,60.35,779.38,Electronic check,1,DSL,No,No
CUST-01341,5,Month-to-month,83.25,423.08,Electronic check,6,Fiber optic,No,Yes
CUST-01342,2,Month-to-month,80.41,164.40,Credit card (automatic),2,Fiber optic,Yes,No
CUST-01343,17,Month-to-month,73.34,1238.71,Credit card (automatic),2,Fiber optic,No,No
CUST-01344,18,One year,22.94,410.74,Electronic check,2,No,Yes,No
CUST-01345,11,Month-to-month,21.96,234.43,Bank transfer (automatic),1,No,Yes,No
CUST-01346,59,Month-to-month,23.58,1420.51,Credit card (automatic),1,No,Yes,No
CUST-01347,11,One year,75.06,819.60,Electronic check,1,DSL,No,No
CUST-01348,4,One year,118.41,487.47,Electronic check,1,Fiber optic,Yes,No
CUST-01349,45,Two year,81.09,3615.54,Electronic check,5,Fiber optic,Yes,Yes
CUST-01350,34,Two year,78.19,2579.14,Electronic check,3,Fiber optic,No,No
CUST-01351,17,One year,25.09,419.30,Electronic check,1,No,No,No
CUST-01352,34,One year,89.58,3053.45,Electronic check,1,Fiber optic,Yes,No
CUST-01353,1,Two year,24.28,24.72,Mailed check,1,No,No,No
CUST-01354,40,One year,19.26,748.36,Mailed check,1,No,No,No
CUST-01355,11,Month-to-month,84.37,901.00,Electronic check,1,Fiber optic,Yes,Yes
CUST-01356,53,One year,18.33,958.09,Electronic check,6,No,Yes,Yes
CUST-01357,37,Two year,25.67,931.57,Bank transfer (automatic),0,No,Yes,No
CUST-01358,54,One year,42.71,2304.33,Credit card (automatic),3,DSL,No,No
CUST-01359,0,Month-to-month,48.75, ,Credit card (automatic),1,DSL,Yes,No
CUST-01360,8,Month-to-month,62.79,514.32,Credit card (automatic),2,DSL,No,No
CUST-01361,30,Month-to-month,111.46,3290.16,Mailed check,2,Fiber optic,Yes,No
CUST-01362,3,One year,71.4,212.46,Credit card (automatic),3,DSL,Yes,No
CUST-01363,70,Two year,20.15,1429.42,Credit card (automatic),2,No,No,No
CUST-01364,55,One year,112.91,6229.46,Credit card (automatic),1,Fiber optic,No,No
CUST-01365,17,Month-to-month,73.39,1223.98,Electronic check,1,Fiber optic,Yes,Yes
CUST-01366,23,Month-to-month,54.58,1238.77,Mailed check,0,DSL,No,No
CUST-01367,35,Month-to-month,82.82,2945.13,Electronic check,0,Fiber optic,No,No
CUST-01368,14,Month-to-month,23.17,316.86,Electronic check,2,No,Yes,No
CUST-01369,9,One year,43.89,384.11,Electronic check,2,DSL,No,No
CUST-01370,31,Month-to-month,111.65,3525.63,Credit card (automatic),3,Fiber optic,No,No
CUST-01371,50,Month-to-month,25.46,1237.98,Credit card (automatic),2,No,No,No
CUST-01372,11,Month-to-month,81.52,884.54,Bank transfer (automatic),3,Fiber optic,No,Yes
CUST-01373,9,Month-to-month,113.97,1030.61,Electronic check,1,Fiber optic,Yes,No
CUST-01374,3,Month-to-month,25.05,72.99,Electronic check,0,No,Yes,Yes
CUST-01375,55,Two year,65.3,3677.47,Bank transfer (automatic),1,DSL,No,No
CUST-01376,36,Month-to-month,22.05,813.63,Mailed check,1,No,Yes,No
CUST-01377,31,One year,24.06,740.86,Electronic check,1,No,No,No
CUST-01378,44,Two year,95.25,4277.72,Electronic check,0,Fiber optic,Yes,No
CUST-01379,60,Two year,69.59,4055.37,Bank transfer (automatic),3,DSL,No,No
CUST-01380,60,Month-to-month,18.95,1111.13,Electronic check,0,No,Yes,No
CUST-01381,10,Month-to-month,83.9,824.17,Bank transfer (automatic),5,Fiber optic,No,Yes
CUST-01382,8,Month-to-month,56.85,448.52,Credit card (automatic),1,DSL,Yes,Yes
CUST-01383,8,Month-to-month,80.0,644.26,Credit card (automatic),4,Fiber optic,Yes,Yes
CUST-01384,31,Month-to-month,50.89,1622.08,Credit card (automatic),2,DSL,No,No
CUST-01385,7,Month-to-month,107.13,734.45,Electronic check,2,Fiber optic,No,Yes
CUST-01386,30,One year,48.82,1494.95,Credit card (automatic),2,DSL,No,No
CUST-01387,18,One year,19.09,349.13,Mailed check,1,No,Yes,No
CUST-01388,21,One year,20.35,424.28,Bank transfer (automatic),3,No,Yes,No
CUST-01389,10,Month-to-month,19.45,195.30,Electronic check,4,No,No,Yes
CUST-01390,70,Month-to-month,79.9,5543.74,Credit card (automatic),2,Fiber optic,Yes,No
CUST-01391,4,Month-to-month,71.0,279.62,Mailed check,3,DSL,Yes,Yes
CUST-01392,1,Month-to-month,58.55,57.26,Electronic check,3,DSL,No,No
CUST-01393,14,Month-to-month,91.16,1288.47,Bank transfer (automatic),2,Fiber optic,Yes,No
CUST-01394,46,One year,95.59,4312.98,Electronic check,7,Fiber optic,Yes,Yes
CUST-01395,40,Two year,74.34,3039.10,Mailed check,1,Fiber optic,Yes,No
CUST-01396,19,Two year,118.12,2257.34,Electronic check,2,Fiber optic,No,No
CUST-01397,47,Two year,24.6,1169.00,Mailed check,0,No,No,No
CUST-01398,12,One year,53.16,642.40,Electronic check,0,DSL,Yes,No
CUST-01399,56,Two year,18.68,1055.07,Electronic check,0,No,Yes,Yes
CUST-01400,16,Month-to-month,100.09,1639.41,Electronic check,2,Fiber optic,Yes,No
CUST-01401,43,One year,98.87,4206.39,Credit card (automatic),1,Fiber optic,Yes,No
CUST-01402,12,Month-to-month,20.57,249.98,Bank transfer (automatic),4,No,Yes,Yes
CUST-01403,7,One year,54.9,376.59,Electronic check,0,DSL,Yes,No
CUST-01404,0,One year,61.64, ,Credit card (automatic),1,DSL,No,No
CUST-01405,27,Month-to-month,74.5,2028.66,Bank transfer (automatic),4,DSL,Yes,Yes
CUST-01406,1,Two year,75.32,74.89,Electronic check,0,Fiber optic,Yes,No
CUST-01407,15,Month-to-month,22.07,337.91,Mailed check,3,No,Yes,No
CUST-01408,17,One year,58.41,983.80,Electronic check,1,DSL,Yes,No
CUST-01409,5,Month-to-month,21.75,111.07,Credit card (automatic),0,No,Yes,No
CUST-01410,2,Month-to-month,25.07,50.01,Credit card (automatic),1,No,Yes,Yes
CUST-01411,28,One year,62.31,1786.15,Electronic check,2,DSL,No,No
CUST-01412,31,One year,67.8,2164.75,Bank transfer (automatic),2,DSL,Yes,No
CUST-01413,23,One year,25.1,593.94,Mailed check,2,No,No,No
CUST-01414,16,Month-to-month,20.52,327.13,Credit card (automatic),4,No,Yes,Yes
CUST-01415,41,Two year,87.49,3687.39,Bank transfer (automatic),1,Fiber optic,Yes,Yes
CUST-01416,50,Two year,81.05,4137.40,Mailed check,1,Fiber optic,No,No
CUST-01417,41,Month-to-month,23.14,920.99,Mailed check,3,No,No,No
CUST-01418,39,Two year,82.37,3178.89,Bank transfer (automatic),3,Fiber optic,Yes,No
CUST-01419,0,Month-to-month,51.04, ,Bank transfer (automatic),0,DSL,Yes,Yes
CUST-01420,50,Month-to-month,25.65,1250.92,Bank transfer (automatic),2,No,Yes,Yes
CUST-01421,2,Month-to-month,104.0,203.43,Credit card (automatic),0,Fiber optic,No,Yes
CUST-01422,5,Month-to-month,109.7,562.02,Credit card (automatic),0,Fiber optic,Yes,No
CUST-01423,12,One year,25.52,302.59,Electronic check,0,No,No,No
CUST-01424,42,Month-to-month,117.34,4952.18,Credit card (automatic),0,Fiber optic,Yes,No
CUST-01425,26,One year,54.62,1416.61,Electronic check,0,DSL,Yes,No
CUST-01426,24,Month-to-month,95.29,2344.78,Credit card (automatic),2,Fiber optic,No,Yes
CUST-01427,17,Two year,25.18,421.25,Credit card (automatic),1,No,No,No
CUST-01428,8,Month-to-month,71.25,568.00,Credit card (automatic),4,Fiber optic,Yes,Yes
CUST-01429,13,Two year,114.66,1453.50,Bank transfer (automatic),1,Fiber optic,Yes,Yes
CUST-01430,69,Two year,111.83,7776.29,Bank transfer (automatic),2,Fiber optic,No,Yes
CUST-01431,57,One year,92.81,5412.72,Electronic check,3,Fiber optic,Yes,No
CUST-01432,23,One year,61.32,1393.91,Bank transfer (automatic),0,DSL,Yes,No
CUST-01433,22,One year,72.32,1619.04,Mailed check,0,Fiber optic,Yes,No
CUST-01434,6,Month-to-month,62.73,368.14,Electronic check,2,DSL,Yes,No
CUST-01435,55,Two year,76.0,4171.71,Mailed check,0,Fiber optic,Yes,Yes
CUST-01436,31,Two year,82.87,2534.67,Bank transfer (automatic),3,Fiber optic,Yes,No
CUST-01437,40,Two year,71.77,2899.80,Credit card (automatic),1,DSL,No,Yes
CUST-01438,55,One year,94.6,5262.02,Mailed check,1,Fiber optic,No,No
CUST-01439,37,One year,69.87,2570.89,Electronic check,1,DSL,No,No
CUST-01440,25,Two year,115.43,2857.05,Electronic check,1,Fiber optic,Yes,No
CUST-01441,4,Month-to-month,78.34,318.56,Mailed check,6,Fiber optic,Yes,Yes
CUST-01442,29,One year,82.65,2403.00,Electronic check,1,Fiber optic,Yes,No
CUST-01443,47,Month-to-month,63.87,3010.11,Mailed check,0,DSL,Yes,No
CUST-01444,37,Two year,25.37,954.98,Electronic check,1,No,No,No
CUST-01445,11,Two year,70.87,785.24,Bank transfer (automatic),0,DSL,No,No
CUST-01446,42,One year,65.77,2704.18,Electronic check,0,DSL,No,No
CUST-01447,38,One year,103.11,3826.07,Bank transfer (automatic),0,Fiber optic,Yes,No
CUST-01448,7,One year,91.09,628.36,Electronic check,0,Fiber optic,Yes,Yes
CUST-01449,15,Two year,89.68,1334.50,Mailed check,2,Fiber optic,Yes,Yes
CUST-01450,35,Two year,118.11,4076.71,Electronic check,2,Fiber optic,Yes,No
CUST-01451,28,Month-to-month,111.75,3079.71,Credit card (automatic),3,Fiber optic,Yes,No
CUST-01452,51,One year,107.09,5317.66,Electronic check,1,Fiber optic,Yes,No
CUST-01453,17,One year,105.09,1788.23,Electronic check,3,Fiber optic,No,Yes
CUST-01454,23,One year,97.65,2181.35,Electronic check,2,Fiber optic,Yes,No
CUST-01455,15,Two year,86.04,1291.90,Mailed check,0,Fiber optic,No,No
CUST-01456,35,Month-to-month,91.1,3119.07,Bank transfer (automatic),0,Fiber optic,No,Yes
CUST-01457,52,Two year,18.69,993.71,Electronic check,3,No,Yes,Yes
CUST-01458,51,Two year,18.92,958.74,Bank transfer (automatic),1,No,Yes,No
CUST-01459,59,One year,56.49,3387.62,Bank transfer (automatic),2,DSL,Yes,No
CUST-01460,0,Month-to-month,19.12, ,Credit card (automatic),1,No,Yes,No
CUST-01461,16,One year,56.99,898.06,Credit card (automatic),2,DSL,Yes,Yes
CUST-01462,53,Two year,50.27,2742.86,Bank transfer (automatic),1,DSL,Yes,No
CUST-01463,16,One year,87.06,1389.21,Bank transfer (automatic),1,Fiber optic,Yes,No
CUST-01464,46,Two year,88.49,4115.97,Bank transfer (automatic),2,Fiber optic,Yes,No
CUST-01465,52,One year,108.72,5791.65,Electronic check,3,Fiber optic,Yes,No
CUST-01466,4,Month-to-month,103.42,408.56,Credit card (automatic),1,Fiber optic,Yes,Yes
CUST-01467,18,Month-to-month,109.73,1963.18,Mailed check,2,Fiber optic,No,Yes
CUST-01468,23,One year,87.79,2037.89,Bank transfer (automatic),2,Fiber optic,Yes,Yes
CUST-01469,32,Two year,72.56,2274.48,Mailed check,1,DSL,Yes,Yes
CUST-01470,6,One year,77.07,468.01,Credit card (automatic),3,DSL,No,No
CUST-01471,59,One year,83.53,5021.30,Mailed check,1,Fiber optic,No,No
CUST-01472,30,One year,68.66,2072.30,Bank transfer (automatic),0,DSL,Yes,No
CUST-01473,27,Month-to-month,72.81,1944.71,Electronic check,2,Fiber optic,Yes,Yes
CUST-01474,15,One year,95.4,1441.43,Bank transfer (automatic),2,Fiber optic,Yes,No
CUST-01475,4,Month-to-month,48.19,197.25,Electronic check,0,DSL,Yes,No
CUST-01476,2,One year,24.5,48.27,Credit card (automatic),1,No,Yes,No
CUST-01477,38,Month-to-month,21.36,829.73,Mailed check,1,No,Yes,No
CUST-01478,36,Month-to-month,99.46,3630.76,Mailed check,1,Fiber optic,Yes,No
CUST-01479,39,Two year,98.38,3823.33,Bank transfer (automatic),3,Fiber optic,Yes,No
CUST-01480,20,Month-to-month,75.08,1546.51,Electronic check,1,Fiber optic,No,Yes
CUST-01481,33,Month-to-month,46.15,1490.04,Electronic check,2,DSL,No,No
CUST-01482,12,One year,97.86,1169.68,Credit card (automatic),4,Fiber optic,No,Yes
CUST-01483,30,Month-to-month,53.97,1638.65,Credit card (automatic),2,DSL,No,No
CUST-01484,42,One year,46.56,1898.60,Electronic check,0,DSL,Yes,No
CUST-01485,16,Two year,20.58,337.05,Bank transfer (automatic),3,No,Yes,No
CUST-01486,66,Two year,49.44,3233.63,Bank transfer (automatic),3,DSL,No,No
CUST-01487,10,One year,18.55,182.19,Electronic check,1,No,No,No
CUST-01488,14,Month-to-month,56.33,779.56,Mailed check,1,DSL,Yes,No
CUST-01489,11,One year,103.19,1114.51,Credit card (automatic),2,Fiber optic,No,No
CUST-01490,58,One year,75.52,4249.68,Electronic check,2,Fiber optic,Yes,Yes
CUST-01491,58,Two year,98.53,5560.54,Credit card (automatic),2,Fiber optic,No,Yes
CUST-01492,36,Month-to-month,19.39,684.49,Mailed check,1,No,Yes,No
CUST-01493,48,One year,44.99,2181.26,Electronic check,2,DSL,No,No
CUST-01494,7,Two year,45.86,311.41,Electronic check,2,DSL,No,No
CUST-01495,7,Two year,19.82,140.38,Electronic check,0,No,Yes,No
CUST-01496,41,One year,59.45,2385.15,Electronic check,2,DSL,Yes,Yes
CUST-01497,46,Month-to-month,21.58,993.10,Electronic check,1,No,Yes,No
CUST-01498,48,Two year,93.23,4438.93,Credit card (automatic),3,Fiber optic,No,No
CUST-01499,0,Month-to-month,21.07, ,Electronic check,6,No,Yes,No
CUST-01500,3,Month-to-month,24.85,74.44,Credit card (automatic),4,No,No,No
CUST-01501,59,One year,24.88,1483.13,Credit card (automatic),1,No,No,No
CUST-01502,19,Month-to-month,66.45,1239.47,Electronic check,2,DSL,Yes,No
CUST-01503,24,Month-to-month,85.8,2016.87,Bank transfer (automatic),1,Fiber optic,Yes,Yes
CUST-01504,18,Two year,79.02,1458.96,Mailed check,2,Fiber optic,No,No
CUST-01505,60,One year,104.01,6069.32,Credit card (automatic),4,Fiber optic,Yes,Yes
CUST-01506,62,One year,78.77,4890.03,Electronic check,2,DSL,No,No
CUST-01507,9,Month-to-month,109.94,991.06,Credit card (automatic),0,Fiber optic,No,Yes
CUST-01508,62,One year,54.43,3277.86,Mailed check,1,DSL,Yes,No
CUST-01509,46,One year,49.48,2263.07,Bank transfer (automatic),2,DSL,Yes,No
CUST-01510,53,Two year,109.86,5801.99,Bank transfer (automatic),2,Fiber optic,Yes,No
CUST-01511,7,Month-to-month,89.61,642.33,Electronic check,1,Fiber optic,Yes,No
CUST-01512,54,Two year,98.52,5188.56,Bank transfer (automatic),2,Fiber optic,No,Yes
CUST-01513,11,Month-to-month,72.07,804.44,Credit card (automatic),0,Fiber optic,No,No
CUST-01514,28,One year,71.85,2021.33,Electronic check,0,DSL,Yes,No
CUST-01515,5,Month-to-month,79.86,408.07,Mailed check,3,Fiber optic,Yes,No
CUST-01516,1,Month-to-month,107.22,104.29,Electronic check,1,Fiber optic,Yes,No
CUST-01517,52,Month-to-month,66.54,3443.33,Electronic check,1,DSL,No,Yes
CUST-01518,15,One year,21.34,321.18,Electronic check,4,No,Yes,Yes
CUST-01519,14,Month-to-month,96.01,1315.65,Credit card (automatic),1,Fiber optic,No,Yes
CUST-01520,10,Month-to-month,22.28,218.63,Mailed check,1,No,Yes,No
CUST-01521,69,Two year,19.94,1381.20,Bank transfer (automatic),1,No,No,No
CUST-01522,19,One year,47.2,901.39,Credit card (automatic),1,DSL,No,No
CUST-01523,2,Month-to-month,109.49,214.15,Bank transfer (automatic),1,Fiber optic,Yes,No
CUST-01524,12,Month-to-month,103.64,1241.92,Mailed check,3,Fiber optic,Yes,Yes
CUST-01525,70,Two year,22.91,1569.62,Bank transfer (automatic),2,No,Yes,No
CUST-01526,5,Month-to-month,52.63,256.40,Electronic check,0,DSL,Yes,No
CUST-01527,57,One year,57.14,3314.25,Electronic check,2,DSL,Yes,No
CUST-01528,9,Month-to-month,19.35,170.14,Bank transfer (automatic),0,No,No,No
CUST-01529,52,Two year,69.96,3555.00,Bank transfer (automatic),3,DSL,Yes,No
CUST-01530,14,Month-to-month,70.73,995.61,Credit card (automatic),1,Fiber optic,Yes,Yes
CUST-01531,8,Month-to-month,42.6,336.09,Electronic check,1,DSL,Yes,No
CUST-01532,65,Two year,95.4,6210.78,Credit card (automatic),3,Fiber optic,No,No
CUST-01533,37,Two year,86.78,3123.49,Credit card (automatic),2,Fiber optic,Yes,No
CUST-01534,65,Two year,77.01,5028.43,Electronic check,3,Fiber optic,No,No
CUST-01535,10,Month-to-month,23.67,236.99,Credit card (automatic),1,No,Yes,Yes
CUST-01536,4,Month-to-month,76.43,314.25,Electronic check,0,DSL,No,Yes
CUST-01537,45,Month-to-month,83.68,3810.26,Credit card (automatic),3,Fiber optic,Yes,Yes
CUST-01538,0,Month-to-month,99.38, ,Mailed check,3,Fiber optic,No,Yes
CUST-01539,11,Month-to-month,106.31,1204.14,Credit card (automatic),1,Fiber optic,No,No
CUST-01540,53,One year,64.92,3508.80,Bank transfer (automatic),3,DSL,Yes,No
CUST-01541,20,Month-to-month,56.44,1160.15,Electronic check,0,DSL,Yes,No
CUST-01542,28,Month-to-month,97.09,2783.50,Electronic check,3,Fiber optic,No,Yes
CUST-01543,47,Month-to-month,105.32,5084.78,Credit card (automatic),1,Fiber optic,Yes,No
CUST-01544,36,Month-to-month,25.32,922.76,Electronic check,1,No,Yes,No
CUST-01545,41,Month-to-month,107.65,4319.54,Electronic check,2,Fiber optic,Yes,No
CUST-01546,16,Month-to-month,85.36,1399.24,Electronic check,2,Fiber optic,No,No
CUST-01547,24,One year,66.95,1607.60,Bank transfer (automatic),1,DSL,No,No
CUST-01548,18,One year,75.85,1365.16,Electronic check,1,DSL,Yes,No
CUST-01549,11,Month-to-month,95.3,1051.31,Mailed check,2,Fiber optic,Yes,No
CUST-01550,1,Month-to-month,74.66,73.36,Electronic check,1,Fiber optic,No,No
CUST-01551,36,Month-to-month,101.26,3581.68,Bank transfer (automatic),4,Fiber optic,Yes,Yes
CUST-01552,65,Month-to-month,99.49,6493.09,Electronic check,1,Fiber optic,No,No
CUST-01553,23,Month-to-month,76.55,1789.86,Bank transfer (automatic),2,Fiber optic,Yes,No
CUST-01554,30,Month-to-month,51.22,1499.87,Electronic check,2,DSL,No,No
CUST-01555,10,One year,66.96,679.21,Mailed check,2,DSL,No,No
CUST-01556,11,Month-to-month,117.47,1267.65,Credit card (automatic),2,Fiber optic,No,Yes
CUST-01557,6,One year,48.83,291.48,Mailed check,1,DSL,No,No
CUST-01558,13,Month-to-month,22.86,289.52,Electronic check,1,No,Yes,No
CUST-01559,6,One year,21.8,131.71,Mailed check,2,No,Yes,No
CUST-01560,37,Month-to-month,86.56,3270.42,Mailed check,6,Fiber optic,No,Yes
CUST-01561,4,One year,114.57,457.21,Mailed check,2,Fiber optic,Yes,No
CUST-01562,16,One year,76.62,1252.30,Bank transfer (automatic),1,DSL,No,No
CUST-01563,26,One year,48.44,1274.56,Electronic check,1,DSL,No,Yes
CUST-01564,64,Month-to-month,68.21,4429.24,Mailed check,1,DSL,Yes,Yes
CUST-01565,34,One year,107.73,3633.40,Electronic check,1,Fiber optic,Yes,No
CUST-01566,0,Month-to-month,115.01, ,Mailed check,1,Fiber optic,Yes,No
CUST-01567,47,One year,45.16,2101.88,Electronic check,3,DSL,No,Yes
CUST-01568,2,Month-to-month,76.42,149.48,Electronic check,3,DSL,Yes,Yes
CUST-01569,48,Two year,82.01,3954.31,Bank transfer (automatic),2,Fiber optic,Yes,No
CUST-01570,29,Month-to-month,111.84,3338.26,Electronic check,3,Fiber optic,Yes,Yes
CUST-01571,1,Month-to-month,72.65,72.81,Electronic check,1,DSL,Yes,No
CUST-01572,25,Two year,71.39,1788.89,Bank transfer (automatic),2,DSL,No,No
CUST-01573,7,One year,53.19,369.48,Credit card (automatic),1,DSL,No,Yes
CUST-01574,22,Month-to-month,70.15,1519.46,Credit card (automatic),1,DSL,Yes,No
CUST-01575,9,One year,20.21,187.06,Credit card (automatic),2,No,No,No
CUST-01576,1,Month-to-month,85.1,84.72,Electronic check,2,Fiber optic,Yes,Yes
CUST-01577,19,Two year,72.24,1343.42,Bank transfer (automatic),1,DSL,No,No
CUST-01578,1,Month-to-month,63.77,63.04,Credit card (automatic),0,DSL,No,Yes
CUST-01579,7,Month-to-month,20.51,145.57,Bank transfer (automatic),1,No,Yes,No
CUST-01580,60,Month-to-month,67.96,4189.81,Electronic check,2,DSL,Yes,No
CUST-01581,55,Two year,111.81,6054.05,Bank transfer (automatic),5,Fiber optic,No,Yes
CUST-01582,20,Month-to-month,62.8,1253.99,Mailed check,2,DSL,No,No
CUST-01583,21,Two year,50.46,1047.49,Mailed check,6,DSL,No,Yes
CUST-01584,18,One year,98.26,1750.56,Bank transfer (automatic),1,Fiber optic,No,No
CUST-01585,40,Two year,98.55,3845.06,Electronic check,2,Fiber optic,No,No
CUST-01586,58,Two year,100.76,5877.79,Electronic check,5,Fiber optic,No,Yes
CUST-01587,4,Month-to-month,108.06,426.42,Bank transfer (automatic),2,Fiber optic,Yes,No
CUST-01588,62,Two year,117.82,7181.74,Credit card (automatic),2,Fiber optic,Yes,No
CUST-01589,20,Month-to-month,19.07,372.99,Electronic check,1,No,Yes,Yes
CUST-01590,44,Two year,79.34,3478.39,Mailed check,3,Fiber optic,No,No
CUST-01591,31,Two year,109.73,3382.30,Bank transfer (automatic),2,Fiber optic,Yes,No
CUST-01592,18,Two year,22.22,406.16,Electronic check,2,No,Yes,No
CUST-01593,1,Month-to-month,69.64,69.30,Electronic check,4,DSL,Yes,Yes
CUST-01594,5,Month-to-month,57.64,295.89,Electronic check,4,DSL,No,Yes
CUST-01595,38,Two year,110.89,4201.23,Bank transfer (automatic),2,Fiber optic,Yes,Yes
CUST-01596,60,Two year,90.53,5436.11,Mailed check,1,Fiber optic,Yes,No
CUST-01597,51,Month-to-month,25.35,1325.40,Bank transfer (automatic),2,No,Yes,No
CUST-01598,46,Month-to-month,21.18,951.66,Bank transfer (automatic),1,No,Yes,No
CUST-01599,13,Two year,52.74,680.62,Mailed check,1,DSL,Yes,No
CUST-01600,21,Month-to-month,46.21,951.94,Electronic check,3,DSL,No,Yes
CUST-01601,20,One year,73.39,1471.07,Electronic check,2,DSL,No,No
CUST-01602,35,Two year,116.28,4149.48,Mailed check,0,Fiber optic,Yes,No
CUST-01603,7,One year,75.05,537.68,Electronic check,2,DSL,Yes,No
CUST-01604,43,Two year,70.16,2933.42,Credit card (automatic),0,DSL,Yes,No
CUST-01605,26,One year,91.07,2350.13,Mailed check,2,Fiber optic,Yes,No
CUST-01606,34,Month-to-month,53.71,1812.44,Mailed check,2,DSL,Yes,No
CUST-01607,64,One year,52.86,3430.24,Electronic check,1,DSL,Yes,No
CUST-01608,53,Two year,70.15,3791.27,Electronic check,5,DSL,No,Yes
CUST-01609,29,Month-to-month,86.81,2492.72,Bank transfer (automatic),3,Fiber optic,Yes,Yes
CUST-01610,45,One year,24.14,1084.35,Credit card (automatic),3,No,Yes,Yes
CUST-01611,24,Two year,78.25,1831.31,Credit card (automatic),1,DSL,Yes,No
CUST-01612,26,Month-to-month,49.37,1251.72,Bank transfer (automatic),1,DSL,No,No
CUST-01613,56,Two year,46.65,2648.11,Credit card (automatic),1,DSL,No,No
CUST-01614,19,Month-to-month,75.82,1468.83,Electronic check,1,Fiber optic,No,No
CUST-01615,2,Month-to-month,44.65,88.10,Electronic check,2,DSL,Yes,No
CUST-01616,49,Two year,103.68,5098.19,Electronic check,4,Fiber optic,Yes,Yes
CUST-01617,39,One year,22.7,887.07,Bank transfer (automatic),1,No,Yes,No
CUST-01618,18,One year,63.05,1161.03,Credit card (automatic),3,DSL,No,No
CUST-01619,4,Two year,63.67,248.11,Electronic check,3,DSL,Yes,No
CUST-01620,22,Month-to-month,45.03,998.37,Credit card (automatic),1,DSL,No,Yes
CUST-01621,43,Two year,53.1,2258.98,Bank transfer (automatic),3,DSL,No,Yes
CUST-01622,58,Two year,20.24,1192.72,Bank transfer (automatic),0,No,No,No
CUST-01623,20,Month-to-month,59.94,1173.59,Bank transfer (automatic),2,DSL,No,No
CUST-01624,2,Month-to-month,112.85,228.29,Bank transfer (automatic),2,Fiber optic,Yes,Yes
CUST-01625,48,Two year,117.39,5761.98,Credit card (automatic),2,Fiber optic,Yes,No
CUST-01626,2,Month-to-month,22.84,46.59,Electronic check,1,No,Yes,No
CUST-01627,0,Month-to-month,20.1, ,Electronic check,1,No,Yes,Yes
CUST-01628,12,Month-to-month,56.36,694.67,Bank transfer (automatic),4,DSL,No,Yes
CUST-01629,57,Two year,85.86,4784.22,Electronic check,2,Fiber optic,No,No
CUST-01630,14,Month-to-month,49.93,704.47,Credit card (automatic),1,DSL,No,No
CUST-01631,44,Month-to-month,78.12,3348.53,Credit card (automatic),3,DSL,No,No
CUST-01632,67,Month-to-month,19.24,1291.43,Bank transfer (automatic),1,No,Yes,No
CUST-01633,20,Month-to-month,22.5,449.11,Mailed check,1,No,No,No
CUST-01634,54,One year,71.57,3792.05,Electronic check,2,DSL,Yes,No
CUST-01635,3,Month-to-month,25.3,73.93,Electronic check,3,No,Yes,Yes
CUST-01636,40,Two year,79.8,3265.19,Electronic check,2,Fiber optic,Yes,No
CUST-01637,27,Month-to-month,79.37,2155.24,Mailed check,1,Fiber optic,No,No
CUST-01638,55,One year,94.24,5172.08,Bank transfer (automatic),1,Fiber optic,Yes,No
CUST-01639,24,Two year,21.13,504.79,Mailed check,2,No,No,No
CUST-01640,5,Month-to-month,20.12,101.45,Mailed check,1,No,No,No
CUST-01641,52,Two year,45.94,2364.74,Bank transfer (automatic),3,DSL,No,No
CUST-01642,2,Month-to-month,55.77,113.05,Mailed check,3,DSL,Yes,Yes
CUST-01643,19,Two year,83.73,1561.36,Credit card (automatic),1,Fiber optic,Yes,No
CUST-01644,11,Month-to-month,48.76,527.10,Bank transfer (automatic),2,DSL,Yes,No
CUST-01645,13,Two year,87.95,1171.15,Bank transfer (automatic),0,Fiber optic,Yes,Yes
CUST-01646,25,Two year,45.47,1126.44,Bank transfer (automatic),2,DSL,Yes,No
CUST-01647,19,Month-to-month,114.71,2214.98,Electronic check,1,Fiber optic,No,No
CUST-01648,22,Month-to-month,99.2,2122.55,Bank transfer (automatic),1,Fiber optic,No,No
CUST-01649,12,One year,21.84,262.02,Bank transfer (automatic),2,No,No,No
CUST-01650,45,One year,19.22,862.19,Bank transfer (automatic),1,No,Yes,No
CUST-01651,41,One year,24.08,961.89,Bank transfer (automatic),4,No,Yes,Yes
CUST-01652,46,Two year,18.82,876.77,Credit card (automatic),1,No,Yes,No
CUST-01653,67,One year,78.36,5195.86,Mailed check,5,DSL,No,Yes
CUST-01654,20,One year,24.57,499.85,Electronic check,2,No,Yes,No
CUST-01655,19,Month-to-month,92.96,1739.86,Bank transfer (automatic),3,Fiber optic,Yes,Yes
CUST-01656,57,Month-to-month,23.29,1312.26,Electronic check,0,No,No,No
CUST-01657,20,One year,18.92,369.61,Credit card (automatic),2,No,No,No
CUST-01658,28,Month-to-month,60.28,1658.10,Electronic check,2,DSL,Yes,Yes
CUST-01659,42,One year,72.33,3120.62,Credit card (automatic),1,DSL,No,No
CUST-01660,16,Month-to-month,73.81,1190.01,Electronic check,3,Fiber optic,Yes,No
CUST-01661,67,Month-to-month,19.88,1356.82,Mailed check,0,No,Yes,Yes
CUST-01662,3,Month-to-month,70.79,207.27,Electronic check,1,DSL,Yes,Yes
CUST-01663,67,Month-to-month,59.19,3959.90,Mailed check,4,DSL,No,Yes
CUST-01664,62,One year,66.7,4013.45,Mailed check,2,DSL,No,No
CUST-01665,41,Month-to-month,24.39,975.17,Bank transfer (automatic),1,No,Yes,No
CUST-01666,11,Month-to-month,77.09,831.06,Electronic check,2,Fiber optic,Yes,Yes
CUST-01667,60,One year,92.84,5625.55,Electronic check,4,Fiber optic,Yes,Yes
CUST-01668,29,Month-to-month,97.43,2830.24,Electronic check,2,Fiber optic,Yes,No
CUST-01669,8,Month-to-month,64.89,529.84,Bank transfer (automatic),3,DSL,Yes,No
CUST-01670,13,Two year,73.36,950.87,Electronic check,1,DSL,No,No
CUST-01671,35,Month-to-month,59.84,2106.84,Mailed check,2,DSL,No,Yes
CUST-01672,61,Two year,85.47,5253.80,Mailed check,3,Fiber optic,Yes,No
CUST-01673,63,Month-to-month,24.27,1489.93,Credit card (automatic),1,No,Yes,Yes
CUST-01674,35,Month-to-month,113.72,4068.45,Credit card (automatic),0,Fiber optic,No,Yes
CUST-01675,7,Month-to-month,20.94,146.43,Credit card (automatic),1,No,Yes,No
CUST-01676,5,Month-to-month,23.7,119.85,Credit card (automatic),3,No,Yes,No
CUST-01677,23,One year,80.33,1841.37,Credit card (automatic),1,Fiber optic,No,No
CUST-01678,31,One year,74.39,2314.91,Credit card (automatic),4,Fiber optic,Yes,Yes
CUST-01679,63,Two year,56.21,3535.57,Credit card (automatic),3,DSL,Yes,No
CUST-01680,16,One year,89.84,1451.27,Electronic check,2,Fiber optic,No,No
CUST-01681,1,Two year,46.65,45.56,Credit card (automatic),2,DSL,No,No
CUST-01682,45,Month-to-month,74.99,3403.27,Bank transfer (automatic),3,Fiber optic,No,No
CUST-01683,14,Month-to-month,68.21,970.94,Bank transfer (automatic),2,DSL,No,No
CUST-01684,3,One year,105.04,306.92,Electronic check,3,Fiber optic,Yes,No
CUST-01685,30,One year,45.14,1360.29,Electronic check,1,DSL,Yes,No
CUST-01686,15,One year,94.7,1384.37,Electronic check,3,Fiber optic,No,Yes
CUST-01687,70,One year,97.28,6713.11,Credit card (automatic),2,Fiber optic,Yes,No
CUST-01688,24,Month-to-month,21.99,519.68,Electronic check,3,No,No,Yes
CUST-01689,3,Month-to-month,117.74,361.79,Mailed check,3,Fiber optic,Yes,Yes
CUST-01690,33,Month-to-month,92.31,2994.99,Credit card (automatic),4,Fiber optic,No,Yes
CUST-01691,43,Month-to-month,62.35,2641.43,Bank transfer (automatic),3,DSL,Yes,No
CUST-01692,12,Month-to-month,20.58,245.96,Credit card (automatic),1,No,No,Yes
CUST-01693,41,Month-to-month,82.3,3290.26,Credit card (automatic),4,Fiber optic,No,No
CUST-01694,22,One year,72.31,1579.52,Credit card (automatic),0,DSL,Yes,No
CUST-01695,13,Month-to-month,115.24,1506.22,Electronic check,1,Fiber optic,Yes,No
CUST-01696,4,Month-to-month,85.69,335.69,Electronic check,1,Fiber optic,No,Yes
CUST-01697,35,Month-to-month,24.61,883.70,Credit card (automatic),1,No,No,No
CUST-01698,5,Month-to-month,57.85,286.15,Bank transfer (automatic),0,DSL,Yes,No
CUST-01699,19,Two year,95.57,1797.59,Bank transfer (automatic),0,Fiber optic,No,No
CUST-01700,61,Month-to-month,78.68,4783.18,Bank transfer (automatic),0,Fiber optic,Yes,No
CUST-01701,60,Two year,98.49,5827.59,Electronic check,4,Fiber optic,No,Yes
CUST-01702,18,Two year,25.39,462.04,Electronic check,1,No,Yes,No
CUST-01703,14,Two year,72.46,1006.56,Bank transfer (automatic),0,Fiber optic,Yes,No
CUST-01704,67,Two year,20.21,1336.54,Electronic check,2,No,No,No
CUST-01705,12,One year,103.85,1215.64,Bank transfer (automatic),4,Fiber optic,Yes,Yes
CUST-01706,36,Month-to-month,83.1,3028.68,Electronic check,1,Fiber optic,Yes,Yes
CUST-01707,6,One year,87.94,528.91,Electronic check,1,Fiber optic,No,Yes
CUST-01708,7,Month-to-month,84.14,605.21,Credit card (automatic),2,Fiber optic,No,Yes
CUST-01709,16,Month-to-month,117.16,1837.18,Credit card (automatic),2,Fiber optic,Yes,No
CUST-01710,1,Month-to-month,93.75,92.37,Electronic check,2,Fiber optic,Yes,Yes
CUST-01711,27,Month-to-month,76.53,2115.36,Credit card (automatic),2,Fiber optic,Yes,No
CUST-01712,17,One year,46.95,821.14,Electronic check,0,DSL,Yes,No
CUST-01713,1,Month-to-month,85.13,83.39,Mailed check,4,Fiber optic,No,No
CUST-01714,62,One year,21.26,1289.22,Mailed check,3,No,No,No
CUST-01715,42,Month-to-month,53.01,2287.91,Mailed check,0,DSL,No,No
CUST-01716,0,Month-to-month,96.84, ,Mailed check,0,Fiber optic,Yes,No
CUST-01717,27,Month-to-month,112.5,3122.18,Bank transfer (automatic),2,Fiber optic,No,No
CUST-01718,26,Month-to-month,71.19,1889.43,Bank transfer (automatic),4,DSL,Yes,Yes
CUST-01719,7,Month-to-month,63.58,447.25,Credit card (automatic),1,DSL,No,Yes
CUST-01720,38,Two year,105.31,4064.88,Electronic check,3,Fiber optic,No,No
CUST-01721,3,Month-to-month,102.29,311.98,Credit card (automatic),1,Fiber optic,No,No
CUST-01722,30,Month-to-month,44.9,1337.66,Credit card (automatic),4,DSL,Yes,Yes
CUST-01723,58,Two year,100.94,5902.01,Electronic check,2,Fiber optic,Yes,No
CUST-01724,5,Month-to-month,112.51,577.39,Electronic check,2,Fiber optic,Yes,No
CUST-01725,15,One year,110.46,1646.65,Electronic check,1,Fiber optic,Yes,No
CUST-01726,46,Month-to-month,59.61,2703.52,Mailed check,4,DSL,Yes,Yes
CUST-01727,2,Month-to-month,54.36,110.42,Bank transfer (automatic),2,DSL,Yes,Yes
CUST-01728,60,Month-to-month,88.42,5445.52,Bank transfer (automatic),3,Fiber optic,No,Yes
CUST-01729,12,Month-to-month,97.58,1175.84,Mailed check,3,Fiber optic,Yes,Yes
CUST-01730,45,Two year,89.97,4081.28,Bank transfer (automatic),1,Fiber optic,Yes,Yes
CUST-01731,1,Month-to-month,55.18,54.52,Bank transfer (automatic),2,DSL,Yes,No
CUST-01732,14,Month-to-month,46.82,651.35,Bank transfer (automatic),0,DSL,No,No
CUST-01733,14,One year,75.18,1055.53,Bank transfer (automatic),1,Fiber optic,No,Yes
CUST-01734,0,One year,71.43, ,Electronic check,0,Fiber optic,No,Yes
CUST-01735,44,Month-to-month,25.7,1156.32,Bank transfer (automatic),3,No,No,Yes
CUST-01736,31,One year,55.7,1766.69,Electronic check,1,DSL,No,No
CUST-01737,33,Month-to-month,45.14,1502.79,Bank transfer (automatic),3,DSL,Yes,Yes
CUST-01738,11,Month-to-month,97.67,1078.43,Bank transfer (automatic),4,Fiber optic,No,No
CUST-01739,2,Month-to-month,102.91,206.49,Credit card (automatic),3,Fiber optic,Yes,Yes
CUST-01740,0,Month-to-month,67.28, ,Mailed check,2,DSL,Yes,Yes
CUST-01741,3,Month-to-month,117.26,341.62,Mailed check,3,Fiber optic,Yes,Yes
CUST-01742,69,Two year,80.4,5595.50,Mailed check,2,Fiber optic,No,No
CUST-01743,5,Two year,113.62,559.00,Electronic check,2,Fiber optic,Yes,Yes
CUST-01744,55,Two year,75.49,4099.04,Electronic check,2,DSL,No,No
CUST-01745,33,One year,21.68,735.17,Bank transfer (automatic),2,No,Yes,No
CUST-01746,65,One year,116.45,7464.28,Electronic check,1,Fiber optic,Yes,Yes
CUST-01747,17,Month-to-month,19.76,344.51,Mailed check,3,No,No,Yes
CUST-01748,25,One year,54.86,1371.70,Electronic check,1,DSL,No,No
CUST-01749,43,One year,23.95,1004.86,Credit card (automatic),1,No,Yes,No
CUST-01750,0,Two year,116.07, ,Bank transfer (automatic),1,Fiber optic,Yes,No
CUST-01751,43,One year,73.8,3109.08,Electronic check,1,Fiber optic,Yes,No
CUST-01752,9,Month-to-month,66.99,590.94,Electronic check,1,DSL,No,No
CUST-01753,1,Month-to-month,25.32,25.02,Electronic check,0,No,No,Yes
CUST-01754,24,Month-to-month,46.25,1101.45,Bank transfer (automatic),1,DSL,Yes,No
CUST-01755,5,Month-to-month,49.16,245.27,Bank transfer (automatic),0,DSL,Yes,No
CUST-01756,1,Month-to-month,67.15,67.47,Electronic check,2,DSL,Yes,Yes
CUST-01757,40,Month-to-month,22.99,935.45,Bank transfer (automatic),1,No,Yes,Yes
CUST-01758,13,Two year,53.36,683.98,Electronic check,2,DSL,Yes,No
CUST-01759,45,Month-to-month,76.59,3412.68,Credit card (automatic),3,DSL,Yes,Yes
CUST-01760,27,One year,88.85,2437.71,Mailed check,1,Fiber optic,No,No
CUST-01761,12,Month-to-month,20.81,250.79,Credit card (automatic),2,No,No,Yes
CUST-01762,1,One year,111.01,112.48,Bank transfer (automatic),0,Fiber optic,No,No
CUST-01763,29,Two year,62.94,1843.71,Mailed check,3,DSL,Yes,No
CUST-01764,40,One year,91.55,3592.35,Credit card (automatic),3,Fiber optic,Yes,No
CUST-01765,14,One year,96.56,1358.73,Electronic check,2,Fiber optic,Yes,Yes
CUST-01766,60,Month-to-month,104.95,6426.68,Bank transfer (automatic),0,Fiber optic,Yes,No
CUST-01767,31,Two year,74.07,2363.56,Electronic check,3,Fiber optic,Yes,No
CUST-01768,2,One year,54.64,106.51,Credit card (automatic),1,DSL,Yes,No
CUST-01769,18,One year,24.7,438.93,Credit card (automatic),2,No,No,No
CUST-01770,63,One year,23.74,1451.27,Bank transfer (automatic),3,No,Yes,No
CUST-01771,42,Month-to-month,73.59,3031.13,Electronic check,1,Fiber optic,No,No
CUST-01772,28,Month-to-month,92.44,2614.26,Mailed check,3,Fiber optic,Yes,No
CUST-01773,29,Month-to-month,53.71,1553.01,Bank transfer (automatic),2,DSL,Yes,No
CUST-01774,48,One year,108.65,5234.96,Mailed check,3,Fiber optic,Yes,No
CUST-01775,3,Month-to-month,19.33,56.53,Credit card (automatic),0,No,Yes,Yes
CUST-01776,44,Month-to-month,19.34,847.24,Mailed check,1,No,No,No
CUST-01777,37,Two year,23.81,864.84,Bank transfer (automatic),1,No,Yes,No
CUST-01778,22,Two year,78.43,1744.99,Electronic check,3,DSL,No,No
CUST-01779,29,Two year,21.18,611.28,Bank transfer (automatic),1,No,Yes,Yes
CUST-01780,61,Month-to-month,73.93,4552.97,Credit card (automatic),3,DSL,No,Yes
CUST-01781,8,Month-to-month,21.24,166.06,Mailed check,2,No,Yes,Yes
CUST-01782,4,Month-to-month,23.18,90.58,Credit card (automatic),0,No,Yes,Yes
CUST-01783,34,One year,93.73,3203.29,Electronic check,3,Fiber optic,Yes,No
CUST-01784,39,Two year,23.82,950.81,Electronic check,4,No,Yes,Yes
CUST-01785,20,One year,72.79,1477.26,Mailed check,3,Fiber optic,Yes,No
CUST-01786,10,Month-to-month,62.5,636.43,Mailed check,1,DSL,Yes,No
CUST-01787,56,Two year,118.67,6525.69,Credit card (automatic),1,Fiber optic,No,No
CUST-01788,50,Month-to-month,106.64,5334.85,Credit card (automatic),1,Fiber optic,No,No
CUST-01789,34,Month-to-month,50.88,1769.83,Electronic check,3,DSL,No,Yes
CUST-01790,22,Month-to-month,20.54,463.71,Bank transfer (automatic),1,No,No,Yes
CUST-01791,5,Month-to-month,103.6,504.23,Bank transfer (automatic),2,Fiber optic,No,Yes
CUST-01792,31,Two year,47.92,1455.17,Electronic check,1,DSL,Yes,No
CUST-01793,1,One year,42.76,41.74,Electronic check,3,DSL,No,Yes
CUST-01794,5,Month-to-month,24.05,117.87,Electronic check,0,No,No,Yes
CUST-01795,17,Month-to-month,64.32,1070.96,Electronic check,1,DSL,No,No
CUST-01796,51,One year,23.3,1186.49,Electronic check,1,No,Yes,No
CUST-01797,4,Two year,18.42,72.95,Credit card (automatic),1,No,No,No
CUST-01798,6,Month-to-month,21.09,123.36,Credit card (automatic),0,No,Yes,No
CUST-01799,53,Two year,61.86,3243.66,Bank transfer (automatic),2,DSL,No,No
CUST-01800,24,Month-to-month,104.02,2556.49,Credit card (automatic),2,Fiber optic,Yes,No
CUST-01801,7,One year,73.24,511.53,Bank transfer (automatic),2,DSL,No,No
CUST-01802,37,Two year,52.93,1986.05,Electronic check,0,DSL,Yes,No
CUST-01803,43,Two year,25.05,1060.36,Credit card (automatic),0,No,No,No
CUST-01804,1,One year,66.97,66.83,Electronic check,1,DSL,No,No
CUST-01805,9,Month-to-month,57.01,524.90,Electronic check,1,DSL,No,No
CUST-01806,4,One year,102.27,418.81,Bank transfer (automatic),2,Fiber optic,Yes,No
CUST-01807,7,Month-to-month,66.56,456.13,Electronic check,5,DSL,Yes,No
CUST-01808,35,Two year,50.28,1742.47,Bank transfer (automatic),1,DSL,No,No
CUST-01809,15,One year,70.3,1044.40,Electronic check,1,Fiber optic,Yes,Yes
CUST-01810,6,Month-to-month,46.96,278.23,Bank transfer (automatic),3,DSL,Yes,No
CUST-01811,22,One year,116.55,2550.90,Credit card (automatic),3,Fiber optic,Yes,No
CUST-01812,26,Month-to-month,24.69,640.64,Mailed check,1,No,Yes,No
CUST-01813,13,Two year,78.4,1020.97,Electronic check,1,Fiber optic,No,No
CUST-01814,24,Month-to-month,102.15,2384.30,Electronic check,2,Fiber optic,Yes,Yes
CUST-01815,13,Month-to-month,75.85,970.28,Mailed check,1,DSL,Yes,No
CUST-01816,6,Month-to-month,25.12,152.04,Credit card (automatic),2,No,No,No
CUST-01817,12,One year,22.48,272.42,Mailed check,2,No,No,Yes
CUST-01818,51,Two year,68.84,3533.49,Bank transfer (automatic),3,DSL,No,No
CUST-01819,60,Two year,56.84,3350.19,Bank transfer (automatic),0,DSL,No,No
CUST-01820,69,Month-to-month,73.52,5047.78,Bank transfer (automatic),1,Fiber optic,Yes,Yes
CUST-01821,13,Month-to-month,95.78,1247.01,Mailed check,1,Fiber optic,Yes,Yes
CUST-01822,3,Month-to-month,85.51,251.50,Mailed check,3,Fiber optic,Yes,Yes
CUST-01823,58,Month-to-month,21.3,1269.09,Bank transfer (automatic),4,No,Yes,No
CUST-01824,63,Month-to-month,48.83,3084.37,Bank transfer (automatic),2,DSL,Yes,No
CUST-01825,22,Month-to-month,23.76,509.07,Electronic check,2,No,Yes,No
CUST-01826,34,Month-to-month,25.36,876.56,Bank transfer (automatic),1,No,No,No
CUST-01827,43,Two year,104.16,4612.78,Bank transfer (automatic),6,Fiber optic,No,Yes
CUST-01828,9,Month-to-month,94.0,828.12,Bank transfer (automatic),2,Fiber optic,Yes,No
CUST-01829,39,One year,57.76,2189.11,Electronic check,2,DSL,No,No
CUST-01830,14,Month-to-month,22.38,314.22,Credit card (automatic),1,No,Yes,No
CUST-01831,61,Month-to-month,23.13,1373.48,Credit card (automatic),1,No,Yes,No
CUST-01832,9,Month-to-month,76.18,668.56,Electronic check,1,Fiber optic,No,No
CUST-01833,5,Month-to-month,24.18,121.16,Credit card (automatic),1,No,No,Yes
CUST-01834,2,Month-to-month,70.26,144.37,Credit card (automatic),2,Fiber optic,Yes,No
CUST-01835,3,Month-to-month,111.2,325.18,Bank transfer (automatic),4,Fiber optic,Yes,No
CUST-01836,0,Two year,94.49, ,Bank transfer (automatic),0,Fiber optic,Yes,No
CUST-01837,53,One year,91.19,4848.97,Electronic check,3,Fiber optic,Yes,No
CUST-01838,35,Month-to-month,75.89,2657.53,Mailed check,5,Fiber optic,No,Yes
CUST-01839,60,One year,98.48,5949.71,Bank transfer (automatic),1,Fiber optic,Yes,No
CUST-01840,12,Month-to-month,74.34,912.40,Electronic check,0,Fiber optic,No,No
CUST-01841,16,Month-to-month,112.22,1792.60,Credit card (automatic),1,Fiber optic,Yes,Yes
CUST-01842,1,Month-to-month,84.74,85.09,Electronic check,1,Fiber optic,No,No
CUST-01843,17,Month-to-month,78.41,1339.09,Mailed check,1,Fiber optic,Yes,Yes
CUST-01844,19,One year,20.13,374.21,Credit card (automatic),2,No,Yes,No
CUST-01845,32,One year,95.99,3025.75,Electronic check,2,Fiber optic,Yes,No
CUST-01846,2,Month-to-month,62.88,123.63,Bank transfer (automatic),5,DSL,Yes,Yes
CUST-01847,24,Two year,86.5,2054.18,Mailed check,2,Fiber optic,No,No
CUST-01848,57,Month-to-month,71.2,3992.99,Bank transfer (automatic),1,DSL,Yes,Yes
CUST-01849,5,One year,56.26,278.63,Bank transfer (automatic),2,DSL,No,Yes
CUST-01850,58,Month-to-month,58.43,3422.79,Bank transfer (automatic),1,DSL,Yes,No
CUST-01851,32,Month-to-month,47.23,1493.00,Credit card (automatic),1,DSL,No,No
CUST-01852,46,One year,76.61,3521.68,Electronic check,3,Fiber optic,Yes,No
CUST-01853,19,Month-to-month,19.01,369.95,Electronic check,1,No,Yes,No
CUST-01854,2,Two year,19.35,39.66,Credit card (automatic),1,No,No,Yes
CUST-01855,0,Month-to-month,113.88, ,Bank transfer (automatic),1,Fiber optic,No,No
CUST-01856,40,One year,23.39,957.66,Credit card (automatic),3,No,No,No
CUST-01857,29,One year,102.76,2965.07,Mailed check,1,Fiber optic,Yes,No
CUST-01858,2,Month-to-month,47.81,96.78,Bank transfer (automatic),2,DSL,Yes,No
CUST-01859,2,Month-to-month,61.41,121.32,Bank transfer (automatic),0,DSL,Yes,No
CUST-01860,6,One year,21.91,133.35,Electronic check,0,No,No,No
CUST-01861,40,One year,84.02,3452.98,Electronic check,1,Fiber optic,No,No
CUST-01862,3,One year,83.17,254.78,Electronic check,2,Fiber optic,Yes,Yes
CUST-01863,38,One year,107.17,4002.42,Mailed check,1,Fiber optic,Yes,Yes
CUST-01864,2,Month-to-month,20.49,41.02,Mailed check,3,No,No,Yes
CUST-01865,27,Two year,98.88,2726.27,Mailed check,0,Fiber optic,Yes,No
CUST-01866,54,Two year,114.82,6316.18,Credit card (automatic),5,Fiber optic,No,Yes
CUST-01867,44,Two year,61.21,2667.18,Electronic check,1,DSL,Yes,No
CUST-01868,44,One year,64.48,2910.19,Mailed check,1,DSL,Yes,No
CUST-01869,32,Month-to-month,74.36,2427.86,Credit card (automatic),2,DSL,No,No
CUST-01870,18,Two year,105.15,1841.78,Credit card (automatic),1,Fiber optic,Yes,No
CUST-01871,25,Month-to-month,70.66,1818.72,Mailed check,3,Fiber optic,Yes,Yes
CUST-01872,5,One year,77.06,389.08,Bank transfer (automatic),4,Fiber optic,Yes,Yes
CUST-01873,18,Two year,83.12,1521.25,Mailed check,3,Fiber optic,No,No
CUST-01874,50,Two year,90.98,4472.23,Mailed check,2,Fiber optic,Yes,No
CUST-01875,7,Month-to-month,83.46,601.49,Electronic check,2,Fiber optic,No,Yes
CUST-01876,11,Month-to-month,92.49,1020.35,Electronic check,1,Fiber optic,No,No
CUST-01877,35,One year,108.21,3827.08,Electronic check,3,Fiber optic,Yes,Yes
CUST-01878,48,Two year,77.92,3736.63,Mailed check,3,DSL,Yes,No
CUST-01879,30,Two year,100.68,3083.67,Electronic check,2,Fiber optic,Yes,No
CUST-01880,23,Two year,112.42,2547.43,Bank transfer (automatic),0,Fiber optic,No,No
CUST-01881,6,Month-to-month,20.83,122.07,Bank transfer (automatic),1,No,No,No
CUST-01882,33,Month-to-month,76.67,2548.88,Electronic check,2,Fiber optic,Yes,No
CUST-01883,44,Two year,110.61,4729.13,Bank transfer (automatic),1,Fiber optic,Yes,No
CUST-01884,33,Month-to-month,70.59,2265.14,Mailed check,3,DSL,No,No
CUST-01885,17,Month-to-month,51.1,853.69,Bank transfer (automatic),2,DSL,Yes,No
CUST-01886,2,One year,22.29,43.26,Credit card (automatic),0,No,No,No
CUST-01887,9,Month-to-month,25.7,225.37,Electronic check,3,No,No,Yes
CUST-01888,35,Month-to-month,77.88,2710.76,Mailed check,0,DSL,Yes,No
CUST-01889,17,Month-to-month,92.04,1554.72,Mailed check,1,Fiber optic,Yes,Yes
CUST-01890,21,Two year,52.82,1113.97,Bank transfer (automatic),4,DSL,Yes,Yes
CUST-01891,12,Two year,84.31,997.04,Bank transfer (automatic),3,Fiber optic,Yes,No
CUST-01892,8,Month-to-month,24.84,197.14,Electronic check,1,No,Yes,Yes
CUST-01893,42,Two year,66.85,2845.85,Bank transfer (automatic),3,DSL,Yes,No
CUST-01894,3,Month-to-month,64.32,189.92,Electronic check,0,DSL,No,Yes
CUST-01895,4,Month-to-month,83.06,322.73,Credit card (automatic),2,Fiber optic,Yes,No
CUST-01896,68,Two year,57.29,3825.87,Electronic check,0,DSL,Yes,No
CUST-01897,49,One year,97.19,4734.29,Credit card (automatic),0,Fiber optic,No,No
CUST-01898,10,Month-to-month,95.4,974.66,Credit card (automatic),1,Fiber optic,No,No
CUST-01899,0,Month-to-month,44.42, ,Credit card (automatic),2,DSL,Yes,No
CUST-01900,13,One year,21.9,288.71,Electronic check,3,No,No,No
CUST-01901,34,One year,99.76,3419.61,Electronic check,3,Fiber optic,Yes,Yes
CUST-01902,26,One year,24.16,622.22,Bank transfer (automatic),0,No,Yes,Yes
CUST-01903,1,One year,19.21,19.43,Bank transfer (automatic),2,No,Yes,No
CUST-01904,13,Month-to-month,24.43,319.08,Bank transfer (automatic),2,No,No,Yes
CUST-01905,46,Two year,18.95,881.92,Electronic check,1,No,Yes,No
CUST-01906,4,Month-to-month,22.0,90.63,Bank transfer (automatic),1,No,Yes,Yes
CUST-01907,21,Month-to-month,74.14,1584.93,Mailed check,3,Fiber optic,No,No
CUST-01908,55,Two year,109.85,6026.10,Electronic check,3,Fiber optic,Yes,No
CUST-01909,41,One year,59.38,2502.14,Bank transfer (automatic),0,DSL,No,No
CUST-01910,43,Two year,100.25,4233.49,Electronic check,3,Fiber optic,Yes,No
CUST-01911,42,Two year,21.99,931.00,Bank transfer (automatic),0,No,No,No
CUST-01912,17,Two year,59.28,997.42,Bank transfer (automatic),1,DSL,No,No
CUST-01913,25,Month-to-month,49.15,1199.36,Bank transfer (automatic),5,DSL,No,Yes
CUST-01914,14,One year,25.33,364.75,Bank transfer (automatic),4,No,Yes,Yes
CUST-01915,5,One year,105.52,527.46,Electronic check,1,Fiber optic,Yes,Yes
CUST-01916,19,Month-to-month,97.63,1845.82,Electronic check,0,Fiber optic,No,No
CUST-01917,18,Month-to-month,80.04,1410.22,Mailed check,0,Fiber optic,No,Yes
CUST-01918,19,Month-to-month,89.52,1729.74,Credit card (automatic),0,Fiber optic,Yes,No
CUST-01919,5,Month-to-month,86.69,426.19,Credit card (automatic),3,Fiber optic,Yes,Yes
CUST-01920,0,One year,70.0, ,Mailed check,0,DSL,Yes,No
CUST-01921,29,One year,79.4,2293.83,Bank transfer (automatic),1,Fiber optic,Yes,No
CUST-01922,31,One year,23.25,719.45,Electronic check,0,No,No,No
CUST-01923,11,Month-to-month,25.02,269.79,Electronic check,0,No,No,No
CUST-01924,20,Month-to-month,110.87,2254.82,Bank transfer (automatic),1,Fiber optic,Yes,No
CUST-01925,7,Month-to-month,20.8,148.36,Electronic check,1,No,Yes,Yes
CUST-01926,42,Two year,77.4,3340.50,Bank transfer (automatic),4,Fiber optic,Yes,Yes
CUST-01927,10,One year,87.68,876.87,Electronic check,3,Fiber optic,No,No
CUST-01928,20,Two year,21.21,421.56,Credit card (automatic),3,No,No,No
CUST-01929,52,Two year,22.28,1148.77,Mailed check,3,No,Yes,No
CUST-01930,55,Month-to-month,18.59,1049.59,Electronic check,1,No,No,Yes
CUST-01931,24,Month-to-month,94.9,2312.98,Credit card (automatic),3,Fiber optic,No,Yes
CUST-01932,9,Two year,64.52,581.21,Bank transfer (automatic),0,DSL,No,No
CUST-01933,1,Month-to-month,76.79,77.82,Credit card (automatic),2,DSL,No,No
CUST-01934,54,Two year,68.88,3706.38,Electronic check,1,DSL,No,No
CUST-01935,23,One year,71.38,1668.39,Electronic check,0,Fiber optic,Yes,No
CUST-01936,9,One year,78.54,725.07,Mailed check,1,Fiber optic,Yes,No
CUST-01937,23,Month-to-month,93.18,2106.54,Electronic check,3,Fiber optic,Yes,Yes
CUST-01938,20,One year,25.57,507.37,Mailed check,2,No,No,No
CUST-01939,13,One year,99.31,1302.57,Electronic check,1,Fiber optic,Yes,Yes
CUST-01940,61,Two year,111.16,6789.18,Electronic check,0,Fiber optic,Yes,No
CUST-01941,56,Two year,19.03,1064.77,Electronic check,6,No,Yes,Yes
CUST-01942,20,Two year,21.53,439.34,Electronic check,3,No,No,No
CUST-01943,31,Month-to-month,18.42,579.58,Credit card (automatic),1,No,No,Yes
CUST-01944,31,One year,82.11,2549.17,Electronic check,1,Fiber optic,Yes,No
CUST-01945,47,Two year,72.03,3333.78,Credit card (automatic),3,DSL,Yes,No
CUST-01946,54,Two year,22.92,1258.16,Mailed check,1,No,Yes,No
CUST-01947,29,One year,52.77,1524.66,Electronic check,1,DSL,Yes,No
CUST-01948,31,Two year,111.05,3529.48,Credit card (automatic),3,Fiber optic,Yes,No
CUST-01949,10,Month-to-month,105.84,1026.84,Credit card (automatic),1,Fiber optic,Yes,Yes
CUST-01950,0,Month-to-month,60.76, ,Bank transfer (automatic),1,DSL,Yes,Yes
CUST-01951,43,One year,44.11,1904.48,Electronic check,1,DSL,Yes,No
CUST-01952,54,One year,75.49,4104.79,Credit card (automatic),1,DSL,No,No
CUST-01953,4,Two year,23.27,91.06,Electronic check,0,No,Yes,No
CUST-01954,40,Two year,109.66,4388.07,Electronic check,1,Fiber optic,No,No
CUST-01955,33,One year,76.57,2468.56,Credit card (automatic),3,DSL,Yes,Yes
CUST-01956,35,Two year,19.29,671.09,Electronic check,2,No,Yes,No
CUST-01957,24,Month-to-month,106.7,2587.98,Bank transfer (automatic),1,Fiber optic,No,No
CUST-01958,49,One year,77.53,3840.59,Mailed check,2,Fiber optic,Yes,Yes
CUST-01959,2,One year,61.27,122.39,Mailed check,2,DSL,No,No
CUST-01960,30,One year,105.44,3225.46,Bank transfer (automatic),4,Fiber optic,Yes,No
CUST-01961,10,Month-to-month,61.44,617.27,Electronic check,0,DSL,Yes,No
CUST-01962,51,Two year,93.04,4773.90,Mailed check,4,Fiber optic,No,Yes
CUST-01963,25,Month-to-month,83.81,2054.39,Mailed check,2,Fiber optic,No,Yes
CUST-01964,41,One year,24.01,982.55,Credit card (automatic),1,No,Yes,No
CUST-01965,65,Month-to-month,18.92,1196.51,Mailed check,3,No,Yes,Yes
CUST-01966,1,Two year,19.99,19.70,Credit card (automatic),1,No,Yes,No
CUST-01967,61,Two year,44.14,2644.95,Credit card (automatic),0,DSL,No,No
CUST-01968,30,Month-to-month,78.63,2341.07,Credit card (automatic),0,Fiber optic,Yes,Yes
CUST-01969,11,One year,21.31,234.02,Credit card (automatic),3,No,No,No
CUST-01970,33,One year,43.58,1414.63,Bank transfer (automatic),0,DSL,Yes,No
CUST-01971,64,Month-to-month,50.76,3162.83,Bank transfer (automatic),4,DSL,No,Yes
CUST-01972,2,Month-to-month,71.98,142.64,Credit card (automatic),1,Fiber optic,Yes,No
CUST-01973,19,Month-to-month,112.69,2089.86,Bank transfer (automatic),4,Fiber optic,No,Yes
CUST-01974,20,Month-to-month,113.39,2218.41,Credit card (automatic),3,Fiber optic,Yes,Yes
CUST-01975,36,One year,67.93,2490.60,Credit card (automatic),3,DSL,Yes,No
CUST-01976,16,One year,22.71,361.52,Bank transfer (automatic),3,No,Yes,No
CUST-01977,1,Two year,71.47,70.81,Mailed check,2,DSL,Yes,No
CUST-01978,21,Month-to-month,52.74,1078.62,Electronic check,1,DSL,No,No
CUST-01979,11,Month-to-month,69.51,759.83,Electronic check,1,DSL,No,Yes
CUST-01980,4,Month-to-month,86.1,345.62,Electronic check,2,Fiber optic,Yes,Yes
CUST-01981,1,Month-to-month,91.59,90.65,Credit card (automatic),3,Fiber optic,No,No
CUST-01982,42,Two year,25.6,1079.31,Credit card (automatic),1,No,No,No
CUST-01983,26,Month-to-month,24.59,658.48,Electronic check,2,No,No,Yes
CUST-01984,39,Two year,90.41,3507.48,Bank transfer (automatic),2,Fiber optic,Yes,No
CUST-01985,1,Two year,114.12,114.55,Electronic check,3,Fiber optic,Yes,Yes
CUST-01986,26,Two year,74.74,1906.42,Bank transfer (automatic),2,Fiber optic,Yes,No
CUST-01987,25,Month-to-month,25.02,632.59,Electronic check,1,No,Yes,Yes
CUST-01988,20,Two year,113.35,2200.51,Credit card (automatic),4,Fiber optic,Yes,Yes
CUST-01989,12,Month-to-month,66.04,777.44,Electronic check,1,DSL,No,Yes
CUST-01990,51,Two year,54.32,2747.96,Electronic check,2,DSL,No,No
CUST-01991,31,One year,72.43,2279.15,Credit card (automatic),1,DSL,Yes,No
CUST-01992,9,Month-to-month,83.27,759.72,Electronic check,2,Fiber optic,Yes,No
CUST-01993,59,Two year,76.93,4643.09,Electronic check,8,Fiber optic,Yes,No
CUST-01994,17,One year,96.87,1692.93,Electronic check,1,Fiber optic,Yes,Yes
CUST-01995,20,Two year,47.19,926.48,Electronic check,2,DSL,No,Yes
CUST-01996,10,Month-to-month,55.51,570.10,Credit card (automatic),1,DSL,Yes,Yes
CUST-01997,1,Month-to-month,22.6,22.25,Mailed check,3,No,Yes,No
CUST-01998,9,Month-to-month,80.12,726.25,Electronic check,3,Fiber optic,No,No
CUST-01999,30,Month-to-month,57.56,1691.75,Electronic check,2,DSL,No,No
CUST-02000,22,One year,20.56,439.34,Electronic check,2,No,No,No
CUST-02001,31,Month-to-month,48.12,1475.21,Bank transfer (automatic),1,DSL,Yes,Yes
CUST-02002,13,One year,23.0,294.01,Electronic check,2,No,No,No
CUST-02003,70,One year,64.35,4461.72,Bank transfer (automatic),2,DSL,Yes,No
CUST-02004,63,Two year,62.85,3907.03,Bank transfer (automatic),4,DSL,Yes,Yes
CUST-02005,14,One year,25.23,345.07,Mailed check,1,No,No,No
CUST-02006,14,Two year,76.23,1048.56,Bank transfer (automatic),1,DSL,No,Yes
CUST-02007,44,Two year,97.9,4201.06,Electronic check,1,Fiber optic,Yes,No
CUST-02008,56,Two year,106.01,5947.35,Mailed check,1,Fiber optic,Yes,No
CUST-02009,19,Month-to-month,71.8,1391.02,Mailed check,2,DSL,Yes,Yes
CUST-02010,7,Month-to-month,75.36,529.81,Electronic check,3,Fiber optic,Yes,Yes
CUST-02011,44,One year,24.59,1070.58,Electronic check,3,No,Yes,No
CUST-02012,45,Two year,70.25,3226.96,Bank transfer (automatic),5,Fiber optic,No,Yes
CUST-02013,22,One year,70.1,1510.13,Electronic check,3,Fiber optic,Yes,Yes
CUST-02014,17,Month-to-month,85.13,1475.53,Credit card (automatic),2,Fiber optic,Yes,No
CUST-02015,17,Two year,24.2,414.29,Bank transfer (automatic),1,No,Yes,No
CUST-02016,34,One year,114.92,3837.06,Electronic check,0,Fiber optic,No,No
CUST-02017,5,Month-to-month,21.24,104.34,Bank transfer (automatic),0,No,Yes,Yes
CUST-02018,33,One year,65.47,2103.32,Credit card (automatic),3,DSL,Yes,No
CUST-02019,32,One year,93.04,3046.17,Credit card (automatic),2,Fiber optic,No,No
CUST-02020,6,Month-to-month,83.63,509.35,Electronic check,1,Fiber optic,Yes,Yes
CUST-02021,49,Two year,112.3,5645.47,Mailed check,1,Fiber optic,Yes,No
CUST-02022,34,Month-to-month,98.61,3297.71,Bank transfer (automatic),3,Fiber optic,Yes,Yes
CUST-02023,18,Month-to-month,23.42,410.05,Credit card (automatic),2,No,Yes,Yes
CUST-02024,7,Month-to-month,64.97,454.65,Bank transfer (automatic),4,DSL,Yes,Yes
CUST-02025,29,Two year,74.1,2125.07,Mailed check,1,Fiber optic,Yes,No
CUST-02026,58,One year,72.7,4195.01,Electronic check,3,DSL,Yes,No
CUST-02027,20,Two year,18.54,370.00,Electronic check,1,No,Yes,No
CUST-02028,44,Two year,103.68,4642.06,Bank transfer (automatic),4,Fiber optic,No,Yes
CUST-02029,31,Two year,47.64,1496.07,Electronic check,0,DSL,No,No
CUST-02030,19,Month-to-month,62.42,1205.86,Mailed check,0,DSL,No,No
CUST-02031,24,Month-to-month,76.21,1799.05,Mailed check,2,Fiber optic,Yes,Yes
CUST-02032,26,Month-to-month,25.52,645.26,Bank transfer (automatic),2,No,Yes,No
CUST-02033,18,One year,58.24,1072.09,Electronic check,2,DSL,Yes,No
CUST-02034,42,One year,108.67,4529.48,Mailed check,1,Fiber optic,Yes,No
CUST-02035,33,Month-to-month,24.22,791.33,Bank transfer (automatic),2,No,No,No
CUST-02036,55,Two year,46.92,2617.52,Bank transfer (automatic),0,DSL,No,No
CUST-02037,61,One year,97.6,5818.31,Mailed check,4,Fiber optic,No,Yes
CUST-02038,8,Month-to-month,118.71,942.26,Bank transfer (automatic),3,Fiber optic,Yes,Yes
CUST-02039,34,Two year,56.41,1913.19,Mailed check,1,DSL,Yes,No
CUST-02040,13,Two year,74.66,998.96,Credit card (automatic),3,Fiber optic,Yes,No
CUST-02041,9,Month-to-month,107.26,980.98,Credit card (automatic),4,Fiber optic,Yes,Yes
CUST-02042,5,Month-to-month,64.13,327.64,Credit card (automatic),5,DSL,No,Yes
CUST-02043,32,Month-to-month,104.83,3419.14,Credit card (automatic),2,Fiber optic,Yes,Yes
CUST-02044,20,Month-to-month,95.94,1894.17,Credit card (automatic),2,Fiber optic,No,No
CUST-02045,41,Month-to-month,20.27,814.77,Electronic check,2,No,Yes,Yes
CUST-02046,0,Two year,92.82, ,Bank transfer (automatic),1,Fiber optic,No,No
CUST-02047,30,Two year,63.82,1965.21,Bank transfer (automatic),0,DSL,Yes,No
CUST-02048,8,Month-to-month,81.58,635.48,Credit card (automatic),3,Fiber optic,Yes,Yes
CUST-02049,49,Two year,111.64,5493.11,Credit card (automatic),2,Fiber optic,Yes,No
CUST-02050,33,Month-to-month,90.06,2942.75,Mailed check,1,Fiber optic,Yes,No
CUST-02051,26,Month-to-month,68.53,1805.63,Electronic check,1,DSL,No,Yes
CUST-02052,2,Month-to-month,116.02,228.63,Electronic check,1,Fiber optic,Yes,Yes
CUST-02053,19,One year,90.26,1742.13,Electronic check,2,Fiber optic,Yes,No
CUST-02054,50,Two year,59.29,2954.31,Electronic check,4,DSL,No,Yes
CUST-02055,28,Two year,78.95,2212.30,Bank transfer (automatic),3,Fiber optic,No,Yes
CUST-02056,12,Month-to-month,88.34,1077.25,Electronic check,0,Fiber optic,Yes,Yes
CUST-02057,18,Two year,95.79,1738.18,Bank transfer (automatic),0,Fiber optic,Yes,Yes
CUST-02058,67,One year,19.97,1354.64,Electronic check,1,No,No,Yes
CUST-02059,2,Month-to-month,43.45,87.45,Bank transfer (automatic),1,DSL,Yes,No
CUST-02060,34,Month-to-month,51.88,1806.40,Bank transfer (automatic),3,DSL,Yes,No
CUST-02061,53,Two year,67.35,3515.50,Bank transfer (automatic),2,DSL,Yes,No
CUST-02062,11,One year,73.74,800.30,Electronic check,1,DSL,No,No
CUST-02063,9,One year,76.39,700.10,Electronic check,2,Fiber optic,Yes,No
CUST-02064,3,Month-to-month,66.95,195.51,Credit card (automatic),2,DSL,Yes,No
CUST-02065,31,Month-to-month,54.88,1682.31,Electronic check,2,DSL,Yes,No
CUST-02066,28,Month-to-month,53.46,1534.51,Electronic check,2,DSL,No,Yes
CUST-02067,50,One year,91.09,4510.16,Electronic check,2,Fiber optic,No,No
CUST-02068,43,One year,112.45,4960.37,Electronic check,4,Fiber optic,No,Yes
CUST-02069,11,Month-to-month,98.31,1103.53,Bank transfer (automatic),4,Fiber optic,Yes,Yes
CUST-02070,31,Month-to-month,65.82,2080.51,Bank transfer (automatic),1,DSL,Yes,No
CUST-02071,52,Month-to-month,46.67,2369.61,Electronic check,1,DSL,Yes,Yes
CUST-02072,11,Month-to-month,19.15,204.66,Credit card (automatic),1,No,Yes,No
CUST-02073,7,Month-to-month,22.02,157.43,Credit card (automatic),2,No,No,No
CUST-02074,6,One year,23.64,143.63,Mailed check,1,No,No,No
CUST-02075,28,Two year,49.62,1379.00,Credit card (automatic),1,DSL,No,No
CUST-02076,30,One year,96.71,2872.81,Bank transfer (automatic),3,Fiber optic,No,No
CUST-02077,56,Two year,114.68,6258.23,Credit card (automatic),3,Fiber optic,No,No
CUST-02078,27,Month-to-month,95.0,2571.46,Mailed check,2,Fiber optic,Yes,No
CUST-02079,36,One year,21.86,787.70,Electronic check,2,No,Yes,No
CUST-02080,20,Month-to-month,63.8,1286.21,Electronic check,2,DSL,Yes,No
CUST-02081,2,Month-to-month,103.76,210.73,Electronic check,4,Fiber optic,Yes,Yes
CUST-02082,36,One year,84.73,3020.80,Mailed check,2,Fiber optic,No,No
CUST-02083,28,Two year,54.68,1531.48,Mailed check,1,DSL,No,No
CUST-02084,5,Month-to-month,48.2,239.57,Credit card (automatic),2,DSL,Yes,No
CUST-02085,17,Month-to-month,116.26,1921.81,Mailed check,2,Fiber optic,No,No
CUST-02086,62,Two year,18.61,1135.05,Mailed check,1,No,Yes,No
CUST-02087,8,Month-to-month,59.27,484.07,Mailed check,2,DSL,No,No
CUST-02088,71,Two year,103.32,7342.72,Credit card (automatic),2,Fiber optic,Yes,No
CUST-02089,41,Two year,104.65,4320.54,Mailed check,3,Fiber optic,Yes,No
CUST-02090,0,Month-to-month,65.3, ,Credit card (automatic),0,DSL,No,No
CUST-02091,0,Two year,86.6, ,Electronic check,3,Fiber optic,No,No
CUST-02092,40,Month-to-month,73.76,2980.33,Mailed check,2,Fiber optic,Yes,No
CUST-02093,51,Month-to-month,76.43,3990.22,Bank transfer (automatic),4,DSL,Yes,Yes
CUST-02094,37,Two year,49.43,1822.65,Bank transfer (automatic),4,DSL,No,Yes
CUST-02095,2,Two year,25.07,51.38,Bank transfer (automatic),2,No,Yes,No
CUST-02096,69,Two year,50.71,3602.38,Bank transfer (automatic),3,DSL,Yes,No
CUST-02097,31,Month-to-month,18.78,590.24,Bank transfer (automatic),3,No,Yes,No
CUST-02098,10,Month-to-month,18.88,191.99,Electronic check,0,No,No,No
CUST-02099,20,Month-to-month,87.47,1797.40,Bank transfer (automatic),1,Fiber optic,Yes,No
CUST-02100,56,Two year,77.41,4345.60,Electronic check,2,Fiber optic,Yes,No
CUST-02101,40,Two year,93.52,3742.49,Electronic check,2,Fiber optic,No,No
CUST-02102,28,Two year,59.02,1603.69,Electronic check,4,DSL,No,Yes
CUST-02103,46,One year,24.52,1111.09,Credit card (automatic),5,No,No,Yes
CUST-02104,11,One year,67.83,748.87,Electronic check,0,DSL,Yes,Yes
CUST-02105,60,Two year,104.05,6418.59,Electronic check,1,Fiber optic,Yes,No
CUST-02106,0,Month-to-month,64.0, ,Bank transfer (automatic),4,DSL,Yes,Yes
CUST-02107,51,One year,18.61,942.99,Bank transfer (automatic),2,No,No,No
CUST-02108,9,Month-to-month,106.43,980.63,Mailed check,1,Fiber optic,No,No
CUST-02109,45,One year,87.48,3863.02,Bank transfer (automatic),1,Fiber optic,Yes,Yes
CUST-02110,34,Two year,110.76,3762.86,Mailed check,0,Fiber optic,Yes,Yes
CUST-02111,68,Month-to-month,20.1,1352.93,Bank transfer (automatic),0,No,Yes,No
CUST-02112,17,One year,23.28,400.40,Bank transfer (automatic),0,No,Yes,No
CUST-02113,38,One year,64.48,2498.79,Bank transfer (automatic),2,DSL,Yes,No
CUST-02114,18,Month-to-month,19.09,333.39,Credit card (automatic),1,No,No,Yes
CUST-02115,58,One year,47.46,2676.48,Electronic check,1,DSL,Yes,No
CUST-02116,55,One year,78.9,4358.03,Mailed check,0,DSL,No,No
CUST-02117,16,One year,54.71,876.95,Bank transfer (automatic),1,DSL,Yes,No
CUST-02118,37,One year,89.86,3340.13,Electronic check,4,Fiber optic,Yes,Yes
CUST-02119,54,Two year,24.67,1299.73,Credit card (automatic),5,No,No,Yes
CUST-02120,40,One year,100.76,3995.98,Credit card (automatic),0,Fiber optic,No,Yes
CUST-02121,44,Two year,23.34,997.01,Credit card (automatic),3,No,Yes,No
CUST-02122,55,Month-to-month,23.02,1299.54,Electronic check,0,No,Yes,Yes
CUST-02123,16,One year,20.68,327.02,Mailed check,0,No,Yes,No
CUST-02124,55,One year,110.42,5930.53,Credit card (automatic),2,Fiber optic,No,No
CUST-02125,40,One year,18.5,747.86,Bank transfer (automatic),0,No,No,No
CUST-02126,0,Month-to-month,87.91, ,Mailed check,3,Fiber optic,Yes,No
CUST-02127,1,Month-to-month,77.24,75.57,Electronic check,1,DSL,No,No
CUST-02128,25,Month-to-month,56.28,1368.27,Electronic check,1,DSL,No,Yes
CUST-02129,24,Month-to-month,70.82,1678.94,Bank transfer (automatic),1,Fiber optic,Yes,No
CUST-02130,53,One year,79.36,4311.27,Electronic check,5,Fiber optic,Yes,Yes
CUST-02131,1,Two year,76.87,77.68,Mailed check,2,DSL,Yes,No
CUST-02132,26,Month-to-month,24.62,621.12,Credit card (automatic),1,No,Yes,No
CUST-02133,14,One year,49.61,713.02,Electronic check,0,DSL,Yes,No
CUST-02134,68,One year,25.58,1780.18,Electronic check,0,No,No,No
CUST-02135,47,Two year,77.75,3584.33,Mailed check,3,Fiber optic,Yes,No
CUST-02136,18,One year,78.62,1415.86,Electronic check,2,DSL,No,No
CUST-02137,66,One year,24.58,1664.33,Bank transfer (automatic),2,No,Yes,No
CUST-02138,37,Two year,75.72,2828.34,Bank transfer (automatic),1,DSL,No,No
CUST-02139,48,Two year,47.59,2216.81,Electronic check,2,DSL,No,No
CUST-02140,31,Month-to-month,84.71,2571.73,Credit card (automatic),0,Fiber optic,No,No
CUST-02141,60,Two year,23.52,1369.56,Electronic check,5,No,No,Yes
CUST-02142,55,Two year,22.04,1229.09,Mailed check,2,No,No,No
CUST-02143,45,Month-to-month,53.11,2418.86,Electronic check,2,DSL,No,No
CUST-02144,34,One year,103.9,3501.69,Bank transfer (automatic),1,Fiber optic,No,No
CUST-02145,5,One year,24.1,118.22,Credit card (automatic),1,No,Yes,No
CUST-02146,8,Two year,52.89,435.79,Mailed check,1,DSL,No,No
CUST-02147,28,One year,18.89,530.79,Electronic check,2,No,Yes,No
CUST-02148,2,Month-to-month,63.41,126.61,Bank transfer (automatic),4,DSL,No,Yes
CUST-02149,19,One year,56.93,1101.21,Credit card (automatic),1,DSL,No,No
CUST-02150,6,Month-to-month,74.45,449.13,Credit card (automatic),2,DSL,No,Yes
CUST-02151,62,One year,72.19,4383.43,Bank transfer (automatic),3,Fiber optic,No,No
CUST-02152,6,Month-to-month,101.1,596.89,Bank transfer (automatic),3,Fiber optic,Yes,Yes
CUST-02153,40,Month-to-month,44.23,1803.90,Bank transfer (automatic),3,DSL,Yes,No
CUST-02154,4,Month-to-month,19.1,76.36,Bank transfer (automatic),2,No,Yes,No
CUST-02155,22,One year,55.92,1206.30,Bank transfer (automatic),2,DSL,Yes,Yes
CUST-02156,1,Month-to-month,19.96,20.51,Electronic check,2,No,Yes,No
CUST-02157,5,Month-to-month,48.39,246.27,Credit card (automatic),2,DSL,Yes,No
CUST-02158,62,One year,24.2,1529.18,Electronic check,2,No,No,No
CUST-02159,23,One year,19.99,470.79,Mailed check,0,No,Yes,No
CUST-02160,18,Month-to-month,20.99,373.86,Credit card (automatic),1,No,No,No
CUST-02161,70,Two year,75.55,5198.28,Bank transfer (automatic),3,DSL,Yes,No
CUST-02162,14,Month-to-month,24.14,331.67,Electronic check,3,No,Yes,Yes
CUST-02163,37,Two year,61.57,2305.01,Bank transfer (automatic),2,DSL,Yes,No
CUST-02164,7,Month-to-month,45.92,316.36,Credit card (automatic),2,DSL,No,No
CUST-02165,33,Month-to-month,25.34,838.47,Bank transfer (automatic),2,No,Yes,No
CUST-02166,36,Month-to-month,104.57,3852.73,Credit card (automatic),3,Fiber optic,Yes,Yes
CUST-02167,6,Month-to-month,43.78,255.23,Mailed check,0,DSL,No,No
CUST-02168,17,Month-to-month,25.37,421.57,Electronic check,2,No,No,Yes
CUST-02169,2,Month-to-month,73.5,146.34,Electronic check,1,Fiber optic,No,Yes
CUST-02170,27,One year,22.77,630.74,Credit card (automatic),0,No,No,No
CUST-02171,52,One year,56.84,2950.94,Bank transfer (automatic),2,DSL,Yes,No
CUST-02172,22,Two year,78.2,1720.33,Electronic check,3,DSL,Yes,No
CUST-02173,19,Month-to-month,76.1,1406.80,Bank transfer (automatic),1,DSL,No,No
CUST-02174,61,Two year,64.3,3937.84,Bank transfer (automatic),2,DSL,Yes,No
CUST-02175,65,Two year,68.02,4553.69,Bank transfer (automatic),0,DSL,Yes,No
CUST-02176,12,Month-to-month,24.41,295.58,Credit card (automatic),5,No,No,Yes
CUST-02177,43,Two year,109.99,4860.60,Electronic check,2,Fiber optic,No,No
CUST-02178,12,Month-to-month,64.31,791.45,Bank transfer (automatic),0,DSL,Yes,Yes
CUST-02179,24,Two year,82.27,2014.10,Bank transfer (automatic),1,Fiber optic,No,No
CUST-02180,38,One year,20.6,769.41,Credit card (automatic),2,No,Yes,No
CUST-02181,31,Month-to-month,102.45,3169.89,Credit card (automatic),1,Fiber optic,Yes,No
CUST-02182,50,Two year,103.53,5204.35,Bank transfer (automatic),3,Fiber optic,Yes,No
CUST-02183,10,Month-to-month,21.04,212.71,Mailed check,0,No,Yes,No
CUST-02184,70,Two year,74.81,5255.55,Electronic check,1,DSL,No,No
CUST-02185,43,Month-to-month,89.5,3866.13,Credit card (automatic),2,Fiber optic,No,Yes
CUST-02186,9,Month-to-month,67.93,601.90,Credit card (automatic),1,DSL,Yes,Yes
CUST-02187,19,Two year,80.21,1494.95,Mailed check,1,Fiber optic,No,No
CUST-02188,36,Two year,20.9,739.14,Electronic check,2,No,Yes,No
CUST-02189,59,Two year,62.38,3633.05,Credit card (automatic),1,DSL,Yes,No
CUST-02190,20,Two year,71.83,1412.18,Mailed check,1,Fiber optic,Yes,No
CUST-02191,33,Two year,44.03,1439.54,Bank transfer (automatic),0,DSL,No,No
CUST-02192,44,Month-to-month,83.15,3687.07,Bank transfer (automatic),1,Fiber optic,No,Yes
CUST-02193,15,One year,72.63,1103.73,Bank transfer (automatic),0,DSL,Yes,No
CUST-02194,16,Month-to-month,50.38,804.93,Electronic check,2,DSL,Yes,Yes
CUST-02195,10,Month-to-month,74.75,733.63,Bank transfer (automatic),1,DSL,No,Yes
CUST-02196,39,Two year,23.62,928.66,Bank transfer (automatic),1,No,No,No
CUST-02197,27,Two year,23.42,646.97,Credit card (automatic),2,No,No,Yes
CUST-02198,65,Two year,102.86,6777.87,Credit card (automatic),0,Fiber optic,Yes,No
CUST-02199,6,Month-to-month,117.6,688.29,Credit card (automatic),2,Fiber optic,No,Yes
CUST-02200,43,Two year,65.57,2760.64,Mailed check,4,DSL,No,Yes
CUST-02201,28,Two year,66.13,1859.11,Bank transfer (automatic),2,DSL,Yes,No
CUST-02202,31,One year,92.1,2886.01,Electronic check,1,Fiber optic,No,No
CUST-02203,52,Two year,24.79,1271.94,Electronic check,1,No,No,No
CUST-02204,9,Two year,18.68,165.13,Electronic check,2,No,Yes,No
CUST-02205,13,Two year,20.83,269.03,Electronic check,5,No,Yes,No
CUST-02206,63,Month-to-month,52.93,3271.85,Bank transfer (automatic),1,DSL,Yes,No
CUST-02207,38,One year,56.99,2166.52,Electronic check,2,DSL,No,No
CUST-02208,4,Two year,93.4,364.06,Electronic check,2,Fiber optic,Yes,No
CUST-02209,17,Month-to-month,25.42,439.66,Electronic check,0,No,Yes,No
CUST-02210,58,Month-to-month,115.07,6772.22,Credit card (automatic),2,Fiber optic,Yes,No
CUST-02211,7,Month-to-month,99.8,685.60,Electronic check,1,Fiber optic,Yes,No
CUST-02212,40,One year,70.97,2876.75,Bank transfer (automatic),2,Fiber optic,No,No
CUST-02213,2,Month-to-month,62.73,124.70,Credit card (automatic),0,DSL,No,No
CUST-02214,30,Two year,18.76,562.05,Credit card (automatic),0,No,Yes,No
CUST-02215,54,Two year,87.54,4692.10,Credit card (automatic),0,Fiber optic,Yes,No
CUST-02216,22,Month-to-month,84.84,1912.45,Mailed check,2,Fiber optic,No,No
CUST-02217,4,Two year,101.59,410.23,Mailed check,1,Fiber optic,Yes,No
CUST-02218,2,One year,43.15,85.33,Electronic check,3,DSL,Yes,No
CUST-02219,68,Two year,71.21,4920.45,Electronic check,2,DSL,Yes,No
CUST-02220,66,Two year,110.29,7219.85,Credit card (automatic),1,Fiber optic,No,Yes
CUST-02221,1,One year,43.68,42.55,Credit card (automatic),2,DSL,No,No
CUST-02222,16,Month-to-month,73.99,1172.42,Electronic check,2,Fiber optic,No,Yes
CUST-02223,46,One year,25.16,1124.97,Credit card (automatic),3,No,Yes,No
CUST-02224,22,Two year,100.03,2150.62,Credit card (automatic),2,Fiber optic,Yes,Yes
CUST-02225,31,One year,77.46,2335.93,Electronic check,0,DSL,No,No
CUST-02226,24,Month-to-month,59.16,1410.27,Credit card (automatic),1,DSL,No,Yes
CUST-02227,46,Two year,49.44,2339.49,Electronic check,2,DSL,No,No
CUST-02228,0,Month-to-month,55.97, ,Bank transfer (automatic),1,DSL,No,No
CUST-02229,41,One year,76.32,3198.52,Credit card (automatic),2,DSL,No,No
CUST-02230,43,Month-to-month,75.62,3317.02,Bank transfer (automatic),4,Fiber optic,Yes,No
CUST-02231,37,Two year,113.49,4074.28,Electronic check,1,Fiber optic,Yes,No
CUST-02232,5,Month-to-month,61.78,304.81,Credit card (automatic),4,DSL,Yes,Yes
CUST-02233,48,One year,73.42,3462.08,Electronic check,1,Fiber optic,Yes,Yes
CUST-02234,0,Month-to-month,21.25, ,Bank transfer (automatic),3,No,No,Yes
CUST-02235,26,Month-to-month,51.35,1359.08,Electronic check,2,DSL,Yes,Yes
CUST-02236,59,Month-to-month,22.56,1294.22,Bank transfer (automatic),6,No,Yes,Yes
CUST-02237,45,Two year,48.05,2194.16,Electronic check,0,DSL,Yes,No
CUST-02238,31,One year,115.89,3613.73,Electronic check,1,Fiber optic,Yes,No
CUST-02239,30,One year,80.3,2362.69,Mailed check,2,Fiber optic,No,No
CUST-02240,26,One year,100.86,2645.38,Bank transfer (automatic),2,Fiber optic,Yes,No
CUST-02241,4,Month-to-month,72.76,287.26,Mailed check,2,DSL,Yes,Yes
CUST-02242,36,Two year,99.05,3491.25,Credit card (automatic),3,Fiber optic,Yes,No
CUST-02243,36,Two year,66.36,2368.13,Credit card (automatic),2,DSL,No,No
CUST-02244,13,Month-to-month,57.4,765.17,Mailed check,3,DSL,Yes,No
CUST-02245,60,Two year,46.21,2792.17,Bank transfer (automatic),0,DSL,No,No
CUST-02246,33,One year,47.28,1565.92,Credit card (automatic),0,DSL,Yes,No
CUST-02247,34,Month-to-month,104.23,3592.87,Credit card (automatic),2,Fiber optic,No,Yes
CUST-02248,33,Month-to-month,108.87,3575.37,Electronic check,0,Fiber optic,Yes,Yes
CUST-02249,49,One year,24.57,1209.38,Electronic check,1,No,Yes,Yes
CUST-02250,22,Month-to-month,20.97,454.49,Bank transfer (automatic),0,No,No,No
CUST-02251,3,Month-to-month,117.23,351.23,Credit card (automatic),4,Fiber optic,No,Yes
CUST-02252,35,Two year,23.06,820.38,Credit card (automatic),0,No,Yes,No
CUST-02253,19,Month-to-month,48.09,926.07,Bank transfer (automatic),0,DSL,Yes,No
CUST-02254,16,One year,18.76,305.62,Credit card (automatic),3,No,Yes,No
CUST-02255,31,One year,96.56,3009.00,Electronic check,1,Fiber optic,Yes,Yes
CUST-02256,14,One year,106.13,1516.49,Mailed check,0,Fiber optic,No,No
CUST-02257,45,Two year,70.88,3115.80,Credit card (automatic),3,Fiber optic,Yes,No
CUST-02258,8,Month-to-month,43.32,355.34,Electronic check,2,DSL,Yes,No
CUST-02259,10,One year,22.59,220.83,Mailed check,1,No,Yes,No
CUST-02260,5,Two year,118.26,596.79,Mailed check,5,Fiber optic,Yes,Yes
CUST-02261,68,Month-to-month,69.35,4751.16,Electronic check,0,DSL,No,No
CUST-02262,3,Month-to-month,77.39,235.31,Electronic check,1,Fiber optic,No,No
CUST-02263,55,One year,18.9,1026.11,Bank transfer (automatic),2,No,Yes,No
CUST-02264,7,Month-to-month,72.14,509.76,Credit card (automatic),2,DSL,Yes,No
CUST-02265,7,Month-to-month,24.32,165.67,Electronic check,2,No,No,Yes
CUST-02266,45,One year,92.27,4114.52,Electronic check,6,Fiber optic,No,No
CUST-02267,6,One year,71.74,435.14,Electronic check,5,Fiber optic,No,No
CUST-02268,16,One year,70.39,1123.17,Mailed check,2,DSL,No,No
CUST-02269,49,One year,90.08,4545.48,Mailed check,1,Fiber optic,Yes,No
CUST-02270,46,One year,24.37,1120.01,Credit card (automatic),2,No,Yes,No
CUST-02271,54,Two year,19.33,1054.68,Credit card (automatic),3,No,No,No
CUST-02272,11,Month-to-month,92.58,1036.54,Mailed check,4,Fiber optic,Yes,Yes
CUST-02273,1,Month-to-month,95.66,97.82,Mailed check,1,Fiber optic,Yes,Yes
CUST-02274,39,One year,21.02,823.49,Mailed check,0,No,Yes,Yes
CUST-02275,68,Two year,118.26,8164.92,Bank transfer (automatic),0,Fiber optic,Yes,No
CUST-02276,15,Two year,70.27,1076.14,Credit card (automatic),2,DSL,No,No
CUST-02277,35,Month-to-month,72.72,2491.94,Electronic check,1,DSL,No,Yes
CUST-02278,8,Month-to-month,81.75,644.28,Electronic check,1,Fiber optic,No,Yes
CUST-02279,30,One year,88.75,2586.28,Credit card (automatic),0,Fiber optic,Yes,No
CUST-02280,1,One year,46.53,46.91,Mailed check,1,DSL,No,No
CUST-02281,25,One year,78.84,1980.31,Bank transfer (automatic),1,DSL,Yes,No
CUST-02282,66,One year,82.56,5557.74,Credit card (automatic),1,Fiber optic,Yes,No
CUST-02283,63,Two year,74.9,4708.82,Mailed check,1,Fiber optic,No,No
CUST-02284,69,Two year,80.0,5550.33,Electronic check,0,Fiber optic,No,No
CUST-02285,68,Two year,63.3,4389.24,Bank transfer (automatic),2,DSL,Yes,No
CUST-02286,3,Month-to-month,20.77,60.59,Bank transfer (automatic),2,No,Yes,No
CUST-02287,26,One year,77.99,1979.98,Credit card (automatic),2,Fiber optic,Yes,No
CUST-02288,62,Two year,92.83,5687.72,Credit card (automatic),2,Fiber optic,Yes,No
CUST-02289,51,Two year,102.69,5153.19,Mailed check,3,Fiber optic,Yes,Yes
CUST-02290,31,Month-to-month,102.41,3112.58,Electronic check,2,Fiber optic,No,Yes
CUST-02291,38,Two year,43.04,1589.24,Bank transfer (automatic),2,DSL,No,No
CUST-02292,8,Month-to-month,106.83,879.45,Credit card (automatic),1,Fiber optic,No,No
CUST-02293,29,Two year,20.06,587.73,Electronic check,5,No,No,Yes
CUST-02294,7,Month-to-month,76.07,537.98,Bank transfer (automatic),4,DSL,No,Yes
CUST-02295,2,Two year,47.54,96.38,Electronic check,0,DSL,No,No
CUST-02296,58,Two year,89.47,5329.52,Credit card (automatic),1,Fiber optic,Yes,No
CUST-02297,19,One year,85.22,1616.65,Credit card (automatic),1,Fiber optic,Yes,Yes
CUST-02298,19,Month-to-month,93.95,1802.80,Bank transfer (automatic),0,Fiber optic,Yes,No
CUST-02299,35,Month-to-month,53.91,1930.32,Bank transfer (automatic),3,DSL,Yes,Yes
CUST-02300,16,Month-to-month,70.57,1126.33,Bank transfer (automatic),3,DSL,Yes,Yes
CUST-02301,9,Month-to-month,21.11,190.78,Credit card (automatic),0,No,Yes,No
CUST-02302,50,One year,87.07,4278.21,Credit card (automatic),5,Fiber optic,Yes,Yes
CUST-02303,7,Month-to-month,77.85,546.76,Bank transfer (automatic),1,DSL,Yes,Yes
CUST-02304,53,One year,21.28,1137.82,Electronic check,2,No,Yes,No
CUST-02305,50,Two year,47.23,2307.25,Bank transfer (automatic),1,DSL,Yes,No
CUST-02306,42,Two year,83.07,3496.81,Bank transfer (automatic),4,Fiber optic,No,Yes
CUST-02307,41,Month-to-month,68.83,2770.24,Credit card (automatic),1,DSL,No,Yes
CUST-02308,50,Month-to-month,52.03,2640.69,Credit card (automatic),1,DSL,Yes,No
CUST-02309,37,Two year,67.27,2547.64,Bank transfer (automatic),3,DSL,No,No
CUST-02310,22,Month-to-month,75.8,1717.07,Bank transfer (automatic),0,DSL,No,No
CUST-02311,37,Two year,56.12,2018.41,Credit card (automatic),1,DSL,Yes,No
CUST-02312,17,Month-to-month,49.51,844.25,Mailed check,1,DSL,Yes,No
CUST-02313,12,Month-to-month,104.94,1264.97,Mailed check,4,Fiber optic,No,Yes
CUST-02314,41,One year,91.34,3830.11,Electronic check,0,Fiber optic,No,No
CUST-02315,13,Two year,72.25,943.15,Electronic check,3,Fiber optic,Yes,No
CUST-02316,25,Month-to-month,63.56,1552.07,Mailed check,1,DSL,No,No
CUST-02317,48,Two year,98.3,4769.30,Electronic check,1,Fiber optic,Yes,No
CUST-02318,27,Month-to-month,23.36,626.10,Electronic check,0,No,Yes,Yes
CUST-02319,15,Month-to-month,23.76,345.87,Bank transfer (automatic),1,No,Yes,No
CUST-02320,21,Month-to-month,66.0,1420.08,Bank transfer (automatic),1,DSL,Yes,Yes
CUST-02321,36,Month-to-month,20.79,747.86,Bank transfer (automatic),5,No,No,Yes
CUST-02322,11,Two year,72.91,814.90,Credit card (automatic),2,DSL,Yes,No
CUST-02323,61,Month-to-month,76.54,4752.56,Mailed check,2,DSL,No,No
CUST-02324,36,Month-to-month,84.73,3058.05,Bank transfer (automatic),1,Fiber optic,Yes,No
CUST-02325,33,Month-to-month,83.74,2773.70,Bank transfer (automatic),3,Fiber optic,Yes,Yes
CUST-02326,16,Month-to-month,95.01,1492.83,Bank transfer (automatic),5,Fiber optic,Yes,Yes
CUST-02327,13,Month-to-month,118.06,1546.03,Bank transfer (automatic),1,Fiber optic,No,No
CUST-02328,65,Two year,48.45,3056.73,Credit card (automatic),0,DSL,No,No
CUST-02329,27,Month-to-month,94.13,2473.26,Bank transfer (automatic),2,Fiber optic,Yes,Yes
CUST-02330,22,Month-to-month,19.71,441.00,Credit card (automatic),0,No,Yes,No
CUST-02331,3,Month-to-month,89.98,266.31,Mailed check,3,Fiber optic,Yes,Yes
CUST-02332,9,Month-to-month,21.09,188.48,Credit card (automatic),2,No,No,No
CUST-02333,33,Month-to-month,22.53,758.09,Electronic check,1,No,No,No
CUST-02334,40,Two year,71.69,2880.25,Electronic check,2,Fiber optic,No,No
CUST-02335,18,One year,71.88,1309.19,Electronic check,2,DSL,Yes,Yes
CUST-02336,19,One year,23.57,444.55,Mailed check,2,No,No,No
CUST-02337,31,Two year,25.75,821.69,Bank transfer (automatic),0,No,Yes,No
CUST-02338,1,Two year,20.17,20.08,Mailed check,0,No,Yes,No
CUST-02339,41,Month-to-month,24.76,1035.66,Electronic check,1,No,No,No
CUST-02340,26,Month-to-month,99.75,2565.33,Electronic check,6,Fiber optic,Yes,Yes
CUST-02341,40,Two year,81.26,3303.36,Credit card (automatic),1,Fiber optic,No,No
CUST-02342,33,One year,84.42,2718.35,Electronic check,2,Fiber optic,No,No
CUST-02343,6,Month-to-month,43.24,267.16,Credit card (automatic),3,DSL,Yes,Yes
CUST-02344,9,Month-to-month,86.75,795.81,Bank transfer (automatic),3,Fiber optic,Yes,Yes
CUST-02345,15,One year,113.85,1681.66,Credit card (automatic),3,Fiber optic,Yes,No
CUST-02346,39,Two year,45.24,1742.15,Electronic check,2,DSL,Yes,Yes
CUST-02347,36,One year,115.24,4107.07,Bank transfer (automatic),1,Fiber optic,Yes,No
CUST-02348,12,One year,21.1,251.61,Bank transfer (automatic),2,No,Yes,No
CUST-02349,55,Month-to-month,106.12,5780.79,Bank transfer (automatic),3,Fiber optic,Yes,No
CUST-02350,29,Month-to-month,102.1,2901.51,Credit card (automatic),3,Fiber optic,Yes,No
CUST-02351,4,Month-to-month,102.78,420.88,Bank transfer (automatic),0,Fiber optic,Yes,Yes
CUST-02352,25,Two year,96.73,2392.28,Mailed check,4,Fiber optic,Yes,No
CUST-02353,18,Two year,59.4,1060.59,Credit card (automatic),0,DSL,No,No
CUST-02354,12,Month-to-month,25.21,299.82,Electronic check,1,No,Yes,No
CUST-02355,58,Month-to-month,67.25,3948.26,Electronic check,1,DSL,Yes,No
CUST-02356,53,Two year,64.87,3361.92,Bank transfer (automatic),2,DSL,Yes,Yes
CUST-02357,32,Two year,21.39,673.70,Credit card (automatic),2,No,No,No
CUST-02358,42,Two year,80.97,3356.73,Mailed check,1,Fiber optic,Yes,Yes
CUST-02359,22,Two year,70.09,1556.78,Credit card (automatic),0,Fiber optic,Yes,No
CUST-02360,62,One year,117.81,7300.65,Electronic check,3,Fiber optic,No,No
CUST-02361,41,Two year,106.87,4266.73,Credit card (automatic),1,Fiber optic,No,No
CUST-02362,63,One year,25.7,1664.58,Electronic check,1,No,No,No
CUST-02363,5,Month-to-month,24.03,117.31,Electronic check,1,No,Yes,Yes
CUST-02364,15,Two year,44.16,662.99,Electronic check,4,DSL,Yes,Yes
CUST-02365,19,Month-to-month,58.66,1093.90,Electronic check,0,DSL,Yes,Yes
CUST-02366,35,Two year,46.75,1643.62,Credit card (automatic),2,DSL,Yes,No
CUST-02367,31,Month-to-month,71.67,2230.28,Electronic check,1,DSL,No,No
CUST-02368,21,One year,49.27,1040.87,Electronic check,2,DSL,No,No
CUST-02369,0,Month-to-month,102.06, ,Electronic check,5,Fiber optic,Yes,No
CUST-02370,7,Month-to-month,66.47,478.31,Credit card (automatic),1,DSL,No,Yes
CUST-02371,0,One year,101.15, ,Electronic check,1,Fiber optic,Yes,Yes
CUST-02372,6,Month-to-month,112.82,679.74,Bank transfer (automatic),0,Fiber optic,Yes,No
CUST-02373,49,Two year,68.92,3337.69,Credit card (automatic),0,DSL,Yes,No
CUST-02374,4,Month-to-month,85.97,334.32,Electronic check,4,Fiber optic,Yes,Yes
CUST-02375,33,Two year,53.96,1773.37,Electronic check,2,DSL,Yes,No
CUST-02376,19,One year,43.31,839.13,Electronic check,2,DSL,Yes,No
CUST-02377,6,Month-to-month,114.28,674.20,Bank transfer (automatic),4,Fiber optic,Yes,Yes
CUST-02378,42,Two year,46.27,1988.17,Bank transfer (automatic),1,DSL,Yes,No
CUST-02379,44,Two year,93.36,4083.74,Credit card (automatic),2,Fiber optic,No,No
CUST-02380,17,Month-to-month,22.06,374.87,Mailed check,1,No,No,No
CUST-02381,41,Two year,91.83,3770.23,Credit card (automatic),0,Fiber optic,Yes,No
CUST-02382,7,Month-to-month,98.0,693.06,Bank transfer (automatic),2,Fiber optic,No,No
CUST-02383,10,Two year,69.04,684.65,Bank transfer (automatic),1,DSL,No,No
CUST-02384,3,Month-to-month,19.72,59.69,Bank transfer (automatic),3,No,Yes,No
CUST-02385,6,Month-to-month,73.59,428.92,Electronic check,2,Fiber optic,No,Yes
CUST-02386,35,Two year,24.68,843.62,Credit card (automatic),1,No,Yes,No
CUST-02387,52,Two year,60.51,3223.93,Credit card (automatic),2,DSL,Yes,No
CUST-02388,30,Month-to-month,19.21,572.91,Credit card (automatic),1,No,No,Yes
CUST-02389,4,Month-to-month,66.96,260.61,Electronic check,0,DSL,Yes,No
CUST-02390,49,Two year,50.62,2422.36,Bank transfer (automatic),2,DSL,No,No
CUST-02391,26,One year,18.86,482.99,Mailed check,1,No,No,No
CUST-02392,7,One year,20.37,138.63,Electronic check,3,No,Yes,No
CUST-02393,51,Two year,84.47,4343.97,Electronic check,2,Fiber optic,No,No
CUST-02394,0,Month-to-month,24.76, ,Bank transfer (automatic),1,No,No,No
CUST-02395,40,Two year,53.69,2146.72,Mailed check,1,DSL,No,No
CUST-02396,26,Month-to-month,24.1,640.71,Mailed check,4,No,Yes,No
CUST-02397,47,Two year,98.14,4669.24,Electronic check,2,Fiber optic,Yes,Yes
CUST-02398,2,Month-to-month,74.62,146.54,Bank transfer (automatic),3,Fiber optic,Yes,Yes
CUST-02399,23,Month-to-month,77.63,1751.53,Electronic check,3,Fiber optic,No,Yes
CUST-02400,40,One year,18.85,764.72,Electronic check,2,No,No,No
CUST-02401,8,One year,57.11,454.72,Electronic check,2,DSL,Yes,No
CUST-02402,19,Month-to-month,25.52,486.26,Mailed check,1,No,Yes,No
CUST-02403,29,Month-to-month,78.81,2345.25,Bank transfer (automatic),2,Fiber optic,No,No
CUST-02404,12,Two year,86.68,1011.05,Bank transfer (automatic),0,Fiber optic,Yes,No
CUST-02405,33,Month-to-month,72.35,2426.90,Electronic check,1,DSL,Yes,No
CUST-02406,2,One year,112.69,221.37,Electronic check,2,Fiber optic,No,No
CUST-02407,13,Month-to-month,105.85,1400.80,Mailed check,4,Fiber optic,No,Yes
CUST-02408,19,One year,92.77,1767.82,Credit card (automatic),3,Fiber optic,Yes,No
CUST-02409,32,Month-to-month,101.63,3222.72,Mailed check,4,Fiber optic,No,No
CUST-02410,1,Month-to-month,91.94,92.05,Electronic check,3,Fiber optic,No,Yes
CUST-02411,23,One year,111.37,2537.84,Credit card (automatic),3,Fiber optic,Yes,No
CUST-02412,34,Two year,21.32,704.64,Electronic check,2,No,Yes,No
CUST-02413,53,Two year,24.38,1298.03,Credit card (automatic),1,No,Yes,No
CUST-02414,56,Two year,22.64,1276.77,Electronic check,0,No,Yes,No
CUST-02415,1,Month-to-month,95.41,94.53,Credit card (automatic),1,Fiber optic,Yes,No
CUST-02416,33,Month-to-month,23.17,743.05,Electronic check,2,No,No,Yes
CUST-02417,32,One year,53.13,1677.95,Electronic check,0,DSL,Yes,No
CUST-02418,3,Month-to-month,89.12,274.02,Bank transfer (automatic),1,Fiber optic,No,No
CUST-02419,4,Month-to-month,109.25,426.41,Mailed check,3,Fiber optic,Yes,Yes
CUST-02420,16,Two year,56.48,885.18,Bank transfer (automatic),1,DSL,No,No
CUST-02421,8,Month-to-month,101.86,833.09,Electronic check,1,Fiber optic,No,No
CUST-02422,40,One year,23.23,916.76,Mailed check,0,No,Yes,Yes
CUST-02423,3,Month-to-month,24.77,73.14,Bank transfer (automatic),0,No,No,No
CUST-02424,19,Month-to-month,21.58,404.67,Credit card (automatic),2,No,No,No
CUST-02425,0,Two year,114.0, ,Credit card (automatic),3,Fiber optic,No,No
CUST-02426,28,Two year,78.65,2253.21,Mailed check,4,DSL,Yes,Yes
CUST-02427,14,One year,48.66,667.69,Bank transfer (automatic),2,DSL,No,No
CUST-02428,7,Two year,23.62,167.27,Mailed check,2,No,No,No
CUST-02429,6,Month-to-month,23.49,144.05,Bank transfer (automatic),0,No,No,No
CUST-02430,1,One year,92.24,94.93,Bank transfer (automatic),1,Fiber optic,Yes,Yes
CUST-02431,5,Month-to-month,53.56,275.44,Bank transfer (automatic),1,DSL,No,No
CUST-02432,8,Two year,43.49,356.10,Mailed check,2,DSL,No,Yes
CUST-02433,22,One year,65.66,1431.28,Electronic check,1,DSL,Yes,No
CUST-02434,44,Two year,85.39,3805.86,Mailed check,1,Fiber optic,Yes,No
CUST-02435,23,Month-to-month,62.6,1408.96,Credit card (automatic),1,DSL,No,Yes
CUST-02436,14,Month-to-month,46.95,664.73,Mailed check,1,DSL,Yes,No
CUST-02437,16,Month-to-month,72.16,1158.91,Credit card (automatic),3,Fiber optic,No,Yes
CUST-02438,40,Two year,109.12,4488.52,Electronic check,4,Fiber optic,No,Yes
CUST-02439,1,Month-to-month,19.17,18.86,Bank transfer (automatic),4,No,No,Yes
CUST-02440,33,Two year,76.7,2489.73,Electronic check,1,Fiber optic,Yes,No
CUST-02441,7,Month-to-month,22.53,161.37,Mailed check,0,No,No,No
CUST-02442,29,Two year,69.11,2015.19,Credit card (automatic),0,DSL,No,No
CUST-02443,52,Two year,70.39,3696.39,Bank transfer (automatic),2,Fiber optic,Yes,No
CUST-02444,31,One year,21.57,662.54,Electronic check,0,No,Yes,No
CUST-02445,38,Month-to-month,22.98,853.38,Credit card (automatic),2,No,Yes,Yes
CUST-02446,51,One year,69.37,3546.80,Bank transfer (automatic),0,DSL,Yes,No
CUST-02447,20,Month-to-month,116.21,2331.38,Bank transfer (automatic),4,Fiber optic,No,Yes
CUST-02448,52,One year,70.79,3753.41,Bank transfer (automatic),0,Fiber optic,Yes,Yes
CUST-02449,50,Two year,75.21,3846.26,Electronic check,2,DSL,Yes,No
CUST-02450,29,Month-to-month,117.13,3393.98,Mailed check,3,Fiber optic,No,No
CUST-02451,31,Month-to-month,74.01,2257.63,Electronic check,0,DSL,Yes,Yes
CUST-02452,33,Two year,116.26,3879.75,Electronic check,2,Fiber optic,Yes,No
CUST-02453,0,Month-to-month,19.14, ,Bank transfer (automatic),1,No,Yes,Yes
CUST-02454,10,Month-to-month,25.69,259.26,Electronic check,1,No,No,No
CUST-02455,9,One year,23.99,216.64,Electronic check,0,No,Yes,No
CUST-02456,39,Two year,18.77,731.74,Bank transfer (automatic),2,No,Yes,No
CUST-02457,0,Month-to-month,23.34, ,Mailed check,0,No,No,No
CUST-02458,36,Month-to-month,104.28,3683.89,Electronic check,1,Fiber optic,No,No
CUST-02459,46,Month-to-month,22.97,1050.10,Mailed check,4,No,Yes,Yes
CUST-02460,53,Two year,112.64,6074.44,Bank transfer (automatic),2,Fiber optic,Yes,No
CUST-02461,30,Month-to-month,23.87,717.11,Bank transfer (automatic),1,No,Yes,No
CUST-02462,11,Month-to-month,48.39,529.49,Credit card (automatic),5,DSL,No,Yes
CUST-02463,55,Two year,82.2,4508.46,Credit card (automatic),0,Fiber optic,Yes,No
CUST-02464,17,One year,59.37,1033.83,Electronic check,3,DSL,Yes,No
CUST-02465,27,One year,89.25,2429.90,Mailed check,3,Fiber optic,No,No
CUST-02466,21,One year,23.22,482.15,Mailed check,0,No,Yes,No
CUST-02467,26,Month-to-month,47.47,1210.61,Credit card (automatic),0,DSL,No,No
CUST-02468,47,One year,87.27,4168.16,Electronic check,2,Fiber optic,Yes,No
CUST-02469,56,Two year,51.34,2909.22,Electronic check,2,DSL,No,Yes
CUST-02470,3,Month-to-month,53.19,159.52,Electronic check,2,DSL,Yes,Yes
CUST-02471,1,Two year,23.58,23.70,Bank transfer (automatic),3,No,No,No
CUST-02472,28,Month-to-month,18.85,522.24,Electronic check,3,No,Yes,No
CUST-02473,37,Month-to-month,113.26,4120.93,Mailed check,3,Fiber optic,No,No
CUST-02474,45,Two year,65.83,2895.45,Electronic check,2,DSL,Yes,No
CUST-02475,28,Two year,90.07,2490.73,Credit card (automatic),3,Fiber optic,Yes,No
CUST-02476,46,Month-to-month,93.68,4224.83,Bank transfer (automatic),2,Fiber optic,Yes,Yes
CUST-02477,44,Month-to-month,104.04,4572.20,Electronic check,2,Fiber optic,Yes,No
CUST-02478,23,Month-to-month,105.62,2499.04,Electronic check,1,Fiber optic,Yes,No
CUST-02479,48,Two year,71.79,3437.54,Mailed check,4,DSL,Yes,Yes
CUST-02480,59,Two year,20.23,1157.95,Electronic check,3,No,Yes,No
CUST-02481,5,Month-to-month,111.82,573.05,Electronic check,3,Fiber optic,Yes,Yes
CUST-02482,36,Month-to-month,72.73,2602.70,Electronic check,2,DSL,No,Yes
CUST-02483,48,Month-to-month,111.69,5236.69,Credit card (automatic),1,Fiber optic,No,Yes
CUST-02484,1,Month-to-month,18.86,18.80,Mailed check,2,No,Yes,No
CUST-02485,36,One year,19.33,704.94,Electronic check,4,No,No,Yes
CUST-02486,43,Two year,65.24,2777.04,Electronic check,3,DSL,No,No
CUST-02487,12,Month-to-month,116.46,1405.89,Mailed check,2,Fiber optic,Yes,No
CUST-02488,23,One year,75.36,1695.12,Electronic check,1,Fiber optic,No,No
CUST-02489,3,Month-to-month,69.39,214.30,Electronic check,2,DSL,Yes,Yes
CUST-02490,41,Two year,47.45,1949.06,Electronic check,0,DSL,Yes,No
CUST-02491,0,Month-to-month,25.38, ,Electronic check,3,No,Yes,No
CUST-02492,3,Month-to-month,109.01,317.41,Credit card (automatic),1,Fiber optic,No,No
CUST-02493,57,Two year,84.06,4850.13,Electronic check,3,Fiber optic,Yes,No
CUST-02494,54,Two year,72.32,3927.48,Electronic check,1,Fiber optic,Yes,No
CUST-02495,70,Two year,58.39,3972.97,Bank transfer (automatic),1,DSL,No,No
CUST-02496,36,One year,95.6,3352.22,Electronic check,1,Fiber optic,Yes,No
CUST-02497,40,Month-to-month,95.69,3757.32,Credit card (automatic),3,Fiber optic,Yes,No
CUST-02498,15,Two year,73.51,1079.21,Credit card (automatic),0,DSL,No,No
CUST-02499,24,One year,117.82,2840.94,Credit card (automatic),4,Fiber optic,Yes,Yes
CUST-02500,11,Two year,21.49,235.03,Credit card (automatic),1,No,No,No
CUST-02501,43,One year,19.48,818.16,Electronic check,1,No,Yes,No
CUST-02502,15,Two year,88.38,1286.04,Electronic check,2,Fiber optic,Yes,Yes
CUST-02503,14,One year,104.72,1461.12,Credit card (automatic),0,Fiber optic,No,No
CUST-02504,22,Two year,98.45,2225.67,Bank transfer (automatic),3,Fiber optic,No,No
CUST-02505,6,One year,18.9,111.87,Bank transfer (automatic),1,No,Yes,No
CUST-02506,15,Two year,50.14,738.09,Electronic check,2,DSL,Yes,No
CUST-02507,11,Month-to-month,67.74,753.83,Mailed check,1,DSL,No,Yes
CUST-02508,57,Month-to-month,67.91,3931.43,Electronic check,0,DSL,Yes,Yes
CUST-02509,0,Month-to-month,99.69, ,Electronic check,1,Fiber optic,Yes,Yes
CUST-02510,30,Month-to-month,20.46,599.41,Bank transfer (automatic),2,No,No,No
CUST-02511,20,Two year,19.47,381.52,Electronic check,3,No,No,No
CUST-02512,44,One year,19.97,884.60,Bank transfer (automatic),3,No,No,No
CUST-02513,5,Month-to-month,109.37,542.21,Electronic check,1,Fiber optic,Yes,Yes
CUST-02514,1,Month-to-month,60.28,58.84,Credit card (automatic),1,DSL,No,Yes
CUST-02515,21,One year,55.28,1167.89,Credit card (automatic),1,DSL,Yes,No
CUST-02516,64,Month-to-month,47.45,3067.23,Bank transfer (automatic),2,DSL,No,No
CUST-02517,25,Month-to-month,89.14,2250.76,Electronic check,3,Fiber optic,No,Yes
CUST-02518,65,Month-to-month,21.38,1385.11,Bank transfer (automatic),0,No,No,No
CUST-02519,1,Month-to-month,74.75,76.59,Credit card (automatic),3,DSL,No,Yes
CUST-02520,43,One year,76.72,3280.50,Mailed check,3,DSL,No,Yes
CUST-02521,23,Month-to-month,110.92,2523.91,Bank transfer (automatic),1,Fiber optic,Yes,No
CUST-02522,9,One year,56.63,506.50,Electronic check,2,DSL,Yes,No
CUST-02523,57,Month-to-month,97.26,5623.26,Bank transfer (automatic),1,Fiber optic,Yes,No
CUST-02524,4,Month-to-month,24.56,98.80,Electronic check,3,No,Yes,No
CUST-02525,3,Month-to-month,72.46,215.16,Mailed check,3,Fiber optic,Yes,Yes
CUST-02526,7,One year,95.98,672.47,Electronic check,2,Fiber optic,No,No
CUST-02527,8,Month-to-month,57.01,453.39,Electronic check,2,DSL,Yes,Yes
CUST-02528,51,Two year,56.37,2956.30,Credit card (automatic),0,DSL,Yes,No
CUST-02529,42,One year,55.24,2323.17,Bank transfer (automatic),1,DSL,No,No
CUST-02530,12,Month-to-month,101.22,1188.87,Bank transfer (automatic),3,Fiber optic,No,No
CUST-02531,7,Month-to-month,90.34,630.34,Mailed check,1,Fiber optic,Yes,Yes
CUST-02532,12,One year,54.23,640.73,Bank transfer (automatic),1,DSL,No,No
CUST-02533,0,Month-to-month,63.11, ,Mailed check,1,DSL,Yes,No
CUST-02534,3,Month-to-month,56.08,167.43,Mailed check,2,DSL,No,Yes
CUST-02535,16,Month-to-month,71.69,1126.20,Electronic check,3,Fiber optic,Yes,Yes
CUST-02536,42,Month-to-month,57.7,2401.66,Electronic check,1,DSL,No,Yes
CUST-02537,68,Two year,49.64,3450.93,Electronic check,3,DSL,No,No
CUST-02538,17,Two year,19.0,317.94,Mailed check,1,No,Yes,No
CUST-02539,21,Month-to-month,74.26,1573.76,Credit card (automatic),3,DSL,Yes,No
CUST-02540,16,Month-to-month,67.68,1080.65,Credit card (automatic),0,DSL,Yes,Yes
CUST-02541,58,One year,21.11,1259.37,Mailed check,2,No,No,No
CUST-02542,18,Two year,118.03,2063.80,Electronic check,0,Fiber optic,Yes,No
CUST-02543,8,Month-to-month,55.87,444.42,Electronic check,2,DSL,Yes,Yes
CUST-02544,18,Month-to-month,20.08,362.27,Mailed check,1,No,Yes,No
CUST-02545,41,Two year,93.08,3771.20,Electronic check,4,Fiber optic,No,Yes
CUST-02546,23,Month-to-month,25.34,598.86,Electronic check,1,No,Yes,Yes
CUST-02547,32,Month-to-month,23.23,760.88,Mailed check,4,No,No,Yes
CUST-02548,1,Two year,105.62,104.20,Credit card (automatic),2,Fiber optic,Yes,Yes
CUST-02549,32,Two year,78.06,2454.08,Electronic check,1,Fiber optic,Yes,No
CUST-02550,33,Two year,71.96,2309.09,Mailed check,3,Fiber optic,No,No
CUST-02551,5,Month-to-month,62.05,304.03,Electronic check,1,DSL,Yes,No
CUST-02552,27,Month-to-month,20.73,570.27,Bank transfer (automatic),2,No,Yes,No
CUST-02553,9,Month-to-month,44.05,405.73,Bank transfer (automatic),0,DSL,No,No
CUST-02554,6,Month-to-month,75.12,443.42,Bank transfer (automatic),6,DSL,Yes,Yes
CUST-02555,41,One year,71.22,2946.39,Bank transfer (automatic),4,Fiber optic,No,Yes
CUST-02556,35,Month-to-month,42.96,1500.22,Bank transfer (automatic),2,DSL,Yes,No
CUST-02557,1,Month-to-month,20.49,19.93,Electronic check,3,No,No,No
CUST-02558,19,One year,94.24,1751.66,Electronic check,3,Fiber optic,Yes,Yes
CUST-02559,65,One year,58.91,3771.39,Bank transfer (automatic),1,DSL,Yes,No
CUST-02560,54,Two year,87.55,4864.69,Electronic check,4,Fiber optic,No,Yes
CUST-02561,55,Two year,112.11,6175.23,Bank transfer (automatic),3,Fiber optic,Yes,No
CUST-02562,50,Month-to-month,84.51,4251.01,Electronic check,3,Fiber optic,Yes,Yes
CUST-02563,19,Month-to-month,101.82,1953.10,Credit card (automatic),4,Fiber optic,Yes,Yes
CUST-02564,33,Month-to-month,89.43,2947.78,Electronic check,2,Fiber optic,Yes,Yes
CUST-02565,29,Two year,56.65,1672.28,Credit card (automatic),1,DSL,Yes,No
CUST-02566,45,Month-to-month,25.25,1157.66,Electronic check,1,No,No,No
CUST-02567,8,Month-to-month,104.0,808.06,Electronic check,2,Fiber optic,Yes,Yes
CUST-02568,18,Month-to-month,96.24,1763.90,Credit card (automatic),2,Fiber optic,No,No
CUST-02569,49,One year,48.86,2340.10,Electronic check,2,DSL,No,No
CUST-02570,67,Two year,19.28,1321.13,Mailed check,3,No,Yes,No
CUST-02571,28,Month-to-month,79.44,2160.60,Electronic check,4,Fiber optic,Yes,Yes
CUST-02572,0,Month-to-month,22.95, ,Electronic check,3,No,Yes,No
CUST-02573,26,Two year,72.73,1916.89,Electronic check,4,Fiber optic,Yes,No
CUST-02574,29,One year,59.39,1771.04,Bank transfer (automatic),4,DSL,Yes,No
CUST-02575,38,Month-to-month,59.23,2206.13,Electronic check,1,DSL,No,Yes
CUST-02576,28,One year,114.74,3271.91,Electronic check,1,Fiber optic,No,No
CUST-02577,1,Month-to-month,88.03,87.02,Mailed check,0,Fiber optic,Yes,No
CUST-02578,48,Two year,24.97,1191.43,Electronic check,0,No,Yes,No
CUST-02579,58,One year,99.99,5846.05,Bank transfer (automatic),3,Fiber optic,Yes,No
CUST-02580,4,Month-to-month,56.7,231.21,Credit card (automatic),1,DSL,Yes,No
CUST-02581,48,Two year,22.2,1067.75,Credit card (automatic),2,No,No,No
CUST-02582,16,Month-to-month,74.59,1212.66,Credit card (automatic),2,Fiber optic,No,No
CUST-02583,14,One year,24.92,356.11,Bank transfer (automatic),1,No,Yes,No
CUST-02584,1,One year,22.99,23.56,Electronic check,1,No,Yes,No
CUST-02585,6,Month-to-month,91.24,549.40,Bank transfer (automatic),0,Fiber optic,Yes,Yes
CUST-02586,2,Month-to-month,107.82,213.89,Electronic check,1,Fiber optic,No,No
CUST-02587,7,Month-to-month,21.28,150.79,Mailed check,0,No,No,No
CUST-02588,55,Two year,59.28,3341.10,Credit card (automatic),4,DSL,No,No
CUST-02589,61,Month-to-month,21.42,1285.68,Credit card (automatic),0,No,Yes,No
CUST-02590,39,One year,25.72,1008.22,Electronic check,2,No,Yes,No
CUST-02591,6,One year,107.55,638.06,Electronic check,4,Fiber optic,No,Yes
CUST-02592,0,Month-to-month,115.28, ,Bank transfer (automatic),3,Fiber optic,Yes,Yes
CUST-02593,44,Two year,56.32,2496.40,Electronic check,1,DSL,Yes,No
CUST-02594,68,Two year,21.93,1505.06,Credit card (automatic),1,No,Yes,No
CUST-02595,57,Month-to-month,79.82,4664.40,Electronic check,1,Fiber optic,Yes,No
CUST-02596,45,Month-to-month,18.33,823.01,Bank transfer (automatic),2,No,Yes,No
CUST-02597,13,One year,79.5,1030.89,Bank transfer (automatic),1,Fiber optic,No,No
CUST-02598,34,One year,115.29,4032.37,Electronic check,3,Fiber optic,Yes,Yes
CUST-02599,19,One year,59.11,1140.14,Mailed check,0,DSL,Yes,No
CUST-02600,1,Month-to-month,19.23,19.01,Credit card (automatic),1,No,Yes,No
CUST-02601,55,One year,92.06,5071.01,Electronic check,1,Fiber optic,Yes,No
CUST-02602,6,Month-to-month,108.65,644.80,Electronic check,4,Fiber optic,Yes,Yes
CUST-02603,3,Month-to-month,94.41,284.51,Electronic check,0,Fiber optic,Yes,No
CUST-02604,3,Month-to-month,25.28,77.13,Bank transfer (automatic),3,No,Yes,Yes
CUST-02605,49,Two year,113.8,5484.96,Electronic check,2,Fiber optic,Yes,No
CUST-02606,42,Month-to-month,59.73,2475.27,Bank transfer (automatic),1,DSL,Yes,No
CUST-02607,59,Month-to-month,74.04,4293.62,Mailed check,0,Fiber optic,Yes,No
CUST-02608,1,One year,68.14,66.71,Credit card (automatic),2,DSL,Yes,No
CUST-02609,22,Two year,20.92,450.22,Mailed check,0,No,Yes,No
CUST-02610,12,Two year,24.14,291.31,Electronic check,0,No,Yes,No
CUST-02611,14,Month-to-month,85.06,1161.96,Credit card (automatic),4,Fiber optic,Yes,Yes
CUST-02612,50,Month-to-month,86.12,4337.31,Electronic check,2,Fiber optic,Yes,No
CUST-02613,10,Month-to-month,22.32,226.27,Credit card (automatic),0,No,No,No
CUST-02614,50,One year,43.41,2178.91,Electronic check,0,DSL,Yes,No
CUST-02615,50,Month-to-month,78.27,3830.89,Electronic check,5,Fiber optic,No,Yes
CUST-02616,13,One year,24.64,324.35,Credit card (automatic),1,No,No,No
CUST-02617,18,Month-to-month,116.63,2158.17,Bank transfer (automatic),2,Fiber optic,Yes,Yes
CUST-02618,9,Month-to-month,79.36,719.46,Electronic check,3,Fiber optic,No,No
CUST-02619,12,Month-to-month,24.04,287.68,Credit card (automatic),1,No,No,No
CUST-02620,3,Month-to-month,75.45,223.40,Bank transfer (automatic),4,Fiber optic,No,Yes
CUST-02621,16,One year,93.04,1505.06,Electronic check,2,Fiber optic,Yes,No
CUST-02622,29,Month-to-month,61.01,1793.47,Mailed check,2,DSL,Yes,No
CUST-02623,17,Month-to-month,63.02,1075.15,Credit card (automatic),1,DSL,Yes,Yes
CUST-02624,23,Two year,20.96,475.40,Electronic check,3,No,No,No
CUST-02625,51,Two year,111.74,5858.35,Credit card (automatic),3,Fiber optic,Yes,No
CUST-02626,23,Two year,84.79,1910.10,Electronic check,2,Fiber optic,Yes,Yes
CUST-02627,31,One year,60.16,1916.70,Electronic check,2,DSL,Yes,No
CUST-02628,34,One year,79.45,2626.78,Electronic check,2,Fiber optic,Yes,No
CUST-02629,31,Two year,63.35,1933.34,Electronic check,2,DSL,No,No
CUST-02630,6,Month-to-month,49.68,300.19,Electronic check,1,DSL,Yes,Yes
CUST-02631,53,One year,81.77,4353.45,Electronic check,3,Fiber optic,Yes,No
CUST-02632,27,Two year,91.32,2483.52,Mailed check,4,Fiber optic,Yes,No
CUST-02633,36,Month-to-month,20.33,741.53,Electronic check,4,No,Yes,Yes
CUST-02634,39,Two year,43.96,1670.89,Bank transfer (automatic),1,DSL,Yes,No
CUST-02635,44,Two year,108.83,4831.60,Credit card (automatic),2,Fiber optic,Yes,No
CUST-02636,16,Two year,109.98,1783.76,Electronic check,2,Fiber optic,No,No
CUST-02637,0,One year,113.91, ,Bank transfer (automatic),3,Fiber optic,No,No
CUST-02638,21,One year,78.17,1673.38,Electronic check,0,DSL,Yes,No
CUST-02639,18,One year,75.52,1373.70,Mailed check,2,Fiber optic,No,No
CUST-02640,26,Month-to-month,20.31,523.93,Bank transfer (automatic),2,No,Yes,Yes
CUST-02641,51,Month-to-month,65.45,3388.94,Credit card (automatic),2,DSL,No,No
CUST-02642,37,Two year,112.72,4102.20,Credit card (automatic),5,Fiber optic,Yes,Yes
CUST-02643,18,Two year,77.91,1370.19,Electronic check,3,Fiber optic,Yes,Yes
CUST-02644,62,One year,60.1,3723.03,Bank transfer (automatic),1,DSL,No,Yes
CUST-02645,5,Month-to-month,117.72,586.11,Electronic check,2,Fiber optic,Yes,Yes
CUST-02646,16,One year,54.55,880.31,Mailed check,2,DSL,No,Yes
CUST-02647,42,One year,60.38,2553.27,Credit card (automatic),3,DSL,No,No
CUST-02648,1,One year,67.75,65.98,Electronic check,1,DSL,Yes,Yes
CUST-02649,57,One year,90.56,5204.21,Bank transfer (automatic),4,Fiber optic,Yes,Yes
CUST-02650,25,Two year,68.62,1694.39,Mailed check,0,DSL,Yes,No
CUST-02651,2,Month-to-month,77.2,156.60,Credit card (automatic),3,Fiber optic,No,No
CUST-02652,50,Two year,19.98,997.58,Electronic check,0,No,No,No
CUST-02653,24,One year,56.58,1366.57,Electronic check,2,DSL,No,Yes
CUST-02654,48,One year,78.31,3783.77,Electronic check,2,DSL,Yes,No
CUST-02655,43,Two year,87.0,3715.11,Mailed check,1,Fiber optic,Yes,Yes
CUST-02656,31,Month-to-month,25.12,779.21,Bank transfer (automatic),2,No,No,No
CUST-02657,14,Two year,74.35,1041.46,Electronic check,2,DSL,Yes,No
CUST-02658,42,Month-to-month,106.85,4551.75,Bank transfer (automatic),2,Fiber optic,No,Yes
CUST-02659,60,Two year,55.98,3338.48,Bank transfer (automatic),1,DSL,No,No
CUST-02660,0,Month-to-month,20.73, ,Electronic check,2,No,Yes,Yes
CUST-02661,31,Month-to-month,65.78,2046.17,Credit card (automatic),1,DSL,No,Yes
CUST-02662,10,Month-to-month,50.97,510.81,Credit card (automatic),0,DSL,No,Yes
CUST-02663,49,Month-to-month,87.58,4239.90,Electronic check,3,Fiber optic,Yes,No
CUST-02664,2,Two year,72.17,148.53,Electronic check,1,DSL,No,No
CUST-02665,13,Two year,80.27,1018.28,Electronic check,4,Fiber optic,No,Yes
CUST-02666,59,Two year,72.64,4249.53,Electronic check,8,DSL,No,No
CUST-02667,39,Two year,96.91,3884.61,Credit card (automatic),3,Fiber optic,Yes,No
CUST-02668,63,Two year,61.12,3881.58,Electronic check,3,DSL,No,Yes
CUST-02669,29,Month-to-month,22.85,649.04,Electronic check,1,No,No,No
CUST-02670,28,Two year,65.48,1787.61,Mailed check,2,DSL,Yes,No
CUST-02671,19,One year,97.22,1832.95,Credit card (automatic),1,Fiber optic,Yes,Yes
CUST-02672,10,Month-to-month,23.51,230.17,Bank transfer (automatic),7,No,No,Yes
CUST-02673,58,One year,20.94,1222.65,Bank transfer (automatic),0,No,Yes,No
CUST-02674,9,Month-to-month,109.52,997.84,Mailed check,4,Fiber optic,No,No
CUST-02675,24,Month-to-month,80.78,1988.67,Bank transfer (automatic),2,Fiber optic,No,Yes
CUST-02676,11,Month-to-month,68.5,737.30,Mailed check,1,DSL,Yes,Yes
CUST-02677,42,One year,56.53,2314.82,Credit card (automatic),2,DSL,No,No
CUST-02678,12,Month-to-month,67.79,819.62,Credit card (automatic),3,DSL,Yes,No
CUST-02679,29,Two year,71.58,2044.20,Electronic check,0,Fiber optic,Yes,No
CUST-02680,48,Two year,89.03,4233.14,Electronic check,3,Fiber optic,Yes,No
CUST-02681,11,Month-to-month,116.95,1261.04,Bank transfer (automatic),3,Fiber optic,Yes,Yes
CUST-02682,30,Two year,97.93,2912.91,Credit card (automatic),1,Fiber optic,No,No
CUST-02683,31,Month-to-month,94.34,2886.32,Credit card (automatic),4,Fiber optic,Yes,Yes
CUST-02684,34,One year,51.51,1786.31,Electronic check,3,DSL,Yes,No
CUST-02685,32,One year,60.39,1891.61,Electronic check,1,DSL,Yes,No
CUST-02686,39,Month-to-month,110.14,4275.56,Credit card (automatic),3,Fiber optic,Yes,No
CUST-02687,10,Month-to-month,54.82,543.63,Credit card (automatic),1,DSL,No,No
CUST-02688,18,Month-to-month,97.54,1723.24,Electronic check,0,Fiber optic,Yes,No
CUST-02689,2,Month-to-month,102.84,203.43,Mailed check,3,Fiber optic,No,No
CUST-02690,5,One year,89.54,454.18,Mailed check,0,Fiber optic,No,No
CUST-02691,51,One year,83.8,4352.62,Electronic check,1,Fiber optic,No,No
CUST-02692,57,Month-to-month,77.58,4382.96,Credit card (automatic),2,Fiber optic,Yes,No
CUST-02693,3,Month-to-month,74.93,223.21,Electronic check,1,Fiber optic,Yes,No
CUST-02694,3,One year,51.28,155.24,Credit card (automatic),0,DSL,Yes,No
CUST-02695,25,One year,18.4,461.29,Electronic check,3,No,No,No
CUST-02696,10,Two year,107.06,1070.28,Credit card (automatic),4,Fiber optic,Yes,Yes
CUST-02697,1,One year,46.57,47.39,Bank transfer (automatic),2,DSL,Yes,No
CUST-02698,15,One year,113.83,1748.81,Electronic check,3,Fiber optic,No,Yes
CUST-02699,7,Month-to-month,22.08,153.09,Bank transfer (automatic),1,No,No,No
CUST-02700,50,One year,92.28,4484.26,Electronic check,3,Fiber optic,No,No
CUST-02701,25,One year,73.16,1815.60,Electronic check,1,Fiber optic,Yes,No
CUST-02702,15,Two year,19.25,285.49,Electronic check,1,No,No,No
CUST-02703,62,Two year,111.77,6996.03,Credit card (automatic),1,Fiber optic,No,No
CUST-02704,3,Month-to-month,102.8,313.88,Electronic check,0,Fiber optic,No,Yes
CUST-02705,48,Two year,45.94,2180.51,Mailed check,0,DSL,No,No
CUST-02706,1,One year,23.36,22.77,Bank transfer (automatic),2,No,Yes,No
CUST-02707,7,Month-to-month,76.38,530.47,Credit card (automatic),1,Fiber optic,No,Yes
CUST-02708,59,Two year,69.17,4077.76,Electronic check,0,DSL,Yes,No
CUST-02709,44,Two year,76.88,3337.11,Credit card (automatic),2,DSL,No,No
CUST-02710,10,Month-to-month,70.1,694.69,Bank transfer (automatic),2,DSL,No,Yes
CUST-02711,0,Month-to-month,24.43, ,Mailed check,0,No,No,Yes
CUST-02712,13,One year,100.26,1307.50,Credit card (automatic),1,Fiber optic,Yes,No
CUST-02713,31,Month-to-month,42.64,1340.60,Electronic check,2,DSL,Yes,No
CUST-02714,27,One year,108.28,2932.64,Bank transfer (automatic),2,Fiber optic,No,No
CUST-02715,5,Month-to-month,89.7,445.98,Bank transfer (automatic),2,Fiber optic,No,No
CUST-02716,51,One year,112.56,5874.17,Credit card (automatic),4,Fiber optic,No,Yes
CUST-02717,14,Two year,22.55,319.98,Credit card (automatic),3,No,Yes,Yes
CUST-02718,3,One year,79.34,243.13,Bank transfer (automatic),1,Fiber optic,No,No
CUST-02719,49,Month-to-month,44.5,2205.69,Electronic check,2,DSL,Yes,No
CUST-02720,28,Two year,22.41,621.62,Bank transfer (automatic),2,No,Yes,No
CUST-02721,16,Month-to-month,97.63,1563.40,Electronic check,2,Fiber optic,Yes,Yes
CUST-02722,12,Two year,24.7,300.81,Mailed check,2,No,No,No
CUST-02723,49,One year,71.89,3605.40,Electronic check,0,Fiber optic,Yes,Yes
CUST-02724,7,Month-to-month,24.41,171.86,Credit card (automatic),2,No,No,No
CUST-02725,64,One year,21.29,1375.60,Mailed check,1,No,No,No
CUST-02726,62,Two year,61.73,3908.41,Electronic check,1,DSL,No,No
CUST-02727,29,Month-to-month,61.92,1786.95,Electronic check,0,DSL,Yes,No
CUST-02728,63,Two year,21.12,1324.96,Electronic check,2,No,Yes,No
CUST-02729,19,One year,79.07,1540.92,Electronic check,1,Fiber optic,No,No
CUST-02730,43,Two year,73.84,3244.64,Mailed check,1,Fiber optic,Yes,Yes
CUST-02731,3,Month-to-month,19.8,59.64,Electronic check,3,No,Yes,No
CUST-02732,21,Month-to-month,68.5,1480.04,Credit card (automatic),1,DSL,Yes,No
CUST-02733,16,Month-to-month,23.37,384.40,Mailed check,1,No,No,No
CUST-02734,49,One year,102.93,5075.12,Credit card (automatic),1,Fiber optic,Yes,No
CUST-02735,59,Two year,75.54,4409.36,Mailed check,2,DSL,Yes,No
CUST-02736,60,Two year,92.27,5422.66,Credit card (automatic),0,Fiber optic,Yes,No
CUST-02737,3,One year,23.94,71.54,Mailed check,2,No,Yes,Yes
CUST-02738,8,Month-to-month,66.82,543.45,Bank transfer (automatic),2,DSL,No,No
CUST-02739,44,Month-to-month,76.61,3342.14,Bank transfer (automatic),0,DSL,No,Yes
CUST-02740,28,Month-to-month,66.88,1849.01,Bank transfer (automatic),1,DSL,Yes,No
CUST-02741,16,Two year,78.79,1274.54,Electronic check,4,Fiber optic,No,Yes
CUST-02742,62,Month-to-month,23.83,1486.76,Mailed check,1,No,No,No
CUST-02743,1,Month-to-month,55.53,56.01,Credit card (automatic),0,DSL,Yes,No
CUST-02744,10,Month-to-month,20.16,196.17,Credit card (automatic),3,No,Yes,No
CUST-02745,44,Month-to-month,20.34,892.11,Bank transfer (automatic),0,No,No,No
CUST-02746,37,Two year,110.22,4154.27,Credit card (automatic),1,Fiber optic,Yes,No
CUST-02747,38,Month-to-month,58.98,2306.42,Electronic check,1,DSL,No,No
CUST-02748,28,Month-to-month,21.77,595.64,Electronic check,2,No,No,Yes
CUST-02749,14,Month-to-month,18.33,260.05,Electronic check,1,No,Yes,Yes
CUST-02750,30,Two year,52.33,1554.63,Bank transfer (automatic),3,DSL,No,No
CUST-02751,11,Month-to-month,74.65,816.20,Mailed check,0,DSL,Yes,No
CUST-02752,5,Month-to-month,21.99,110.46,Bank transfer (automatic),1,No,Yes,No
CUST-02753,35,Month-to-month,21.37,732.17,Bank transfer (automatic),2,No,Yes,Yes
CUST-02754,29,Two year,18.8,532.74,Bank transfer (automatic),0,No,Yes,No
CUST-02755,61,Two year,84.3,5044.72,Credit card (automatic),1,Fiber optic,No,No
CUST-02756,29,One year,76.4,2165.06,Electronic check,2,Fiber optic,Yes,No
CUST-02757,4,Month-to-month,19.48,75.69,Electronic check,2,No,Yes,No
CUST-02758,24,Month-to-month,54.83,1349.68,Electronic check,1,DSL,No,No
CUST-02759,6,One year,73.27,451.13,Credit card (automatic),1,Fiber optic,Yes,No
CUST-02760,66,Two year,24.09,1550.79,Bank transfer (automatic),2,No,No,No
CUST-02761,38,Month-to-month,65.14,2546.96,Electronic check,6,DSL,Yes,Yes
CUST-02762,65,Two year,108.99,7070.43,Mailed check,1,Fiber optic,No,No
CUST-02763,52,Two year,86.96,4399.30,Electronic check,3,Fiber optic,Yes,No
CUST-02764,9,Month-to-month,19.92,183.43,Bank transfer (automatic),1,No,No,No
CUST-02765,38,One year,22.67,870.70,Credit card (automatic),0,No,No,Yes
CUST-02766,50,Two year,71.07,3649.50,Bank transfer (automatic),2,Fiber optic,No,No
CUST-02767,5,One year,74.34,380.40,Bank transfer (automatic),5,Fiber optic,No,Yes
CUST-02768,22,Month-to-month,106.15,2335.79,Credit card (automatic),3,Fiber optic,Yes,Yes
CUST-02769,4,Month-to-month,24.91,98.08,Bank transfer (automatic),2,No,Yes,No
CUST-02770,53,Two year,49.98,2641.63,Bank transfer (automatic),2,DSL,Yes,No
CUST-02771,19,One year,108.56,2005.87,Credit card (automatic),5,Fiber optic,Yes,Yes
CUST-02772,22,Two year,56.47,1246.41,Bank transfer (automatic),1,DSL,Yes,No
CUST-02773,29,Two year,57.64,1647.92,Bank transfer (automatic),1,DSL,No,No
CUST-02774,1,Month-to-month,74.68,76.12,Bank transfer (automatic),1,DSL,No,Yes
CUST-02775,9,Month-to-month,100.28,878.10,Credit card (automatic),0,Fiber optic,Yes,Yes
CUST-02776,43,Two year,72.05,3129.81,Electronic check,1,DSL,Yes,No
CUST-02777,37,Two year,107.82,4049.95,Electronic check,1,Fiber optic,Yes,No
CUST-02778,39,Two year,22.56,899.36,Electronic check,5,No,No,Yes
CUST-02779,3,Two year,106.46,319.06,Credit card (automatic),0,Fiber optic,No,No
CUST-02780,20,Month-to-month,68.28,1352.78,Credit card (automatic),1,DSL,No,No
CUST-02781,1,One year,93.41,93.90,Mailed check,1,Fiber optic,No,No
CUST-02782,38,Two year,77.4,2895.24,Electronic check,4,Fiber optic,No,Yes
CUST-02783,3,One year,52.2,157.15,Electronic check,4,DSL,No,Yes
CUST-02784,47,Two year,56.2,2701.31,Electronic check,2,DSL,Yes,No
CUST-02785,1,Two year,63.86,65.42,Bank transfer (automatic),1,DSL,Yes,No
CUST-02786,7,Month-to-month,53.34,373.68,Electronic check,1,DSL,No,Yes
CUST-02787,48,Month-to-month,49.98,2402.74,Credit card (automatic),0,DSL,No,No
CUST-02788,2,Month-to-month,43.79,85.38,Credit card (automatic),3,DSL,Yes,Yes
CUST-02789,15,Two year,19.84,293.81,Mailed check,0,No,No,No
CUST-02790,17,One year,96.28,1653.92,Electronic check,2,Fiber optic,Yes,No
CUST-02791,39,Two year,76.81,3074.34,Mailed check,3,Fiber optic,Yes,No
CUST-02792,2,Month-to-month,18.47,36.71,Electronic check,0,No,Yes,No
CUST-02793,28,Two year,73.64,2065.32,Bank transfer (automatic),2,Fiber optic,Yes,No
CUST-02794,23,Month-to-month,77.16,1813.87,Credit card (automatic),1,DSL,Yes,Yes
CUST-02795,7,Month-to-month,71.73,492.27,Mailed check,1,Fiber optic,No,Yes
CUST-02796,29,Month-to-month,21.79,647.51,Mailed check,0,No,Yes,Yes
CUST-02797,13,Two year,103.55,1346.39,Credit card (automatic),0,Fiber optic,Yes,No
CUST-02798,0,Month-to-month,80.88, ,Electronic check,1,Fiber optic,Yes,Yes
CUST-02799,60,Two year,117.0,6906.91,Electronic check,1,Fiber optic,Yes,No
CUST-02800,37,Month-to-month,43.33,1628.15,Electronic check,2,DSL,No,Yes
CUST-02801,40,One year,112.9,4390.29,Credit card (automatic),3,Fiber optic,Yes,No
CUST-02802,4,Month-to-month,21.19,82.22,Electronic check,1,No,Yes,No
CUST-02803,43,Month-to-month,88.71,3788.35,Credit card (automatic),1,Fiber optic,Yes,No
CUST-02804,34,One year,93.02,3231.37,Credit card (automatic),1,Fiber optic,No,No
CUST-02805,15,Month-to-month,117.36,1730.93,Credit card (automatic),1,Fiber optic,No,No
CUST-02806,31,Two year,100.62,3071.89,Bank transfer (automatic),2,Fiber optic,Yes,No
CUST-02807,26,Two year,112.83,2969.15,Bank transfer (automatic),1,Fiber optic,No,Yes
CUST-02808,12,Month-to-month,71.36,847.02,Credit card (automatic),3,Fiber optic,No,Yes
CUST-02809,36,Month-to-month,113.73,4145.02,Electronic check,2,Fiber optic,Yes,No
CUST-02810,12,Month-to-month,80.41,960.54,Mailed check,1,Fiber optic,Yes,Yes
CUST-02811,43,Two year,85.35,3672.31,Mailed check,2,Fiber optic,No,No
CUST-02812,42,Two year,73.59,3079.93,Mailed check,2,Fiber optic,Yes,No
CUST-02813,18,Two year,25.11,457.03,Credit card (automatic),0,No,Yes,No
CUST-02814,3,Month-to-month,95.65,286.94,Bank transfer (automatic),1,Fiber optic,Yes,Yes
CUST-02815,29,Month-to-month,18.93,558.82,Credit card (automatic),0,No,Yes,No
CUST-02816,26,Month-to-month,89.38,2335.31,Electronic check,0,Fiber optic,Yes,No
CUST-02817,35,Month-to-month,88.58,3160.45,Credit card (automatic),1,Fiber optic,Yes,No
CUST-02818,43,Month-to-month,72.48,3133.43,Electronic check,2,Fiber optic,Yes,Yes
CUST-02819,47,Month-to-month,20.86,981.62,Bank transfer (automatic),1,No,No,No
CUST-02820,60,Month-to-month,20.45,1215.87,Bank transfer (automatic),4,No,No,Yes
CUST-02821,18,One year,114.82,2079.45,Electronic check,1,Fiber optic,No,No
CUST-02822,38,Month-to-month,109.33,4181.23,Bank transfer (automatic),2,Fiber optic,Yes,No
CUST-02823,18,One year,19.45,342.14,Mailed check,2,No,Yes,No
CUST-02824,18,Month-to-month,25.24,443.99,Electronic check,1,No,Yes,Yes
CUST-02825,2,One year,69.55,136.06,Mailed check,0,DSL,No,No
CUST-02826,1,Month-to-month,21.93,21.79,Credit card (automatic),3,No,No,No
CUST-02827,33,Month-to-month,21.49,725.67,Mailed check,0,No,Yes,No
CUST-02828,6,Month-to-month,76.24,468.50,Bank transfer (automatic),1,DSL,Yes,Yes
CUST-02829,39,Two year,84.89,3281.59,Electronic check,5,Fiber optic,No,Yes
CUST-02830,17,One year,88.07,1477.49,Electronic check,1,Fiber optic,Yes,No
CUST-02831,10,Month-to-month,67.66,657.93,Credit card (automatic),1,DSL,No,No
CUST-02832,43,Two year,107.02,4529.68,Credit card (automatic),3,Fiber optic,Yes,No
CUST-02833,33,Two year,85.95,2811.53,Credit card (automatic),1,Fiber optic,No,Yes
CUST-02834,60,Month-to-month,114.95,7076.02,Mailed check,0,Fiber optic,No,No
CUST-02835,26,Month-to-month,51.82,1315.72,Electronic check,1,DSL,No,Yes
CUST-02836,28,Two year,55.15,1504.28,Credit card (automatic),2,DSL,No,No
CUST-02837,30,One year,79.58,2347.66,Mailed check,3,Fiber optic,Yes,Yes
CUST-02838,42,Month-to-month,22.28,952.82,Credit card (automatic),3,No,Yes,No
CUST-02839,44,Two year,118.71,5235.20,Bank transfer (automatic),2,Fiber optic,Yes,No
CUST-02840,44,Two year,23.64,1046.05,Credit card (automatic),0,No,Yes,No
CUST-02841,9,One year,59.66,535.00,Electronic check,2,DSL,No,No
CUST-02842,11,Month-to-month,117.92,1315.24,Credit card (automatic),2,Fiber optic,No,Yes
CUST-02843,27,One year,18.62,506.28,Credit card (automatic),1,No,Yes,No
CUST-02844,7,Month-to-month,83.94,580.69,Electronic check,2,Fiber optic,No,Yes
CUST-02845,44,Two year,110.86,4965.07,Bank transfer (automatic),2,Fiber optic,Yes,No
CUST-02846,14,One year,95.56,1319.63,Electronic check,3,Fiber optic,No,No
CUST-02847,26,Month-to-month,42.67,1140.42,Electronic check,1,DSL,No,Yes
CUST-02848,22,One year,21.68,487.56,Mailed check,0,No,Yes,No
CUST-02849,17,Month-to-month,18.41,313.51,Electronic check,1,No,No,No
CUST-02850,36,Month-to-month,22.55,833.36,Mailed check,1,No,Yes,Yes
CUST-02851,6,Month-to-month,65.53,383.49,Bank transfer (automatic),2,DSL,No,Yes
CUST-02852,32,Month-to-month,49.83,1563.50,Bank transfer (automatic),1,DSL,No,No
CUST-02853,11,Month-to-month,118.09,1322.15,Mailed check,1,Fiber optic,Yes,No
CUST-02854,28,Month-to-month,110.65,3101.89,Electronic check,3,Fiber optic,Yes,No
CUST-02855,43,One year,21.73,945.53,Electronic check,3,No,Yes,No
CUST-02856,45,One year,20.57,921.77,Credit card (automatic),0,No,Yes,No
CUST-02857,14,Month-to-month,18.34,255.28,Bank transfer (automatic),1,No,No,No
CUST-02858,3,Month-to-month,23.45,71.74,Bank transfer (automatic),1,No,Yes,No
CUST-02859,29,One year,82.82,2441.86,Electronic check,3,Fiber optic,Yes,No
CUST-02860,14,Two year,89.24,1231.18,Mailed check,1,Fiber optic,Yes,No
CUST-02861,21,Month-to-month,21.46,447.68,Credit card (automatic),2,No,Yes,No
CUST-02862,47,Two year,73.58,3497.83,Bank transfer (automatic),1,DSL,No,No
CUST-02863,59,One year,111.51,6568.04,Credit card (automatic),2,Fiber optic,No,No
CUST-02864,15,Month-to-month,24.07,355.27,Mailed check,1,No,Yes,Yes
CUST-02865,39,One year,107.38,4183.80,Bank transfer (automatic),0,Fiber optic,Yes,No
CUST-02866,1,Month-to-month,60.51,59.93,Bank transfer (automatic),1,DSL,No,No
CUST-02867,17,One year,24.18,406.24,Electronic check,2,No,Yes,No
CUST-02868,55,Two year,24.69,1319.86,Electronic check,4,No,Yes,No
CUST-02869,30,One year,60.64,1837.78,Electronic check,1,DSL,No,No
CUST-02870,50,Two year,113.89,5774.17,Electronic check,2,Fiber optic,No,No
CUST-02871,28,Two year,118.28,3263.84,Bank transfer (automatic),0,Fiber optic,No,No
CUST-02872,11,Month-to-month,78.54,888.68,Credit card (automatic),4,Fiber optic,No,Yes
CUST-02873,55,One year,78.14,4422.40,Credit card (automatic),1,DSL,No,No
CUST-02874,1,Month-to-month,81.98,84.14,Bank transfer (automatic),1,Fiber optic,Yes,No
CUST-02875,10,Month-to-month,115.53,1129.64,Credit card (automatic),2,Fiber optic,No,No
CUST-02876,24,One year,111.49,2737.67,Credit card (automatic),4,Fiber optic,Yes,Yes
CUST-02877,16,Month-to-month,114.66,1815.85,Electronic check,1,Fiber optic,Yes,Yes
CUST-02878,0,Month-to-month,21.71, ,Electronic check,1,No,Yes,Yes
CUST-02879,5,Month-to-month,77.36,378.77,Credit card (automatic),2,Fiber optic,No,Yes
CUST-02880,10,Month-to-month,19.92,200.18,Mailed check,1,No,No,Yes
CUST-02881,18,Two year,84.85,1491.55,Credit card (automatic),2,Fiber optic,No,No
CUST-02882,6,Month-to-month,20.12,119.85,Credit card (automatic),2,No,No,No
CUST-02883,27,One year,77.71,2065.25,Credit card (automatic),1,DSL,Yes,No
CUST-02884,40,Two year,48.18,1931.04,Credit card (automatic),3,DSL,No,No
CUST-02885,4,Month-to-month,67.46,271.12,Bank transfer (automatic),0,DSL,Yes,No
CUST-02886,48,Month-to-month,22.09,1069.55,Credit card (automatic),0,No,Yes,No
CUST-02887,29,Two year,43.75,1264.86,Electronic check,1,DSL,Yes,No
CUST-02888,60,One year,80.31,4782.91,Electronic check,4,Fiber optic,Yes,No
CUST-02889,17,Month-to-month,115.51,1964.16,Mailed check,1,Fiber optic,Yes,Yes
CUST-02890,37,Two year,109.82,4038.59,Bank transfer (automatic),3,Fiber optic,Yes,No
CUST-02891,0,Month-to-month,63.83, ,Credit card (automatic),2,DSL,No,Yes
CUST-02892,27,Two year,45.29,1256.64,Electronic check,7,DSL,Yes,Yes
CUST-02893,16,One year,76.75,1260.14,Electronic check,0,Fiber optic,No,No
CUST-02894,24,Month-to-month,105.62,2543.21,Credit card (automatic),2,Fiber optic,No,Yes
CUST-02895,37,Month-to-month,70.06,2580.13,Electronic check,3,DSL,Yes,Yes
CUST-02896,26,Month-to-month,116.71,3026.59,Bank transfer (automatic),2,Fiber optic,No,Yes
CUST-02897,50,One year,19.79,1018.53,Electronic check,1,No,No,No
CUST-02898,61,One year,23.12,1394.02,Credit card (automatic),1,No,No,No
CUST-02899,33,Month-to-month,21.48,707.02,Bank transfer (automatic),1,No,Yes,No
CUST-02900,13,Month-to-month,75.55,986.48,Electronic check,0,Fiber optic,No,Yes
CUST-02901,26,One year,54.74,1387.75,Electronic check,3,DSL,No,No
CUST-02902,37,Month-to-month,87.91,3232.61,Credit card (automatic),1,Fiber optic,Yes,No
CUST-02903,49,Month-to-month,92.11,4446.85,Credit card (automatic),1,Fiber optic,No,No
CUST-02904,32,One year,53.17,1708.09,Electronic check,2,DSL,No,No
CUST-02905,21,One year,62.62,1297.49,Electronic check,0,DSL,Yes,No
CUST-02906,0,Two year,64.57, ,Electronic check,0,DSL,Yes,No
CUST-02907,10,Month-to-month,90.12,899.27,Mailed check,3,Fiber optic,No,Yes
CUST-02908,10,Month-to-month,56.09,561.40,Electronic check,4,DSL,No,No
CUST-02909,9,Month-to-month,101.96,906.62,Credit card (automatic),3,Fiber optic,No,Yes
CUST-02910,40,Two year,44.47,1805.62,Mailed check,3,DSL,Yes,No
CUST-02911,6,One year,74.04,433.62,Electronic check,0,DSL,No,No
CUST-02912,17,Two year,25.56,425.73,Mailed check,3,No,Yes,No
CUST-02913,31,One year,44.51,1340.74,Bank transfer (automatic),2,DSL,No,No
CUST-02914,9,One year,23.57,207.07,Bank transfer (automatic),2,No,No,Yes
CUST-02915,24,Month-to-month,51.68,1224.54,Electronic check,3,DSL,Yes,Yes
CUST-02916,33,One year,90.96,2932.07,Mailed check,3,Fiber optic,Yes,No
CUST-02917,1,Month-to-month,20.28,20.20,Mailed check,0,No,Yes,No
CUST-02918,0,Month-to-month,50.3, ,Electronic check,0,DSL,No,No
CUST-02919,2,Two year,58.55,115.40,Electronic check,1,DSL,No,No
CUST-02920,49,Month-to-month,21.04,1032.59,Credit card (automatic),5,No,No,Yes
CUST-02921,1,Month-to-month,58.0,58.53,Mailed check,3,DSL,Yes,Yes
CUST-02922,53,Month-to-month,109.39,5956.56,Bank transfer (automatic),2,Fiber optic,Yes,Yes
CUST-02923,30,Month-to-month,117.71,3627.66,Electronic check,4,Fiber optic,Yes,Yes
CUST-02924,7,Month-to-month,76.99,545.91,Credit card (automatic),1,Fiber optic,Yes,No
CUST-02925,1,Month-to-month,23.83,24.06,Credit card (automatic),3,No,Yes,Yes
CUST-02926,17,Two year,22.37,379.82,Credit card (automatic),0,No,No,No
CUST-02927,30,Month-to-month,56.08,1700.54,Mailed check,1,DSL,No,Yes
CUST-02928,17,One year,102.2,1774.79,Mailed check,1,Fiber optic,No,No
CUST-02929,53,One year,74.59,4057.99,Credit card (automatic),2,DSL,No,No
CUST-02930,30,Two year,23.06,703.53,Credit card (automatic),2,No,Yes,No
CUST-02931,11,One year,104.3,1168.09,Credit card (automatic),2,Fiber optic,No,No
CUST-02932,14,Month-to-month,77.23,1063.42,Electronic check,2,Fiber optic,Yes,Yes
CUST-02933,55,One year,68.45,3849.64,Bank transfer (automatic),2,DSL,Yes,No
CUST-02934,20,Two year,78.39,1591.92,Bank transfer (automatic),2,DSL,No,No
CUST-02935,10,Month-to-month,77.43,766.73,Mailed check,2,DSL,Yes,Yes
CUST-02936,7,Month-to-month,21.32,146.07,Electronic check,4,No,No,Yes
CUST-02937,64,Two year,24.87,1565.66,Electronic check,1,No,Yes,No
CUST-02938,16,One year,64.03,1001.11,Credit card (automatic),1,DSL,No,No
CUST-02939,3,Two year,19.14,57.10,Mailed check,1,No,No,No
CUST-02940,53,Two year,78.11,4262.05,Credit card (automatic),0,DSL,No,Yes
CUST-02941,40,One year,64.82,2543.66,Electronic check,0,DSL,Yes,No
CUST-02942,6,Two year,19.04,114.24,Electronic check,1,No,No,No
CUST-02943,24,Month-to-month,63.33,1478.40,Mailed check,4,DSL,Yes,Yes
CUST-02944,17,One year,68.76,1195.56,Bank transfer (automatic),2,DSL,Yes,No
CUST-02945,42,Two year,51.14,2191.89,Bank transfer (automatic),0,DSL,No,No
CUST-02946,39,Two year,103.27,3910.87,Electronic check,3,Fiber optic,Yes,No
CUST-02947,0,Month-to-month,117.09, ,Credit card (automatic),2,Fiber optic,Yes,No
CUST-02948,11,Month-to-month,19.99,217.11,Credit card (automatic),0,No,Yes,Yes
CUST-02949,33,Month-to-month,93.93,3098.41,Electronic check,1,Fiber optic,Yes,No
CUST-02950,24,Two year,20.61,492.02,Bank transfer (automatic),1,No,No,No
CUST-02951,21,Month-to-month,21.16,448.42,Electronic check,1,No,No,Yes
CUST-02952,2,One year,110.81,219.39,Credit card (automatic),1,Fiber optic,No,No
CUST-02953,18,Month-to-month,72.48,1272.32,Mailed check,2,DSL,Yes,Yes
CUST-02954,5,Month-to-month,70.41,358.23,Credit card (automatic),0,Fiber optic,Yes,Yes
CUST-02955,24,Month-to-month,75.95,1850.67,Mailed check,2,Fiber optic,Yes,No
CUST-02956,36,Two year,20.87,745.94,Bank transfer (automatic),1,No,Yes,No
CUST-02957,13,One year,84.77,1076.32,Credit card (automatic),3,Fiber optic,Yes,No
CUST-02958,1,One year,74.56,73.72,Bank transfer (automatic),0,Fiber optic,No,No
CUST-02959,8,Month-to-month,67.53,550.14,Electronic check,0,DSL,Yes,Yes
CUST-02960,16,Month-to-month,101.33,1629.84,Credit card (automatic),3,Fiber optic,Yes,No
CUST-02961,1,Month-to-month,82.1,80.99,Credit card (automatic),1,Fiber optic,Yes,No
CUST-02962,69,Month-to-month,87.63,5884.87,Electronic check,3,Fiber optic,No,No
CUST-02963,30,Month-to-month,93.79,2875.67,Mailed check,5,Fiber optic,No,Yes
CUST-02964,24,Month-to-month,44.15,1044.44,Credit card (automatic),4,DSL,No,Yes
CUST-02965,38,Month-to-month,77.55,2933.39,Bank transfer (automatic),3,Fiber optic,No,Yes
CUST-02966,18,One year,101.53,1814.77,Electronic check,1,Fiber optic,No,No
CUST-02967,28,Two year,60.18,1693.55,Credit card (automatic),3,DSL,Yes,No
CUST-02968,34,One year,99.27,3358.27,Mailed check,0,Fiber optic,Yes,Yes
CUST-02969,68,Month-to-month,77.93,5411.24,Credit card (automatic),2,DSL,No,No
CUST-02970,12,Month-to-month,106.83,1269.79,Credit card (automatic),5,Fiber optic,No,Yes
CUST-02971,69,One year,25.51,1782.43,Bank transfer (automatic),2,No,No,Yes
CUST-02972,9,Month-to-month,64.01,562.03,Electronic check,1,DSL,Yes,Yes
CUST-02973,27,One year,18.26,483.59,Bank transfer (automatic),0,No,Yes,No
CUST-02974,12,Month-to-month,74.57,898.95,Credit card (automatic),3,Fiber optic,Yes,Yes
CUST-02975,48,Two year,103.98,4871.43,Credit card (automatic),3,Fiber optic,No,No
CUST-02976,5,Month-to-month,84.87,421.28,Electronic check,1,Fiber optic,Yes,Yes
CUST-02977,11,Month-to-month,21.35,240.53,Mailed check,1,No,No,No
CUST-02978,16,Month-to-month,67.09,1058.85,Mailed check,0,DSL,No,No
CUST-02979,14,Month-to-month,86.25,1198.12,Mailed check,2,Fiber optic,Yes,No
CUST-02980,58,Two year,74.3,4261.42,Mailed check,0,DSL,Yes,No
CUST-02981,43,Two year,88.89,3800.93,Electronic check,1,Fiber optic,No,No
CUST-02982,30,One year,44.11,1355.66,Credit card (automatic),2,DSL,No,No
CUST-02983,34,Month-to-month,25.63,851.54,Credit card (automatic),0,No,Yes,No
CUST-02984,1,Month-to-month,93.87,91.47,Mailed check,1,Fiber optic,Yes,Yes
CUST-02985,54,One year,87.09,4579.94,Credit card (automatic),1,Fiber optic,No,No
CUST-02986,63,One year,75.23,4877.22,Bank transfer (automatic),5,DSL,Yes,Yes
CUST-02987,12,Two year,73.84,900.65,Electronic check,1,DSL,Yes,No
CUST-02988,2,Month-to-month,71.84,145.42,Mailed check,4,Fiber optic,Yes,Yes
CUST-02989,13,One year,109.41,1443.59,Electronic check,2,Fiber optic,No,No
CUST-02990,3,Month-to-month,93.89,275.35,Credit card (automatic),4,Fiber optic,Yes,Yes
CUST-02991,8,Month-to-month,23.3,184.42,Electronic check,5,No,No,Yes
CUST-02992,2,Month-to-month,77.12,153.18,Electronic check,3,Fiber optic,Yes,Yes
CUST-02993,23,One year,23.26,533.85,Bank transfer (automatic),3,No,Yes,No
CUST-02994,30,Month-to-month,81.22,2373.21,Electronic check,1,Fiber optic,Yes,No
CUST-02995,8,Month-to-month,75.72,598.98,Electronic check,1,Fiber optic,Yes,Yes
CUST-02996,23,One year,76.56,1741.68,Mailed check,1,Fiber optic,No,Yes
CUST-02997,18,One year,53.42,978.72,Credit card (automatic),3,DSL,No,No
CUST-02998,33,One year,78.6,2565.31,Bank transfer (automatic),1,DSL,No,Yes
CUST-02999,48,Month-to-month,44.48,2147.62,Bank transfer (automatic),1,DSL,Yes,No
CUST-03000,54,One year,20.73,1117.83,Electronic check,1,No,No,No
CUST-03001,46,One year,22.19,1023.90,Credit card (automatic),0,No,No,Yes
CUST-03002,21,One year,80.09,1633.56,Bank transfer (automatic),0,Fiber optic,Yes,No
CUST-03003,18,One year,25.46,465.88,Mailed check,1,No,No,No
CUST-03004,13,Month-to-month,59.26,759.69,Bank transfer (automatic),3,DSL,No,Yes
CUST-03005,28,Two year,23.45,656.92,Mailed check,2,No,No,No
CUST-03006,5,Month-to-month,20.95,107.08,Electronic check,1,No,No,No
CUST-03007,65,Two year,79.47,5013.27,Credit card (automatic),4,Fiber optic,No,No
CUST-03008,4,Month-to-month,53.55,212.95,Electronic check,0,DSL,No,No
CUST-03009,15,One year,83.63,1282.33,Bank transfer (automatic),3,Fiber optic,No,No
CUST-03010,28,One year,111.32,3166.69,Bank transfer (automatic),3,Fiber optic,No,No
CUST-03011,6,Month-to-month,70.72,424.80,Bank transfer (automatic),3,Fiber optic,No,Yes
CUST-03012,1,Two year,75.03,73.28,Mailed check,1,DSL,Yes,Yes
CUST-03013,61,Two year,89.15,5366.00,Electronic check,2,Fiber optic,Yes,No
CUST-03014,20,Month-to-month,100.07,1995.21,Bank transfer (automatic),1,Fiber optic,Yes,No
CUST-03015,3,Month-to-month,24.29,71.72,Credit card (automatic),2,No,No,No
CUST-03016,15,Month-to-month,59.28,863.69,Mailed check,0,DSL,No,No
CUST-03017,62,Two year,74.51,4755.75,Electronic check,4,Fiber optic,Yes,Yes
CUST-03018,43,Month-to-month,62.22,2670.68,Electronic check,3,DSL,Yes,No
CUST-03019,23,Two year,75.93,1734.03,Bank transfer (automatic),4,Fiber optic,Yes,No
CUST-03020,30,Two year,24.44,739.40,Electronic check,1,No,No,No
CUST-03021,72,One year,66.08,4791.69,Mailed check,1,DSL,Yes,No
CUST-03022,2,Month-to-month,64.05,124.72,Bank transfer (automatic),3,DSL,No,No
CUST-03023,20,Month-to-month,18.25,359.32,Bank transfer (automatic),1,No,Yes,Yes
CUST-03024,11,Month-to-month,77.45,841.81,Mailed check,2,DSL,Yes,No
CUST-03025,38,Month-to-month,76.35,2910.20,Bank transfer (automatic),3,Fiber optic,Yes,Yes
CUST-03026,41,One year,49.18,2071.57,Credit card (automatic),1,DSL,No,No
CUST-03027,0,Month-to-month,25.65, ,Electronic check,0,No,Yes,No
CUST-03028,68,One year,74.36,5102.76,Bank transfer (automatic),3,Fiber optic,Yes,No
CUST-03029,47,One year,23.81,1147.69,Electronic check,1,No,No,No
CUST-03030,37,Two year,74.63,2841.17,Electronic check,3,Fiber optic,No,No
CUST-03031,33,One year,105.72,3398.38,Electronic check,2,Fiber optic,No,No
CUST-03032,0,One year,74.87, ,Bank transfer (automatic),0,DSL,Yes,No
CUST-03033,12,One year,87.05,1046.19,Electronic check,3,Fiber optic,No,Yes
CUST-03034,37,Month-to-month,85.23,3122.32,Credit card (automatic),1,Fiber optic,No,No
CUST-03035,34,Two year,76.46,2570.16,Bank transfer (automatic),1,DSL,Yes,No
CUST-03036,65,Two year,18.81,1205.82,Electronic check,1,No,No,No
CUST-03037,2,Month-to-month,55.15,108.69,Bank transfer (automatic),4,DSL,No,Yes
CUST-03038,12,Month-to-month,66.27,796.34,Electronic check,3,DSL,Yes,No
CUST-03039,14,One year,67.52,972.96,Electronic check,1,DSL,Yes,No
CUST-03040,21,Month-to-month,58.99,1237.81,Bank transfer (automatic),2,DSL,Yes,Yes
CUST-03041,16,Two year,111.62,1803.24,Electronic check,0,Fiber optic,Yes,No
CUST-03042,11,Two year,111.39,1227.48,Electronic check,0,Fiber optic,Yes,No
CUST-03043,14,One year,109.83,1573.93,Bank transfer (automatic),0,Fiber optic,No,No
CUST-03044,10,Month-to-month,78.33,769.93,Mailed check,2,Fiber optic,No,Yes
CUST-03045,46,One year,23.1,1037.28,Mailed check,0,No,Yes,No
CUST-03046,26,Month-to-month,73.48,1903.72,Credit card (automatic),1,DSL,No,No
CUST-03047,6,Month-to-month,18.96,114.31,Bank transfer (automatic),1,No,Yes,Yes
CUST-03048,1,Two year,51.4,50.34,Credit card (automatic),1,DSL,Yes,No
CUST-03049,49,One year,117.68,5810.44,Electronic check,0,Fiber optic,No,No
CUST-03050,4,Month-to-month,92.52,364.68,Electronic check,2,Fiber optic,No,Yes
CUST-03051,39,Two year,22.23,845.67,Bank transfer (automatic),2,No,No,No
CUST-03052,39,Two year,55.25,2208.56,Credit card (automatic),1,DSL,No,No
CUST-03053,37,Month-to-month,21.19,762.51,Bank transfer (automatic),1,No,Yes,No
CUST-03054,15,Two year,75.06,1095.47,Bank transfer (automatic),0,DSL,Yes,No
CUST-03055,53,One year,19.82,1081.02,Mailed check,2,No,No,No
CUST-03056,52,Two year,52.66,2713.71,Bank transfer (automatic),1,DSL,No,No
CUST-03057,24,Month-to-month,94.41,2275.08,Bank transfer (automatic),2,Fiber optic,No,Yes
CUST-03058,34,Month-to-month,20.58,686.74,Bank transfer (automatic),6,No,Yes,No
CUST-03059,53,Month-to-month,74.99,3958.23,Electronic check,0,DSL,No,Yes
CUST-03060,12,Two year,65.54,766.38,Bank transfer (automatic),1,DSL,No,No
CUST-03061,31,Month-to-month,60.84,1832.46,Bank transfer (automatic),0,DSL,Yes,No
CUST-03062,2,Month-to-month,22.78,46.93,Electronic check,1,No,Yes,Yes
CUST-03063,8,Month-to-month,70.97,557.70,Bank transfer (automatic),4,Fiber optic,No,Yes
CUST-03064,18,Month-to-month,106.16,1897.88,Mailed check,2,Fiber optic,Yes,Yes
CUST-03065,8,Month-to-month,86.35,694.66,Electronic check,0,Fiber optic,Yes,No
CUST-03066,4,Month-to-month,22.81,91.34,Mailed check,1,No,Yes,No
CUST-03067,20,Month-to-month,110.57,2192.97,Credit card (automatic),2,Fiber optic,Yes,No
CUST-03068,28,Two year,86.84,2361.54,Electronic check,0,Fiber optic,No,No
CUST-03069,57,One year,43.85,2499.84,Mailed check,3,DSL,Yes,No
CUST-03070,5,Month-to-month,42.54,218.38,Credit card (automatic),1,DSL,No,No
CUST-03071,12,Month-to-month,73.8,898.34,Credit card (automatic),2,DSL,Yes,Yes
CUST-03072,68,Two year,96.64,6657.05,Electronic check,6,Fiber optic,Yes,Yes
CUST-03073,25,Two year,101.71,2610.87,Bank transfer (automatic),2,Fiber optic,Yes,No
CUST-03074,23,Month-to-month,99.09,2236.98,Electronic check,2,Fiber optic,Yes,Yes
CUST-03075,64,Two year,19.52,1284.74,Electronic check,0,No,No,No
CUST-03076,46,One year,43.89,2077.40,Credit card (automatic),3,DSL,Yes,No
CUST-03077,47,Two year,81.86,3845.95,Mailed check,2,Fiber optic,Yes,No
CUST-03078,26,Two year,118.31,3127.19,Electronic check,5,Fiber optic,Yes,Yes
CUST-03079,41,Two year,90.37,3599.04,Bank transfer (automatic),0,Fiber optic,Yes,No
CUST-03080,43,Two year,76.17,3367.62,Electronic check,1,DSL,Yes,No
CUST-03081,16,Two year,51.97,829.12,Bank transfer (automatic),0,DSL,Yes,No
CUST-03082,6,Month-to-month,68.54,423.33,Electronic check,3,DSL,No,Yes
CUST-03083,40,Month-to-month,71.27,2839.04,Electronic check,4,Fiber optic,Yes,Yes
CUST-03084,11,Month-to-month,42.98,477.27,Electronic check,0,DSL,Yes,Yes
CUST-03085,35,One year,92.71,3170.46,Electronic check,4,Fiber optic,No,Yes
CUST-03086,33,Month-to-month,101.64,3284.63,Credit card (automatic),0,Fiber optic,Yes,No
CUST-03087,9,Month-to-month,116.91,1048.89,Mailed check,2,Fiber optic,Yes,No
CUST-03088,0,Month-to-month,18.47, ,Credit card (automatic),3,No,Yes,Yes
CUST-03089,51,Two year,25.66,1299.33,Credit card (automatic),3,No,Yes,No
CUST-03090,38,One year,93.0,3454.00,Bank transfer (automatic),1,Fiber optic,No,No
CUST-03091,4,Month-to-month,70.4,273.80,Bank transfer (automatic),0,DSL,No,No
CUST-03092,61,Two year,66.02,4090.39,Electronic check,2,DSL,No,No
CUST-03093,28,One year,82.08,2253.50,Electronic check,2,Fiber optic,No,No
CUST-03094,58,Two year,54.6,3237.36,Credit card (automatic),2,DSL,Yes,No
CUST-03095,37,Two year,98.82,3637.29,Bank transfer (automatic),3,Fiber optic,Yes,No
CUST-03096,10,Month-to-month,74.7,743.96,Credit card (automatic),2,Fiber optic,No,Yes
CUST-03097,12,Month-to-month,70.7,838.18,Bank transfer (automatic),2,DSL,No,Yes
CUST-03098,35,Two year,71.6,2468.47,Credit card (automatic),1,DSL,No,No
CUST-03099,39,One year,72.37,2797.91,Bank transfer (automatic),2,DSL,Yes,No
CUST-03100,26,One year,73.39,1943.48,Credit card (automatic),2,DSL,Yes,No
CUST-03101,30,Two year,103.59,3141.66,Electronic check,3,Fiber optic,Yes,No
CUST-03102,49,Month-to-month,23.83,1197.51,Electronic check,1,No,Yes,Yes
CUST-03103,14,One year,98.7,1381.29,Electronic check,2,Fiber optic,Yes,No
CUST-03104,34,Two year,50.75,1757.21,Electronic check,3,DSL,Yes,No
CUST-03105,20,Month-to-month,18.87,370.60,Mailed check,1,No,No,No
CUST-03106,17,One year,49.0,811.29,Credit card (automatic),4,DSL,Yes,No
CUST-03107,60,Two year,79.41,4695.13,Electronic check,1,Fiber optic,No,No
CUST-03108,28,Month-to-month,23.93,683.50,Bank transfer (automatic),2,No,Yes,No
CUST-03109,1,Month-to-month,116.2,119.46,Credit card (automatic),5,Fiber optic,Yes,Yes
CUST-03110,36,Month-to-month,72.15,2629.70,Credit card (automatic),3,DSL,No,Yes
CUST-03111,28,Two year,25.69,715.49,Electronic check,2,No,Yes,No
CUST-03112,8,Month-to-month,72.13,588.03,Bank transfer (automatic),4,Fiber optic,Yes,Yes
CUST-03113,35,Month-to-month,43.67,1541.61,Electronic check,0,DSL,Yes,No
CUST-03114,57,One year,23.38,1299.93,Mailed check,2,No,Yes,No
CUST-03115,13,Month-to-month,71.25,950.36,Mailed check,2,Fiber optic,Yes,Yes
CUST-03116,16,Month-to-month,113.42,1775.51,Electronic check,2,Fiber optic,No,Yes
CUST-03117,19,Month-to-month,93.02,1762.75,Electronic check,3,Fiber optic,Yes,Yes
CUST-03118,6,Two year,25.18,155.50,Bank transfer (automatic),0,No,No,No
CUST-03119,64,One year,82.18,5198.65,Electronic check,3,Fiber optic,Yes,No
CUST-03120,30,Two year,101.32,2974.09,Electronic check,3,Fiber optic,No,No
CUST-03121,8,Month-to-month,23.49,190.15,Mailed check,0,No,Yes,No
CUST-03122,7,Month-to-month,84.0,582.75,Electronic check,2,Fiber optic,Yes,No
CUST-03123,53,Two year,21.0,1116.69,Bank transfer (automatic),0,No,Yes,No
CUST-03124,49,Month-to-month,62.57,3135.79,Bank transfer (automatic),1,DSL,Yes,No
CUST-03125,59,One year,21.13,1221.64,Credit card (automatic),0,No,No,No
CUST-03126,8,Month-to-month,93.96,751.91,Mailed check,4,Fiber optic,No,Yes
CUST-03127,17,Two year,92.23,1532.01,Electronic check,0,Fiber optic,Yes,No
CUST-03128,6,Month-to-month,102.47,616.25,Credit card (automatic),1,Fiber optic,No,No
CUST-03129,39,Month-to-month,73.96,2944.90,Electronic check,1,Fiber optic,Yes,No
CUST-03130,19,One year,116.64,2240.97,Electronic check,6,Fiber optic,Yes,Yes
CUST-03131,26,Two year,19.02,485.34,Bank transfer (automatic),2,No,Yes,No
CUST-03132,38,Two year,86.48,3319.11,Mailed check,2,Fiber optic,No,No
CUST-03133,28,Month-to-month,42.82,1196.25,Bank transfer (automatic),3,DSL,Yes,No
CUST-03134,3,Month-to-month,72.2,214.86,Electronic check,4,DSL,Yes,No
CUST-03135,3,Month-to-month,75.48,222.24,Bank transfer (automatic),4,Fiber optic,No,No
CUST-03136,20,Two year,83.58,1650.83,Mailed check,1,Fiber optic,No,Yes
CUST-03137,1,Month-to-month,58.94,57.30,Bank transfer (automatic),0,DSL,No,No
CUST-03138,7,Month-to-month,73.22,524.66,Credit card (automatic),4,DSL,No,Yes
CUST-03139,64,Two year,24.0,1518.70,Bank transfer (automatic),1,No,No,No
CUST-03140,30,Month-to-month,47.96,1473.27,Bank transfer (automatic),1,DSL,Yes,Yes
CUST-03141,7,Month-to-month,21.6,155.22,Bank transfer (automatic),2,No,Yes,Yes
CUST-03142,60,Two year,86.22,5235.55,Bank transfer (automatic),1,Fiber optic,No,No
CUST-03143,50,Two year,77.03,3872.46,Mailed check,2,DSL,No,No
CUST-03144,0,Month-to-month,24.67, ,Electronic check,2,No,Yes,Yes
CUST-03145,54,One year,77.33,4267.82,Electronic check,2,Fiber optic,Yes,Yes
CUST-03146,47,Two year,21.47,983.53,Bank transfer (automatic),2,No,No,No
CUST-03147,11,Month-to-month,91.68,1015.54,Electronic check,2,Fiber optic,Yes,No
CUST-03148,0,Month-to-month,25.46, ,Electronic check,0,No,Yes,No
CUST-03149,33,Month-to-month,108.77,3680.79,Electronic check,3,Fiber optic,No,Yes
CUST-03150,68,Month-to-month,71.95,5008.82,Electronic check,1,DSL,Yes,No
CUST-03151,27,Month-to-month,21.01,576.47,Credit card (automatic),1,No,Yes,No
CUST-03152,1,Month-to-month,67.82,66.78,Electronic check,1,DSL,Yes,No
CUST-03153,47,One year,54.16,2571.49,Electronic check,1,DSL,No,No
CUST-03154,14,Two year,72.51,1039.25,Bank transfer (automatic),0,DSL,Yes,No
CUST-03155,43,Two year,116.8,4979.58,Bank transfer (automatic),2,Fiber optic,Yes,No
CUST-03156,48,Two year,99.74,4828.55,Credit card (automatic),3,Fiber optic,Yes,No
CUST-03157,3,One year,61.75,184.28,Bank transfer (automatic),1,DSL,Yes,No
CUST-03158,49,Two year,74.26,3726.78,Electronic check,1,DSL,Yes,No
CUST-03159,41,Two year,114.12,4605.02,Electronic check,0,Fiber optic,Yes,No
CUST-03160,36,One year,18.93,672.53,Credit card (automatic),2,No,Yes,No
CUST-03161,0,Month-to-month,103.99, ,Electronic check,3,Fiber optic,No,Yes
CUST-03162,16,Month-to-month,100.64,1627.72,Mailed check,3,Fiber optic,Yes,No
CUST-03163,33,One year,80.25,2571.42,Mailed check,4,Fiber optic,Yes,Yes
CUST-03164,23,Month-to-month,76.09,1726.93,Bank transfer (automatic),2,Fiber optic,Yes,Yes
CUST-03165,3,Month-to-month,83.91,248.54,Credit card (automatic),1,Fiber optic,Yes,Yes
CUST-03166,59,Two year,19.52,1165.52,Mailed check,0,No,No,No
CUST-03167,1,Month-to-month,81.83,81.87,Credit card (automatic),3,Fiber optic,No,Yes
CUST-03168,61,Two year,114.73,6814.21,Credit card (automatic),4,Fiber optic,No,Yes
CUST-03169,30,Month-to-month,75.85,2265.79,Electronic check,2,DSL,Yes,Yes
CUST-03170,49,Month-to-month,20.15,1016.46,Bank transfer (automatic),2,No,No,Yes
CUST-03171,26,Month-to-month,19.77,526.16,Credit card (automatic),1,No,Yes,No
CUST-03172,8,Month-to-month,59.05,481.36,Bank transfer (automatic),0,DSL,No,Yes
CUST-03173,55,Two year,102.37,5670.75,Credit card (automatic),1,Fiber optic,Yes,No
CUST-03174,5,Month-to-month,76.72,375.01,Credit card (automatic),3,Fiber optic,Yes,Yes
CUST-03175,9,Month-to-month,24.38,224.67,Electronic check,1,No,Yes,No
CUST-03176,1,Month-to-month,18.8,18.64,Credit card (automatic),3,No,Yes,No
CUST-03177,32,Month-to-month,46.63,1462.64,Credit card (automatic),0,DSL,Yes,No
CUST-03178,33,Month-to-month,23.02,743.15,Bank transfer (automatic),1,No,No,No
CUST-03179,62,One year,19.78,1251.91,Mailed check,1,No,Yes,No
CUST-03180,37,Month-to-month,81.17,3027.56,Mailed check,3,Fiber optic,Yes,No
CUST-03181,4,Month-to-month,112.72,440.26,Bank transfer (automatic),5,Fiber optic,Yes,No
CUST-03182,12,One year,87.75,1075.01,Electronic check,2,Fiber optic,No,No
CUST-03183,42,One year,76.03,3146.40,Bank transfer (automatic),1,DSL,Yes,No
CUST-03184,13,Two year,75.3,984.67,Bank transfer (automatic),1,Fiber optic,Yes,No
CUST-03185,17,Two year,115.42,2016.35,Bank transfer (automatic),2,Fiber optic,Yes,No
CUST-03186,0,Month-to-month,114.59, ,Electronic check,3,Fiber optic,Yes,Yes
CUST-03187,14,Two year,62.15,885.25,Electronic check,1,DSL,No,No
CUST-03188,14,Two year,106.97,1513.11,Credit card (automatic),3,Fiber optic,Yes,No
CUST-03189,10,Month-to-month,91.31,927.88,Bank transfer (automatic),4,Fiber optic,Yes,Yes
CUST-03190,12,Month-to-month,107.33,1290.95,Mailed check,6,Fiber optic,Yes,Yes
CUST-03191,0,Month-to-month,81.85, ,Electronic check,0,Fiber optic,No,No
CUST-03192,49,Two year,114.03,5556.39,Bank transfer (automatic),3,Fiber optic,No,Yes
CUST-03193,27,One year,24.16,633.43,Electronic check,1,No,Yes,No
CUST-03194,33,Month-to-month,23.74,759.92,Electronic check,0,No,No,No
CUST-03195,55,One year,109.24,6161.94,Credit card (automatic),2,Fiber optic,No,No
CUST-03196,43,One year,86.81,3643.70,Credit card (automatic),0,Fiber optic,Yes,Yes
CUST-03197,9,Month-to-month,49.41,447.30,Bank transfer (automatic),2,DSL,Yes,No
CUST-03198,7,Month-to-month,87.3,613.57,Electronic check,2,Fiber optic,Yes,No
CUST-03199,11,Month-to-month,18.54,205.17,Mailed check,0,No,No,Yes
CUST-03200,35,Month-to-month,52.34,1832.48,Electronic check,2,DSL,Yes,No
CUST-03201,26,One year,99.61,2659.23,Mailed check,5,Fiber optic,Yes,Yes
CUST-03202,9,Month-to-month,24.6,219.41,Bank transfer (automatic),2,No,Yes,Yes
CUST-03203,34,Month-to-month,115.35,3876.60,Bank transfer (automatic),1,Fiber optic,No,No
CUST-03204,45,One year,105.21,4695.75,Electronic check,1,Fiber optic,Yes,Yes
CUST-03205,29,Month-to-month,113.48,3232.90,Bank transfer (automatic),1,Fiber optic,No,No
CUST-03206,47,One year,84.2,4010.30,Bank transfer (automatic),1,Fiber optic,No,No
CUST-03207,38,One year,67.17,2528.93,Credit card (automatic),2,DSL,No,No
CUST-03208,14,Two year,78.05,1063.99,Mailed check,1,DSL,No,No
CUST-03209,9,One year,99.78,877.37,Electronic check,2,Fiber optic,No,Yes
CUST-03210,52,Month-to-month,90.86,4801.11,Credit card (automatic),2,Fiber optic,Yes,Yes
CUST-03211,7,Month-to-month,82.81,565.63,Electronic check,3,Fiber optic,Yes,Yes
CUST-03212,33,Two year,85.34,2767.63,Mailed check,0,Fiber optic,Yes,Yes
CUST-03213,18,One year,49.87,890.95,Bank transfer (automatic),2,DSL,Yes,No
CUST-03214,62,One year,23.52,1483.94,Electronic check,1,No,No,No
CUST-03215,41,Month-to-month,105.29,4207.01,Electronic check,1,Fiber optic,No,Yes
CUST-03216,60,Two year,24.1,1419.52,Mailed check,0,No,No,No
CUST-03217,26,Month-to-month,92.79,2368.97,Mailed check,4,Fiber optic,Yes,Yes
CUST-03218,16,Month-to-month,19.29,308.00,Bank transfer (automatic),1,No,Yes,No
CUST-03219,26,Month-to-month,90.57,2341.09,Bank transfer (automatic),2,Fiber optic,No,No
CUST-03220,34,One year,23.86,826.11,Electronic check,1,No,No,No
CUST-03221,65,Month-to-month,24.67,1582.05,Credit card (automatic),2,No,No,No
CUST-03222,31,One year,73.96,2241.31,Credit card (automatic),4,Fiber optic,Yes,No
CUST-03223,36,Month-to-month,81.89,2901.75,Electronic check,1,Fiber optic,Yes,No
CUST-03224,21,Month-to-month,77.52,1609.83,Electronic check,2,DSL,No,Yes
CUST-03225,15,Month-to-month,21.49,324.05,Bank transfer (automatic),2,No,No,No
CUST-03226,59,Two year,45.07,2641.03,Electronic check,2,DSL,No,No
CUST-03227,32,One year,79.93,2514.99,Credit card (automatic),6,Fiber optic,Yes,Yes
CUST-03228,43,Two year,110.34,4633.25,Mailed check,2,Fiber optic,Yes,No
CUST-03229,46,Month-to-month,107.02,4948.77,Bank transfer (automatic),1,Fiber optic,No,No
CUST-03230,15,Two year,80.6,1240.74,Bank transfer (automatic),1,Fiber optic,No,No
CUST-03231,29,One year,46.2,1316.33,Electronic check,2,DSL,No,No
CUST-03232,56,Month-to-month,73.87,4043.85,Bank transfer (automatic),4,Fiber optic,Yes,No
CUST-03233,71,One year,22.0,1600.20,Mailed check,1,No,Yes,No
CUST-03234,29,Month-to-month,67.82,1978.05,Bank transfer (automatic),0,DSL,Yes,No
CUST-03235,27,Month-to-month,54.28,1453.33,Mailed check,2,DSL,No,Yes
CUST-03236,4,One year,74.2,288.96,Credit card (automatic),2,Fiber optic,Yes,No
CUST-03237,20,Month-to-month,60.41,1226.88,Electronic check,1,DSL,No,No
CUST-03238,28,Month-to-month,50.47,1431.65,Electronic check,3,DSL,Yes,No
CUST-03239,60,Two year,78.82,4841.98,Electronic check,0,Fiber optic,Yes,Yes
CUST-03240,14,Month-to-month,24.06,338.22,Credit card (automatic),3,No,Yes,Yes
CUST-03241,60,One year,22.78,1351.88,Electronic check,2,No,No,No
CUST-03242,33,Month-to-month,85.36,2760.77,Electronic check,1,Fiber optic,No,No
CUST-03243,49,Month-to-month,92.45,4454.21,Electronic check,2,Fiber optic,Yes,No
CUST-03244,29,Two year,80.92,2348.47,Credit card (automatic),1,Fiber optic,Yes,No
CUST-03245,55,One year,22.46,1261.06,Credit card (automatic),0,No,Yes,No
CUST-03246,5,Month-to-month,106.9,547.38,Bank transfer (automatic),2,Fiber optic,Yes,No
CUST-03247,43,Month-to-month,21.46,921.95,Mailed check,0,No,Yes,Yes
CUST-03248,19,Month-to-month,88.71,1638.88,Electronic check,1,Fiber optic,No,Yes
CUST-03249,11,Month-to-month,51.66,555.24,Credit card (automatic),4,DSL,No,Yes
CUST-03250,12,One year,54.27,668.83,Electronic check,1,DSL,Yes,Yes
CUST-03251,17,Month-to-month,55.61,930.01,Electronic check,2,DSL,No,No
CUST-03252,54,Two year,85.25,4691.61,Mailed check,1,Fiber optic,Yes,No
CUST-03253,23,One year,18.93,446.60,Electronic check,2,No,No,No
CUST-03254,37,Two year,77.21,2931.85,Credit card (automatic),1,Fiber optic,No,No
CUST-03255,2,Month-to-month,78.76,153.74,Electronic check,1,DSL,No,Yes
CUST-03256,13,One year,55.71,709.82,Credit card (automatic),1,DSL,No,No
CUST-03257,36,One year,71.82,2579.42,Bank transfer (automatic),1,DSL,Yes,No
CUST-03258,3,Month-to-month,23.63,70.12,Electronic check,4,No,Yes,No
CUST-03259,0,Month-to-month,22.48, ,Credit card (automatic),3,No,Yes,Yes
CUST-03260,6,Month-to-month,91.93,547.12,Mailed check,0,Fiber optic,No,No
CUST-03261,3,Month-to-month,66.72,200.44,Bank transfer (automatic),2,DSL,No,Yes
CUST-03262,24,Month-to-month,22.63,557.30,Electronic check,0,No,No,Yes
CUST-03263,51,One year,23.75,1210.41,Credit card (automatic),2,No,Yes,No
CUST-03264,28,Month-to-month,25.7,716.83,Credit card (automatic),3,No,Yes,No
CUST-03265,1,One year,53.96,54.47,Credit card (automatic),2,DSL,Yes,No
CUST-03266,16,Month-to-month,54.66,855.68,Bank transfer (automatic),0,DSL,Yes,No
CUST-03267,27,Two year,103.6,2794.00,Electronic check,3,Fiber optic,No,No
CUST-03268,3,Month-to-month,73.24,222.66,Mailed check,2,DSL,Yes,No
CUST-03269,13,Month-to-month,79.26,1036.12,Electronic check,0,Fiber optic,Yes,No
CUST-03270,32,Month-to-month,73.61,2391.12,Bank transfer (automatic),2,DSL,Yes,No
CUST-03271,33,Month-to-month,24.97,843.08,Electronic check,2,No,No,No
CUST-03272,42,Two year,89.25,3734.91,Electronic check,3,Fiber optic,Yes,No
CUST-03273,25,Two year,52.2,1322.37,Credit card (automatic),3,DSL,No,No
CUST-03274,16,Month-to-month,57.08,908.15,Credit card (automatic),1,DSL,Yes,No
CUST-03275,52,Month-to-month,49.29,2619.83,Mailed check,2,DSL,Yes,No
CUST-03276,38,Two year,72.89,2759.07,Credit card (automatic),2,Fiber optic,Yes,No
CUST-03277,57,One year,108.87,6271.87,Electronic check,1,Fiber optic,No,No
CUST-03278,22,Two year,22.52,480.80,Bank transfer (automatic),1,No,No,No
CUST-03279,33,One year,94.09,3086.03,Bank transfer (automatic),1,Fiber optic,Yes,No
CUST-03280,59,Two year,80.43,4759.79,Credit card (automatic),0,Fiber optic,Yes,No
CUST-03281,17,One year,22.39,383.85,Electronic check,1,No,Yes,No
CUST-03282,40,Month-to-month,57.12,2240.51,Electronic check,2,DSL,Yes,No
CUST-03283,41,Month-to-month,22.05,911.39,Mailed check,1,No,No,No
CUST-03284,8,Two year,18.93,153.69,Bank transfer (automatic),1,No,Yes,No
CUST-03285,14,Month-to-month,25.17,347.73,Electronic check,0,No,Yes,Yes
CUST-03286,14,Month-to-month,107.25,1488.29,Electronic check,1,Fiber optic,Yes,No
CUST-03287,20,One year,106.13,2174.84,Electronic check,6,Fiber optic,Yes,No
CUST-03288,60,Two year,98.36,5803.31,Mailed check,2,Fiber optic,Yes,No
CUST-03289,62,One year,50.79,3123.91,Credit card (automatic),3,DSL,Yes,No
CUST-03290,46,Two year,75.05,3498.14,Electronic check,4,Fiber optic,Yes,No
CUST-03291,47,Month-to-month,55.65,2567.66,Electronic check,2,DSL,Yes,Yes
CUST-03292,2,One year,21.35,42.71,Electronic check,0,No,Yes,No
CUST-03293,2,Month-to-month,107.1,217.36,Electronic check,4,Fiber optic,Yes,Yes
CUST-03294,8,Month-to-month,77.22,601.63,Bank transfer (automatic),3,Fiber optic,Yes,No
CUST-03295,3,Month-to-month,72.23,213.34,Bank transfer (automatic),3,DSL,No,Yes
CUST-03296,51,Two year,91.59,4691.19,Electronic check,0,Fiber optic,No,No
CUST-03297,11,Month-to-month,71.62,776.38,Credit card (automatic),3,DSL,No,Yes
CUST-03298,25,One year,60.51,1541.39,Mailed check,0,DSL,Yes,No
CUST-03299,44,Two year,72.51,3223.21,Credit card (automatic),3,Fiber optic,Yes,No
CUST-03300,34,Two year,99.64,3392.93,Electronic check,3,Fiber optic,No,No
CUST-03301,18,One year,90.83,1600.14,Bank transfer (automatic),2,Fiber optic,Yes,No
CUST-03302,3,Month-to-month,59.22,179.54,Credit card (automatic),2,DSL,No,Yes
CUST-03303,2,Month-to-month,108.15,211.97,Electronic check,2,Fiber optic,No,No
CUST-03304,45,Two year,80.85,3733.82,Credit card (automatic),4,Fiber optic,No,Yes
CUST-03305,1,Two year,71.25,69.43,Credit card (automatic),1,Fiber optic,Yes,No
CUST-03306,13,Month-to-month,83.95,1085.02,Bank transfer (automatic),3,Fiber optic,No,No
CUST-03307,67,Two year,19.41,1283.60,Credit card (automatic),3,No,Yes,No
CUST-03308,30,Month-to-month,86.76,2629.10,Mailed check,1,Fiber optic,Yes,No
CUST-03309,11,One year,19.81,220.14,Mailed check,1,No,No,No
CUST-03310,5,Month-to-month,18.98,96.34,Electronic check,0,No,Yes,Yes
CUST-03311,50,One year,110.34,5609.70,Credit card (automatic),3,Fiber optic,Yes,No
CUST-03312,1,Month-to-month,50.12,49.30,Electronic check,1,DSL,Yes,Yes
CUST-03313,19,Two year,87.74,1681.07,Electronic check,1,Fiber optic,Yes,No
CUST-03314,25,Two year,70.09,1723.25,Bank transfer (automatic),3,Fiber optic,No,No
CUST-03315,64,Month-to-month,70.59,4536.65,Bank transfer (automatic),0,DSL,Yes,Yes
CUST-03316,31,Two year,92.58,2866.09,Mailed check,5,Fiber optic,No,Yes
CUST-03317,2,Month-to-month,24.74,50.34,Bank transfer (automatic),1,No,No,No
CUST-03318,62,Two year,18.65,1143.96,Electronic check,3,No,Yes,No
CUST-03319,8,One year,19.48,151.51,Electronic check,1,No,Yes,No
CUST-03320,1,Month-to-month,82.56,81.91,Electronic check,4,Fiber optic,Yes,Yes
CUST-03321,25,Month-to-month,74.83,1909.21,Electronic check,1,DSL,Yes,No
CUST-03322,39,Two year,55.39,2153.47,Mailed check,0,DSL,Yes,No
CUST-03323,11,Month-to-month,79.11,886.83,Credit card (automatic),2,Fiber optic,Yes,Yes
CUST-03324,14,Two year,24.26,334.58,Electronic check,1,No,Yes,No
CUST-03325,10,One year,53.5,526.82,Mailed check,3,DSL,Yes,No
CUST-03326,7,Month-to-month,55.23,381.16,Bank transfer (automatic),2,DSL,Yes,No
CUST-03327,3,One year,66.33,201.84,Credit card (automatic),0,DSL,Yes,No
CUST-03328,24,Month-to-month,88.71,2134.84,Electronic check,6,Fiber optic,No,No
CUST-03329,21,One year,70.8,1505.50,Bank transfer (automatic),0,Fiber optic,Yes,No
CUST-03330,39,One year,78.51,3039.41,Bank transfer (automatic),1,DSL,Yes,No
CUST-03331,3,Month-to-month,20.04,59.93,Bank transfer (automatic),0,No,No,No
CUST-03332,54,Two year,81.91,4416.40,Electronic check,1,Fiber optic,No,No
CUST-03333,47,One year,76.53,3596.03,Mailed check,2,Fiber optic,No,Yes
CUST-03334,1,Month-to-month,19.43,19.19,Electronic check,2,No,Yes,Yes
CUST-03335,3,One year,60.77,184.30,Electronic check,1,DSL,Yes,Yes
CUST-03336,27,Month-to-month,115.81,3134.30,Electronic check,2,Fiber optic,Yes,No
CUST-03337,50,Two year,103.99,5240.09,Bank transfer (automatic),0,Fiber optic,Yes,No
CUST-03338,25,Two year,102.06,2490.45,Bank transfer (automatic),0,Fiber optic,Yes,No
CUST-03339,9,Month-to-month,55.66,489.64,Mailed check,2,DSL,Yes,No
CUST-03340,27,Two year,72.1,1934.84,Electronic check,2,DSL,No,Yes
CUST-03341,11,Month-to-month,59.73,661.62,Credit card (automatic),2,DSL,No,Yes
CUST-03342,14,Month-to-month,59.15,817.56,Mailed check,0,DSL,Yes,Yes
CUST-03343,15,Month-to-month,118.48,1736.48,Bank transfer (automatic),2,Fiber optic,Yes,Yes
CUST-03344,28,One year,22.82,647.67,Electronic check,3,No,No,No
CUST-03345,13,Month-to-month,24.76,327.49,Credit card (automatic),0,No,Yes,Yes
CUST-03346,38,Two year,22.18,850.19,Bank transfer (automatic),0,No,Yes,No
CUST-03347,2,Month-to-month,77.88,154.21,Mailed check,5,Fiber optic,Yes,No
CUST-03348,53,Two year,25.65,1366.58,Credit card (automatic),1,No,No,No
CUST-03349,15,Month-to-month,101.96,1512.03,Credit card (automatic),3,Fiber optic,Yes,No
CUST-03350,35,One year,77.25,2754.31,Electronic check,3,Fiber optic,Yes,No
CUST-03351,42,Two year,106.08,4580.66,Mailed check,2,Fiber optic,No,No
CUST-03352,63,Two year,91.41,5633.31,Bank transfer (automatic),2,Fiber optic,No,No
CUST-03353,13,One year,72.43,956.23,Credit card (automatic),0,DSL,Yes,No
CUST-03354,30,Month-to-month,83.51,2430.51,Credit card (automatic),2,Fiber optic,No,No
CUST-03355,32,Two year,115.94,3695.90,Electronic check,1,Fiber optic,No,No
CUST-03356,35,Month-to-month,20.48,727.47,Bank transfer (automatic),1,No,Yes,Yes
CUST-03357,62,Two year,78.8,4950.11,Mailed check,3,DSL,Yes,No
CUST-03358,11,Two year,104.13,1175.29,Electronic check,0,Fiber optic,No,No
CUST-03359,4,Month-to-month,117.35,480.80,Mailed check,1,Fiber optic,No,No
CUST-03360,12,Month-to-month,105.3,1263.12,Electronic check,4,Fiber optic,Yes,Yes
CUST-03361,26,Two year,23.91,633.86,Electronic check,1,No,No,No
CUST-03362,43,Two year,46.92,2077.50,Bank transfer (automatic),4,DSL,No,Yes
CUST-03363,1,Month-to-month,70.73,71.08,Credit card (automatic),3,Fiber optic,Yes,No
CUST-03364,9,One year,74.21,674.15,Credit card (automatic),2,Fiber optic,Yes,No
CUST-03365,38,Two year,91.32,3382.85,Bank transfer (automatic),0,Fiber optic,Yes,No
CUST-03366,11,Month-to-month,21.27,240.77,Electronic check,5,No,No,Yes
CUST-03367,68,Two year,19.63,1368.12,Electronic check,2,No,Yes,No
CUST-03368,36,One year,72.12,2591.65,Bank transfer (automatic),2,Fiber optic,Yes,Yes
CUST-03369,4,Month-to-month,103.74,414.27,Mailed check,2,Fiber optic,No,Yes
CUST-03370,2,Month-to-month,79.65,160.07,Bank transfer (automatic),0,Fiber optic,No,No
CUST-03371,30,One year,25.59,778.20,Credit card (automatic),1,No,No,No
CUST-03372,43,Two year,19.03,829.26,Bank transfer (automatic),1,No,No,No
CUST-03373,39,Month-to-month,87.72,3451.02,Electronic check,1,Fiber optic,Yes,No
CUST-03374,0,Two year,21.84, ,Credit card (automatic),2,No,No,No
CUST-03375,45,Two year,80.65,3583.00,Electronic check,3,Fiber optic,Yes,Yes
CUST-03376,34,Month-to-month,60.82,2073.29,Credit card (automatic),2,DSL,Yes,No
CUST-03377,26,Month-to-month,19.18,500.29,Bank transfer (automatic),0,No,No,No
CUST-03378,7,Two year,18.26,127.71,Credit card (automatic),1,No,Yes,No
CUST-03379,38,One year,67.91,2513.79,Electronic check,3,DSL,Yes,No
CUST-03380,34,One year,110.68,3850.07,Credit card (automatic),2,Fiber optic,Yes,Yes
CUST-03381,62,Month-to-month,22.56,1383.85,Electronic check,0,No,Yes,No
CUST-03382,4,Month-to-month,50.82,204.87,Credit card (automatic),2,DSL,Yes,Yes
CUST-03383,3,One year,89.23,269.77,Mailed check,5,Fiber optic,Yes,No
CUST-03384,1,Month-to-month,65.3,63.83,Credit card (automatic),1,DSL,Yes,No
CUST-03385,39,Two year,71.59,2858.39,Electronic check,1,Fiber optic,Yes,No
CUST-03386,28,Month-to-month,45.93,1275.38,Bank transfer (automatic),1,DSL,Yes,Yes
CUST-03387,47,Two year,116.71,5343.37,Credit card (automatic),1,Fiber optic,No,No
CUST-03388,66,One year,67.2,4544.42,Mailed check,1,DSL,Yes,Yes
CUST-03389,0,One year,103.98, ,Credit card (automatic),3,Fiber optic,Yes,No
CUST-03390,4,Two year,46.23,181.77,Bank transfer (automatic),3,DSL,Yes,No
CUST-03391,26,One year,81.36,2145.27,Electronic check,4,Fiber optic,No,No
CUST-03392,19,Month-to-month,56.74,1107.57,Credit card (automatic),1,DSL,No,No
CUST-03393,15,One year,49.97,737.34,Electronic check,2,DSL,Yes,No
CUST-03394,8,Month-to-month,109.46,886.38,Bank transfer (automatic),1,Fiber optic,Yes,No
CUST-03395,12,One year,99.56,1179.01,Bank transfer (automatic),0,Fiber optic,No,No
CUST-03396,36,One year,19.73,723.87,Electronic check,2,No,Yes,Yes
CUST-03397,63,One year,107.58,6920.04,Mailed check,2,Fiber optic,Yes,Yes
CUST-03398,13,One year,96.36,1254.43,Bank transfer (automatic),1,Fiber optic,No,No
CUST-03399,60,Two year,50.07,3010.52,Electronic check,1,DSL,No,No
CUST-03400,30,Two year,111.09,3342.80,Electronic check,0,Fiber optic,Yes,No
CUST-03401,54,Two year,19.82,1091.27,Bank transfer (automatic),1,No,Yes,No
CUST-03402,5,One year,67.64,330.53,Electronic check,2,DSL,No,Yes
CUST-03403,60,Two year,57.06,3400.68,Credit card (automatic),3,DSL,Yes,No
CUST-03404,46,One year,69.78,3158.01,Credit card (automatic),4,DSL,Yes,No
CUST-03405,70,Two year,21.43,1525.05,Electronic check,0,No,No,No
CUST-03406,13,Month-to-month,20.4,266.91,Bank transfer (automatic),4,No,Yes,Yes
CUST-03407,28,Two year,25.46,712.32,Bank transfer (automatic),0,No,Yes,No
CUST-03408,62,One year,106.99,6612.02,Electronic check,2,Fiber optic,Yes,No
CUST-03409,19,Month-to-month,72.63,1407.82,Bank transfer (automatic),3,DSL,Yes,No
CUST-03410,1,One year,85.25,83.67,Bank transfer (automatic),4,Fiber optic,Yes,Yes
CUST-03411,47,Two year,20.86,974.75,Bank transfer (automatic),2,No,Yes,No
CUST-03412,7,Month-to-month,48.79,343.40,Bank transfer (automatic),1,DSL,Yes,No
CUST-03413,26,One year,58.76,1498.33,Electronic check,1,DSL,Yes,No
CUST-03414,14,One year,118.6,1653.96,Electronic check,2,Fiber optic,Yes,No
CUST-03415,14,One year,63.96,904.88,Credit card (automatic),2,DSL,Yes,No
CUST-03416,1,Month-to-month,68.86,68.61,Bank transfer (automatic),3,DSL,Yes,Yes
CUST-03417,2,Month-to-month,23.78,46.43,Mailed check,1,No,Yes,No
CUST-03418,35,Month-to-month,49.88,1755.83,Bank transfer (automatic),0,DSL,No,No
CUST-03419,30,Two year,18.67,548.62,Bank transfer (automatic),1,No,Yes,No
CUST-03420,12,Two year,75.93,900.75,Electronic check,1,Fiber optic,No,No
CUST-03421,41,Two year,105.08,4193.06,Bank transfer (automatic),4,Fiber optic,No,Yes
CUST-03422,6,Month-to-month,92.22,553.28,Electronic check,1,Fiber optic,Yes,Yes
CUST-03423,15,One year,114.1,1703.89,Bank transfer (automatic),1,Fiber optic,No,No
CUST-03424,26,Two year,87.87,2321.68,Bank transfer (automatic),2,Fiber optic,Yes,Yes
CUST-03425,61,One year,75.01,4659.63,Bank transfer (automatic),3,Fiber optic,Yes,No
CUST-03426,6,Month-to-month,77.75,477.38,Credit card (automatic),2,DSL,No,No
CUST-03427,5,Month-to-month,89.53,437.68,Electronic check,2,Fiber optic,Yes,No
CUST-03428,40,One year,111.35,4399.24,Electronic check,1,Fiber optic,Yes,No
CUST-03429,31,Two year,18.6,581.14,Credit card (automatic),0,No,Yes,No
CUST-03430,36,Two year,55.58,2054.37,Bank transfer (automatic),2,DSL,No,No
CUST-03431,17,Two year,22.71,385.38,Bank transfer (automatic),2,No,Yes,No
CUST-03432,32,Month-to-month,61.58,1971.16,Mailed check,1,DSL,Yes,Yes
CUST-03433,39,One year,23.71,919.83,Mailed check,0,No,Yes,No
CUST-03434,52,Two year,74.64,3833.19,Electronic check,2,DSL,No,No
CUST-03435,19,Month-to-month,23.94,448.80,Bank transfer (automatic),1,No,No,Yes
CUST-03436,47,Two year,85.12,3952.23,Electronic check,2,Fiber optic,No,No
CUST-03437,27,Two year,117.26,3147.17,Bank transfer (automatic),0,Fiber optic,No,No
CUST-03438,21,One year,25.14,526.98,Electronic check,2,No,Yes,No
CUST-03439,54,One year,100.71,5296.34,Bank transfer (automatic),3,Fiber optic,Yes,Yes
CUST-03440,24,Month-to-month,94.86,2311.31,Credit card (automatic),3,Fiber optic,No,Yes
CUST-03441,63,Two year,61.3,3769.41,Electronic check,1,DSL,No,No
CUST-03442,6,One year,105.84,638.85,Electronic check,1,Fiber optic,Yes,No
CUST-03443,17,One year,93.57,1603.72,Bank transfer (automatic),5,Fiber optic,Yes,Yes
CUST-03444,39,One year,25.65,973.00,Mailed check,1,No,Yes,No
CUST-03445,8,Month-to-month,104.64,829.60,Credit card (automatic),4,Fiber optic,Yes,Yes
CUST-03446,9,Month-to-month,81.61,745.45,Electronic check,1,Fiber optic,No,Yes
CUST-03447,31,Month-to-month,66.47,2036.48,Bank transfer (automatic),0,DSL,No,Yes
CUST-03448,46,One year,93.62,4408.22,Credit card (automatic),1,Fiber optic,No,No
CUST-03449,24,Month-to-month,19.45,479.45,Bank transfer (automatic),3,No,No,No
CUST-03450,62,Month-to-month,95.29,6052.09,Electronic check,3,Fiber optic,No,No
CUST-03451,22,Two year,24.69,546.45,Electronic check,1,No,Yes,No
CUST-03452,68,Two year,43.4,2890.23,Mailed check,3,DSL,Yes,No
CUST-03453,38,One year,73.49,2791.41,Mailed check,2,DSL,Yes,No
CUST-03454,10,Month-to-month,23.39,240.80,Electronic check,2,No,No,Yes
CUST-03455,24,Two year,23.69,553.87,Mailed check,1,No,Yes,No
CUST-03456,12,Two year,113.52,1351.56,Bank transfer (automatic),4,Fiber optic,Yes,Yes
CUST-03457,31,One year,116.01,3543.51,Mailed check,4,Fiber optic,No,Yes
CUST-03458,50,One year,53.24,2731.30,Electronic check,0,DSL,Yes,No
CUST-03459,17,Month-to-month,75.96,1287.40,Credit card (automatic),4,DSL,No,Yes
CUST-03460,53,Two year,50.38,2591.24,Electronic check,2,DSL,Yes,Yes
CUST-03461,1,Two year,47.76,47.93,Bank transfer (automatic),0,DSL,No,No
CUST-03462,13,One year,22.41,288.53,Bank transfer (automatic),5,No,No,Yes
CUST-03463,30,Two year,115.22,3503.88,Electronic check,1,Fiber optic,No,No
CUST-03464,0,Month-to-month,72.65, ,Mailed check,2,Fiber optic,Yes,Yes
CUST-03465,45,Month-to-month,22.21,977.83,Mailed check,4,No,No,Yes
CUST-03466,10,Month-to-month,67.2,681.68,Bank transfer (automatic),1,DSL,No,No
CUST-03467,1,Month-to-month,106.34,105.54,Bank transfer (automatic),4,Fiber optic,Yes,Yes
CUST-03468,29,Two year,94.57,2823.66,Electronic check,2,Fiber optic,Yes,No
CUST-03469,39,Two year,98.03,3818.74,Credit card (automatic),3,Fiber optic,No,No
CUST-03470,61,Month-to-month,92.12,5566.78,Mailed check,2,Fiber optic,No,No
CUST-03471,49,One year,23.67,1148.61,Mailed check,5,No,Yes,No
CUST-03472,19,One year,88.49,1636.36,Credit card (automatic),4,Fiber optic,No,Yes
CUST-03473,3,Month-to-month,52.71,162.81,Bank transfer (automatic),3,DSL,No,No
CUST-03474,18,Two year,52.06,948.98,Electronic check,1,DSL,Yes,No
CUST-03475,44,One year,66.28,2974.42,Credit card (automatic),2,DSL,No,Yes
CUST-03476,27,One year,76.15,2061.15,Credit card (automatic),1,DSL,No,No
CUST-03477,42,One year,52.46,2261.09,Bank transfer (automatic),1,DSL,Yes,Yes
CUST-03478,10,Month-to-month,51.59,515.37,Bank transfer (automatic),2,DSL,Yes,No
CUST-03479,2,One year,104.89,207.08,Bank transfer (automatic),2,Fiber optic,No,Yes
CUST-03480,36,Month-to-month,18.32,669.83,Mailed check,0,No,Yes,No
CUST-03481,8,Month-to-month,72.87,590.38,Bank transfer (automatic),0,DSL,Yes,No
CUST-03482,36,One year,56.31,2065.47,Electronic check,5,DSL,Yes,Yes
CUST-03483,43,Two year,75.32,3318.52,Mailed check,1,DSL,Yes,No
CUST-03484,5,Month-to-month,68.29,335.20,Bank transfer (automatic),1,DSL,Yes,Yes
CUST-03485,1,Month-to-month,71.36,70.64,Bank transfer (automatic),1,DSL,Yes,No
CUST-03486,14,Month-to-month,48.73,677.33,Electronic check,0,DSL,No,No
CUST-03487,30,Two year,87.75,2592.65,Bank transfer (automatic),6,Fiber optic,No,No
CUST-03488,68,Month-to-month,20.35,1417.34,Electronic check,3,No,No,No
CUST-03489,7,Month-to-month,23.61,165.06,Bank transfer (automatic),2,No,Yes,No
CUST-03490,47,Two year,71.11,3420.35,Credit card (automatic),3,Fiber optic,No,No
CUST-03491,49,Two year,65.04,3187.54,Credit card (automatic),3,DSL,Yes,Yes
CUST-03492,6,Month-to-month,74.1,443.92,Bank transfer (automatic),2,DSL,No,Yes
CUST-03493,34,Two year,72.13,2428.19,Bank transfer (automatic),1,Fiber optic,Yes,No
CUST-03494,28,Month-to-month,84.17,2354.80,Electronic check,1,Fiber optic,Yes,No
CUST-03495,2,Month-to-month,19.81,39.10,Mailed check,1,No,Yes,No
CUST-03496,24,Month-to-month,25.74,620.30,Electronic check,0,No,No,No
CUST-03497,25,One year,118.05,2890.74,Credit card (automatic),3,Fiber optic,No,No
CUST-03498,17,Month-to-month,76.06,1317.37,Bank transfer (automatic),0,Fiber optic,Yes,Yes
CUST-03499,27,Month-to-month,19.71,521.89,Electronic check,2,No,Yes,Yes
CUST-03500,38,Two year,18.42,699.74,Mailed check,0,No,No,No
CUST-03501,5,Month-to-month,97.6,480.44,Bank transfer (automatic),3,Fiber optic,Yes,Yes
CUST-03502,37,One year,103.43,3913.41,Bank transfer (automatic),3,Fiber optic,Yes,No
CUST-03503,1,One year,101.91,100.40,Electronic check,1,Fiber optic,Yes,No
CUST-03504,54,Month-to-month,82.67,4562.52,Mailed check,1,Fiber optic,Yes,Yes
CUST-03505,66,Month-to-month,49.9,3205.91,Electronic check,0,DSL,Yes,No
CUST-03506,14,Two year,72.72,994.45,Electronic check,3,Fiber optic,No,No
CUST-03507,25,Month-to-month,22.99,558.92,Mailed check,1,No,Yes,No
CUST-03508,4,Month-to-month,20.09,78.71,Mailed check,2,No,Yes,No
CUST-03509,37,Two year,18.92,701.43,Credit card (automatic),1,No,Yes,No
CUST-03510,7,Month-to-month,20.91,147.17,Bank transfer (automatic),1,No,No,No
CUST-03511,12,Month-to-month,19.36,227.05,Electronic check,2,No,Yes,No
CUST-03512,5,Month-to-month,60.93,298.90,Electronic check,1,DSL,Yes,No
CUST-03513,18,Two year,77.27,1400.44,Mailed check,4,Fiber optic,Yes,Yes
CUST-03514,3,Month-to-month,118.19,348.00,Credit card (automatic),0,Fiber optic,Yes,No
CUST-03515,33,Month-to-month,54.71,1833.53,Credit card (automatic),3,DSL,No,Yes
CUST-03516,22,Month-to-month,93.15,2100.54,Mailed check,1,Fiber optic,No,No
CUST-03517,8,Month-to-month,22.72,182.09,Credit card (automatic),2,No,No,No
CUST-03518,53,Two year,73.46,3975.01,Electronic check,4,DSL,Yes,Yes
CUST-03519,1,Month-to-month,116.21,113.31,Mailed check,2,Fiber optic,Yes,No
CUST-03520,1,Two year,55.86,57.22,Electronic check,1,DSL,Yes,No
CUST-03521,14,Month-to-month,21.43,292.13,Credit card (automatic),2,No,Yes,No
CUST-03522,16,Month-to-month,19.38,300.99,Electronic check,0,No,No,Yes
CUST-03523,17,One year,79.25,1379.93,Credit card (automatic),2,Fiber optic,Yes,No
CUST-03524,45,One year,105.21,4640.32,Bank transfer (automatic),1,Fiber optic,Yes,No
CUST-03525,12,Month-to-month,91.22,1114.41,Credit card (automatic),1,Fiber optic,Yes,Yes
CUST-03526,21,Two year,111.06,2327.30,Bank transfer (automatic),0,Fiber optic,No,No
CUST-03527,40,Two year,61.76,2453.53,Mailed check,3,DSL,Yes,No
CUST-03528,19,Month-to-month,52.79,1030.88,Mailed check,1,DSL,Yes,Yes
CUST-03529,0,Month-to-month,103.12, ,Credit card (automatic),4,Fiber optic,No,Yes
CUST-03530,20,Two year,93.05,1888.55,Mailed check,3,Fiber optic,No,No
CUST-03531,4,One year,24.93,101.56,Credit card (automatic),1,No,No,No
CUST-03532,13,Month-to-month,88.13,1130.34,Credit card (automatic),2,Fiber optic,No,No
CUST-03533,11,One year,82.42,883.45,Electronic check,2,Fiber optic,Yes,No
CUST-03534,25,One year,91.42,2257.48,Credit card (automatic),3,Fiber optic,Yes,No
CUST-03535,0,Month-to-month,111.39, ,Electronic check,3,Fiber optic,No,Yes
CUST-03536,57,Two year,72.51,4224.22,Credit card (automatic),4,DSL,No,Yes
CUST-03537,12,Month-to-month,113.56,1389.55,Electronic check,2,Fiber optic,Yes,Yes
CUST-03538,60,One year,73.43,4490.82,Bank transfer (automatic),2,DSL,No,No
CUST-03539,17,One year,20.73,351.87,Credit card (automatic),0,No,No,No
CUST-03540,39,Month-to-month,22.69,873.23,Electronic check,2,No,No,Yes
CUST-03541,40,Two year,108.74,4258.64,Electronic check,2,Fiber optic,No,No
CUST-03542,44,Two year,110.91,4764.32,Mailed check,2,Fiber optic,Yes,No
CUST-03543,57,Month-to-month,57.12,3237.66,Mailed check,2,DSL,Yes,No
CUST-03544,1,Month-to-month,95.04,96.09,Electronic check,1,Fiber optic,No,Yes
CUST-03545,27,One year,20.43,565.47,Mailed check,1,No,No,No
CUST-03546,59,Two year,104.02,6088.78,Credit card (automatic),1,Fiber optic,Yes,No
CUST-03547,51,Two year,102.75,5355.93,Credit card (automatic),2,Fiber optic,Yes,No
CUST-03548,7,Month-to-month,22.68,162.04,Mailed check,2,No,Yes,Yes
CUST-03549,36,One year,100.58,3670.71,Electronic check,1,Fiber optic,No,No
CUST-03550,57,Month-to-month,113.81,6528.28,Electronic check,4,Fiber optic,No,Yes
CUST-03551,6,Month-to-month,24.4,142.46,Bank transfer (automatic),0,No,Yes,No
CUST-03552,19,One year,47.04,892.83,Electronic check,0,DSL,No,No
CUST-03553,38,Month-to-month,23.07,893.07,Bank transfer (automatic),0,No,Yes,No
CUST-03554,6,One year,77.88,478.03,Bank transfer (automatic),4,Fiber optic,Yes,No
CUST-03555,17,Two year,77.23,1307.69,Electronic check,4,Fiber optic,No,No
CUST-03556,16,One year,91.9,1476.73,Mailed check,5,Fiber optic,Yes,No
CUST-03557,2,Month-to-month,93.67,191.45,Electronic check,1,Fiber optic,Yes,Yes
CUST-03558,24,Two year,46.29,1108.85,Electronic check,1,DSL,Yes,No
CUST-03559,31,Month-to-month,61.13,1906.63,Electronic check,2,DSL,Yes,Yes
CUST-03560,60,Month-to-month,78.6,4814.65,Electronic check,2,Fiber optic,Yes,Yes
CUST-03561,8,Month-to-month,96.84,788.25,Bank transfer (automatic),1,Fiber optic,Yes,No
CUST-03562,48,One year,72.79,3407.52,Bank transfer (automatic),3,DSL,Yes,Yes
CUST-03563,63,Two year,74.19,4555.56,Electronic check,3,Fiber optic,No,No
CUST-03564,4,Month-to-month,57.03,226.97,Bank transfer (automatic),2,DSL,Yes,No
CUST-03565,22,Month-to-month,20.0,449.31,Mailed check,2,No,No,No
CUST-03566,12,One year,63.42,780.33,Bank transfer (automatic),1,DSL,No,No
CUST-03567,10,One year,113.56,1166.17,Electronic check,1,Fiber optic,Yes,No
CUST-03568,2,Month-to-month,49.68,102.27,Electronic check,2,DSL,Yes,Yes
CUST-03569,58,One year,23.32,1353.00,Electronic check,2,No,Yes,No
CUST-03570,44,Month-to-month,45.89,2069.79,Electronic check,2,DSL,Yes,Yes
CUST-03571,1,Two year,62.37,63.22,Bank transfer (automatic),0,DSL,Yes,No
CUST-03572,44,One year,23.32,1022.68,Bank transfer (automatic),2,No,No,No
CUST-03573,62,Two year,66.92,4255.77,Electronic check,1,DSL,No,No
CUST-03574,59,Two year,105.99,6218.43,Mailed check,1,Fiber optic,No,No
CUST-03575,19,Month-to-month,57.69,1082.51,Electronic check,3,DSL,Yes,No
CUST-03576,12,One year,70.16,851.35,Bank transfer (automatic),2,DSL,No,No
CUST-03577,25,Month-to-month,93.05,2273.81,Electronic check,2,Fiber optic,Yes,No
CUST-03578,24,Two year,85.74,2112.45,Mailed check,1,Fiber optic,No,No
CUST-03579,46,Two year,20.66,965.69,Electronic check,2,No,Yes,No
CUST-03580,25,Month-to-month,78.56,1971.52,Bank transfer (automatic),0,Fiber optic,No,No
CUST-03581,11,One year,68.73,737.65,Electronic check,2,DSL,No,No
CUST-03582,28,Two year,19.43,535.38,Mailed check,1,No,Yes,No
CUST-03583,11,Month-to-month,101.02,1111.47,Electronic check,2,Fiber optic,Yes,No
CUST-03584,65,Two year,102.44,6658.84,Credit card (automatic),1,Fiber optic,Yes,No
CUST-03585,15,Two year,83.97,1257.46,Credit card (automatic),2,Fiber optic,No,No
CUST-03586,35,Two year,93.82,3251.14,Electronic check,0,Fiber optic,No,No
CUST-03587,5,Month-to-month,23.28,117.88,Mailed check,1,No,Yes,Yes
CUST-03588,66,Two year,70.01,4742.80,Mailed check,5,Fiber optic,Yes,Yes
CUST-03589,28,One year,83.39,2341.05,Electronic check,3,Fiber optic,Yes,No
CUST-03590,17,Month-to-month,88.51,1534.25,Electronic check,2,Fiber optic,Yes,Yes
CUST-03591,10,Month-to-month,115.38,1161.91,Bank transfer (automatic),1,Fiber optic,Yes,No
CUST-03592,39,Two year,92.63,3510.90,Credit card (automatic),2,Fiber optic,Yes,No
CUST-03593,12,Month-to-month,94.72,1112.09,Bank transfer (automatic),2,Fiber optic,No,Yes
CUST-03594,63,Month-to-month,102.38,6596.53,Bank transfer (automatic),4,Fiber optic,Yes,Yes
CUST-03595,62,Month-to-month,92.01,5696.38,Bank transfer (automatic),2,Fiber optic,Yes,No
CUST-03596,0,Month-to-month,91.08, ,Mailed check,3,Fiber optic,Yes,Yes
CUST-03597,17,Month-to-month,25.56,441.70,Electronic check,0,No,No,No
CUST-03598,63,One year,72.07,4631.69,Electronic check,6,DSL,No,No
CUST-03599,5,One year,68.04,341.09,Electronic check,2,DSL,No,No
CUST-03600,35,Month-to-month,93.43,3172.35,Electronic check,1,Fiber optic,No,No
CUST-03601,51,Two year,20.85,1075.88,Bank transfer (automatic),1,No,Yes,No
CUST-03602,9,Month-to-month,98.86,914.46,Mailed check,1,Fiber optic,Yes,Yes
CUST-03603,25,One year,21.6,541.21,Bank transfer (automatic),1,No,Yes,Yes
CUST-03604,32,Two year,21.75,710.02,Credit card (automatic),2,No,Yes,No
CUST-03605,27,One year,19.91,532.17,Electronic check,3,No,Yes,No
CUST-03606,10,Month-to-month,71.3,697.36,Mailed check,1,DSL,Yes,No
CUST-03607,51,Two year,71.3,3587.96,Electronic check,0,DSL,Yes,No
CUST-03608,13,One year,20.51,265.62,Credit card (automatic),3,No,No,No
CUST-03609,38,Month-to-month,53.02,2054.04,Bank transfer (automatic),1,DSL,Yes,No
CUST-03610,1,Month-to-month,52.62,53.02,Credit card (automatic),1,DSL,Yes,No
CUST-03611,34,Month-to-month,77.93,2600.57,Bank transfer (automatic),1,Fiber optic,Yes,No
CUST-03612,1,Month-to-month,111.84,110.12,Electronic check,2,Fiber optic,No,No
CUST-03613,9,Month-to-month,20.24,185.29,Credit card (automatic),1,No,No,Yes
CUST-03614,29,Two year,104.06,3047.54,Electronic check,2,Fiber optic,No,No
CUST-03615,43,Month-to-month,74.86,3158.31,Bank transfer (automatic),2,Fiber optic,Yes,No
CUST-03616,15,Month-to-month,69.27,1046.91,Bank transfer (automatic),4,DSL,Yes,Yes
CUST-03617,1,Month-to-month,47.86,49.07,Bank transfer (automatic),3,DSL,No,Yes
CUST-03618,0,One year,77.74, ,Bank transfer (automatic),2,Fiber optic,Yes,Yes
CUST-03619,52,Two year,72.77,3799.12,Credit card (automatic),1,DSL,No,No
CUST-03620,58,Month-to-month,84.18,4761.25,Bank transfer (automatic),2,Fiber optic,Yes,No
CUST-03621,27,Two year,78.4,2146.65,Electronic check,0,Fiber optic,Yes,No
CUST-03622,10,Month-to-month,62.04,636.60,Mailed check,2,DSL,Yes,Yes
CUST-03623,25,Month-to-month,73.65,1847.61,Credit card (automatic),1,Fiber optic,Yes,No
CUST-03624,7,Month-to-month,68.36,480.38,Credit card (automatic),3,DSL,Yes,Yes
CUST-03625,22,Month-to-month,73.12,1648.05,Bank transfer (automatic),1,DSL,Yes,No
CUST-03626,57,Month-to-month,20.11,1131.26,Electronic check,2,No,No,Yes
CUST-03627,11,Month-to-month,104.03,1133.74,Electronic check,0,Fiber optic,Yes,No
CUST-03628,52,Two year,44.46,2290.91,Bank transfer (automatic),1,DSL,No,Yes
CUST-03629,55,Month-to-month,21.84,1186.79,Bank transfer (automatic),3,No,No,No
CUST-03630,29,Month-to-month,116.41,3302.28,Mailed check,1,Fiber optic,Yes,No
CUST-03631,5,Month-to-month,96.23,484.52,Credit card (automatic),4,Fiber optic,Yes,Yes
CUST-03632,29,Two year,90.03,2605.24,Bank transfer (automatic),0,Fiber optic,Yes,No
CUST-03633,1,Month-to-month,70.29,69.66,Credit card (automatic),0,Fiber optic,Yes,No
CUST-03634,66,Month-to-month,82.48,5539.61,Electronic check,2,Fiber optic,Yes,No
CUST-03635,1,Month-to-month,90.89,93.03,Bank transfer (automatic),3,Fiber optic,Yes,Yes
CUST-03636,35,Month-to-month,56.24,1943.96,Bank transfer (automatic),1,DSL,Yes,No
CUST-03637,51,One year,91.4,4582.13,Credit card (automatic),2,Fiber optic,Yes,Yes
CUST-03638,13,Month-to-month,71.15,916.51,Bank transfer (automatic),2,Fiber optic,No,No
CUST-03639,4,Month-to-month,61.84,249.44,Bank transfer (automatic),1,DSL,No,No
CUST-03640,66,Two year,20.14,1299.61,Bank transfer (automatic),0,No,Yes,No
CUST-03641,59,Two year,89.53,5197.84,Electronic check,2,Fiber optic,Yes,No
CUST-03642,12,One year,74.77,875.40,Credit card (automatic),0,DSL,No,No
CUST-03643,6,Two year,110.37,676.62,Electronic check,2,Fiber optic,Yes,Yes
CUST-03644,20,One year,56.99,1159.37,Credit card (automatic),2,DSL,Yes,No
CUST-03645,39,Two year,72.64,2805.64,Credit card (automatic),4,Fiber optic,Yes,No
CUST-03646,56,One year,113.33,6476.13,Electronic check,9,Fiber optic,Yes,Yes
CUST-03647,46,Two year,57.02,2550.64,Bank transfer (automatic),2,DSL,Yes,No
CUST-03648,9,Two year,21.85,196.70,Electronic check,3,No,No,No
CUST-03649,15,One year,45.62,683.43,Bank transfer (automatic),2,DSL,Yes,No
CUST-03650,6,Two year,23.44,138.48,Electronic check,2,No,Yes,No
CUST-03651,69,One year,68.42,4714.40,Electronic check,0,DSL,No,No
CUST-03652,9,Month-to-month,57.38,511.18,Bank transfer (automatic),3,DSL,Yes,No
CUST-03653,6,Month-to-month,113.33,679.56,Electronic check,1,Fiber optic,No,No
CUST-03654,37,One year,72.37,2617.38,Credit card (automatic),3,Fiber optic,No,No
CUST-03655,6,One year,53.69,321.09,Electronic check,2,DSL,Yes,Yes
CUST-03656,58,Two year,19.8,1163.24,Bank transfer (automatic),0,No,Yes,No
CUST-03657,15,One year,23.48,360.92,Bank transfer (automatic),1,No,No,No
CUST-03658,36,Month-to-month,49.95,1817.95,Electronic check,2,DSL,No,No
CUST-03659,50,Month-to-month,68.08,3477.66,Credit card (automatic),2,DSL,Yes,No
CUST-03660,65,Two year,108.83,6895.27,Bank transfer (automatic),3,Fiber optic,Yes,No
CUST-03661,35,One year,71.01,2503.21,Credit card (automatic),1,DSL,Yes,No
CUST-03662,32,Month-to-month,43.52,1357.71,Electronic check,2,DSL,Yes,No
CUST-03663,65,Month-to-month,115.36,7440.03,Mailed check,0,Fiber optic,Yes,No
CUST-03664,61,Two year,23.61,1473.42,Bank transfer (automatic),1,No,No,No
CUST-03665,1,One year,72.09,72.31,Electronic check,2,DSL,No,No
CUST-03666,7,Month-to-month,66.01,463.34,Credit card (automatic),4,DSL,Yes,Yes
CUST-03667,68,One year,95.79,6423.51,Mailed check,2,Fiber optic,No,No
CUST-03668,22,One year,101.43,2206.41,Credit card (automatic),2,Fiber optic,Yes,Yes
CUST-03669,57,One year,20.95,1222.27,Credit card (automatic),1,No,Yes,No
CUST-03670,10,Two year,21.68,214.09,Mailed check,2,No,Yes,No
CUST-03671,50,Month-to-month,68.43,3359.73,Electronic check,1,DSL,No,Yes
CUST-03672,30,Two year,66.8,1976.80,Mailed check,0,DSL,No,No
CUST-03673,27,Month-to-month,98.93,2646.27,Mailed check,1,Fiber optic,No,No
CUST-03674,43,Two year,72.4,3152.39,Mailed check,0,Fiber optic,No,Yes
CUST-03675,42,One year,84.03,3614.53,Electronic check,1,Fiber optic,No,No
CUST-03676,1,Two year,64.47,63.86,Electronic check,1,DSL,Yes,No
CUST-03677,20,Month-to-month,21.73,423.05,Mailed check,0,No,Yes,No
CUST-03678,30,One year,54.81,1642.99,Mailed check,0,DSL,No,No
CUST-03679,25,Two year,68.6,1763.62,Credit card (automatic),1,DSL,Yes,No
CUST-03680,56,One year,88.87,4835.11,Electronic check,1,Fiber optic,No,No
CUST-03681,8,One year,25.06,200.42,Credit card (automatic),1,No,No,No
CUST-03682,13,Two year,22.24,295.19,Credit card (automatic),3,No,No,No
CUST-03683,30,Month-to-month,93.57,2873.07,Electronic check,5,Fiber optic,Yes,Yes
CUST-03684,9,Month-to-month,86.44,784.34,Electronic check,1,Fiber optic,Yes,No
CUST-03685,10,Month-to-month,76.54,743.18,Electronic check,2,Fiber optic,Yes,No
CUST-03686,41,Two year,42.85,1735.57,Mailed check,1,DSL,No,No
CUST-03687,11,Month-to-month,23.33,252.91,Mailed check,1,No,No,No
CUST-03688,48,Two year,73.19,3545.22,Mailed check,2,Fiber optic,Yes,No
CUST-03689,26,Month-to-month,85.85,2294.43,Bank transfer (automatic),2,Fiber optic,Yes,No
CUST-03690,32,Two year,112.69,3632.48,Bank transfer (automatic),0,Fiber optic,Yes,No
CUST-03691,52,One year,59.9,3053.56,Mailed check,0,DSL,Yes,No
CUST-03692,10,Month-to-month,74.65,745.37,Bank transfer (automatic),1,DSL,Yes,No
CUST-03693,9,One year,18.71,164.20,Electronic check,3,No,Yes,No
CUST-03694,0,One year,24.58, ,Mailed check,0,No,Yes,No
CUST-03695,14,Month-to-month,25.24,346.83,Mailed check,1,No,Yes,Yes
CUST-03696,18,One year,114.54,2046.95,Electronic check,1,Fiber optic,No,No
CUST-03697,24,One year,86.41,2078.03,Bank transfer (automatic),1,Fiber optic,No,No
CUST-03698,8,Month-to-month,74.64,583.23,Electronic check,2,Fiber optic,Yes,Yes
CUST-03699,3,One year,114.61,337.15,Credit card (automatic),1,Fiber optic,No,No
CUST-03700,12,Month-to-month,19.43,233.43,Credit card (automatic),3,No,Yes,No
CUST-03701,30,One year,22.35,683.95,Electronic check,2,No,No,No
CUST-03702,1,Month-to-month,89.86,91.39,Bank transfer (automatic),2,Fiber optic,Yes,No
CUST-03703,22,Two year,25.43,555.60,Bank transfer (automatic),1,No,No,No
CUST-03704,64,Two year,57.64,3598.80,Electronic check,4,DSL,Yes,Yes
CUST-03705,42,One year,88.05,3764.02,Electronic check,1,Fiber optic,Yes,No
CUST-03706,12,Month-to-month,63.86,765.20,Credit card (automatic),2,DSL,Yes,No
CUST-03707,25,Month-to-month,95.73,2362.65,Bank transfer (automatic),4,Fiber optic,Yes,No
CUST-03708,25,One year,92.04,2304.10,Bank transfer (automatic),1,Fiber optic,Yes,No
CUST-03709,28,One year,94.5,2658.69,Credit card (automatic),2,Fiber optic,Yes,No
CUST-03710,49,Two year,46.08,2231.04,Mailed check,0,DSL,Yes,No
CUST-03711,5,Month-to-month,76.53,385.40,Electronic check,1,DSL,No,No
CUST-03712,29,One year,20.13,566.71,Electronic check,4,No,Yes,Yes
CUST-03713,53,Two year,63.25,3312.95,Electronic check,1,DSL,Yes,No
CUST-03714,56,One year,18.52,1065.13,Credit card (automatic),2,No,Yes,No
CUST-03715,0,Month-to-month,20.47, ,Bank transfer (automatic),0,No,Yes,Yes
CUST-03716,16,Two year,67.57,1101.44,Bank transfer (automatic),0,DSL,Yes,No
CUST-03717,4,Month-to-month,92.3,358.38,Credit card (automatic),3,Fiber optic,No,Yes
CUST-03718,8,Two year,69.08,555.21,Bank transfer (automatic),1,DSL,No,No
CUST-03719,1,Month-to-month,19.42,19.77,Electronic check,2,No,No,Yes
CUST-03720,18,One year,78.47,1393.94,Electronic check,1,DSL,Yes,No
CUST-03721,40,One year,21.59,867.21,Bank transfer (automatic),1,No,Yes,No
CUST-03722,26,Month-to-month,62.11,1640.98,Credit card (automatic),0,DSL,No,No
CUST-03723,21,Two year,82.56,1706.96,Electronic check,3,Fiber optic,No,No
CUST-03724,39,Two year,86.53,3430.44,Bank transfer (automatic),2,Fiber optic,Yes,No
CUST-03725,65,One year,66.33,4369.47,Electronic check,1,DSL,No,No
CUST-03726,50,Month-to-month,86.66,4250.19,Mailed check,1,Fiber optic,No,Yes
CUST-03727,50,Two year,105.03,5214.10,Electronic check,3,Fiber optic,No,No
CUST-03728,46,Two year,83.94,3925.96,Bank transfer (automatic),1,Fiber optic,No,No
CUST-03729,57,One year,107.32,6166.85,Electronic check,1,Fiber optic,No,No
CUST-03730,8,Month-to-month,102.9,823.75,Credit card (automatic),5,Fiber optic,Yes,Yes
CUST-03731,27,Month-to-month,50.22,1346.96,Credit card (automatic),0,DSL,No,No
CUST-03732,29,Month-to-month,18.63,534.87,Electronic check,2,No,No,Yes
CUST-03733,12,Month-to-month,115.35,1380.93,Bank transfer (automatic),4,Fiber optic,Yes,Yes
CUST-03734,35,Two year,20.01,696.84,Bank transfer (automatic),2,No,No,No
CUST-03735,22,Month-to-month,63.51,1373.85,Electronic check,0,DSL,Yes,No
CUST-03736,13,Month-to-month,20.48,271.07,Bank transfer (automatic),3,No,No,No
CUST-03737,49,One year,66.46,3349.64,Credit card (automatic),4,DSL,Yes,Yes
CUST-03738,1,Month-to-month,104.19,104.16,Bank transfer (automatic),2,Fiber optic,No,No
CUST-03739,10,Month-to-month,73.62,757.26,Bank transfer (automatic),1,Fiber optic,No,No
CUST-03740,22,One year,18.63,406.55,Electronic check,0,No,Yes,No
CUST-03741,53,One year,78.56,4123.89,Bank transfer (automatic),6,DSL,Yes,Yes
CUST-03742,32,One year,107.44,3521.09,Credit card (automatic),1,Fiber optic,Yes,No
CUST-03743,9,Month-to-month,52.02,481.19,Electronic check,1,DSL,Yes,Yes
CUST-03744,51,Two year,60.39,3037.76,Credit card (automatic),2,DSL,Yes,No
CUST-03745,5,One year,116.7,598.46,Bank transfer (automatic),2,Fiber optic,No,Yes
CUST-03746,47,Two year,96.51,4435.48,Electronic check,1,Fiber optic,Yes,No
CUST-03747,13,One year,90.44,1187.84,Mailed check,3,Fiber optic,Yes,Yes
CUST-03748,64,One year,71.83,4703.10,Mailed check,2,Fiber optic,Yes,No
CUST-03749,7,Month-to-month,98.51,685.79,Mailed check,2,Fiber optic,Yes,No
CUST-03750,25,Two year,74.59,1825.78,Electronic check,1,DSL,Yes,Yes
CUST-03751,22,Two year,96.46,2172.66,Electronic check,3,Fiber optic,Yes,No
CUST-03752,25,Month-to-month,108.11,2747.08,Mailed check,4,Fiber optic,No,Yes
CUST-03753,17,Month-to-month,74.75,1237.35,Bank transfer (automatic),1,DSL,No,No
CUST-03754,45,One year,57.33,2569.35,Bank transfer (automatic),1,DSL,Yes,No
CUST-03755,0,Month-to-month,90.06, ,Credit card (automatic),1,Fiber optic,Yes,No
CUST-03756,3,Month-to-month,114.92,349.41,Bank transfer (automatic),2,Fiber optic,Yes,No
CUST-03757,2,Month-to-month,86.61,173.05,Bank transfer (automatic),1,Fiber optic,No,No
CUST-03758,24,Two year,66.58,1637.86,Mailed check,0,DSL,No,No
CUST-03759,43,Two year,100.22,4190.05,Bank transfer (automatic),4,Fiber optic,No,Yes
CUST-03760,13,Month-to-month,93.65,1233.13,Bank transfer (automatic),3,Fiber optic,No,No
CUST-03761,26,Month-to-month,65.87,1757.39,Bank transfer (automatic),1,DSL,No,No
CUST-03762,52,One year,68.09,3487.03,Electronic check,1,DSL,Yes,Yes
CUST-03763,19,One year,25.19,485.68,Credit card (automatic),0,No,No,No
CUST-03764,0,One year,109.04, ,Bank transfer (automatic),5,Fiber optic,Yes,Yes
CUST-03765,40,Two year,20.94,830.94,Mailed check,2,No,No,No
CUST-03766,21,One year,21.49,446.84,Credit card (automatic),2,No,Yes,No
CUST-03767,1,Month-to-month,114.05,114.20,Electronic check,1,Fiber optic,Yes,Yes
CUST-03768,59,One year,52.36,3112.90,Credit card (automatic),1,DSL,Yes,No
CUST-03769,3,Month-to-month,85.84,260.35,Credit card (automatic),3,Fiber optic,No,Yes
CUST-03770,46,Two year,67.58,3105.08,Electronic check,0,DSL,No,No
CUST-03771,46,One year,75.4,3557.27,Credit card (automatic),2,Fiber optic,No,No
CUST-03772,41,Two year,108.38,4369.13,Electronic check,2,Fiber optic,Yes,No
CUST-03773,37,Month-to-month,25.36,957.76,Bank transfer (automatic),0,No,No,No
CUST-03774,59,Two year,65.91,3967.67,Electronic check,1,DSL,No,No
CUST-03775,17,One year,18.79,312.32,Bank transfer (automatic),2,No,Yes,No
CUST-03776,4,Month-to-month,81.63,323.94,Credit card (automatic),1,Fiber optic,Yes,Yes
CUST-03777,34,Two year,74.75,2550.28,Credit card (automatic),1,Fiber optic,No,No
CUST-03778,39,Two year,85.07,3364.84,Mailed check,1,Fiber optic,No,Yes
CUST-03779,17,Month-to-month,76.7,1335.00,Bank transfer (automatic),1,DSL,No,No
CUST-03780,22,Month-to-month,20.94,473.66,Electronic check,5,No,Yes,Yes
CUST-03781,45,Two year,49.21,2185.71,Bank transfer (automatic),3,DSL,Yes,No
CUST-03782,1,Month-to-month,102.25,103.44,Bank transfer (automatic),3,Fiber optic,Yes,No
CUST-03783,1,One year,113.86,115.69,Credit card (automatic),3,Fiber optic,No,No
CUST-03784,42,One year,43.76,1828.30,Bank transfer (automatic),0,DSL,Yes,No
CUST-03785,12,Month-to-month,102.59,1211.96,Bank transfer (automatic),1,Fiber optic,No,No
CUST-03786,13,One year,53.02,699.34,Electronic check,0,DSL,No,No
CUST-03787,48,Month-to-month,56.12,2678.47,Bank transfer (automatic),3,DSL,Yes,No
CUST-03788,60,Two year,20.03,1179.45,Credit card (automatic),2,No,No,No
CUST-03789,15,One year,114.17,1663.12,Credit card (automatic),2,Fiber optic,No,No
CUST-03790,8,Month-to-month,74.75,593.64,Credit card (automatic),1,DSL,No,Yes
CUST-03791,31,Month-to-month,64.51,1963.47,Mailed check,3,DSL,No,Yes
CUST-03792,41,Two year,43.09,1782.48,Credit card (automatic),3,DSL,Yes,No
CUST-03793,30,Two year,25.35,772.60,Credit card (automatic),3,No,Yes,No
CUST-03794,5,One year,59.51,292.11,Bank transfer (automatic),1,DSL,No,No
CUST-03795,40,Two year,60.3,2479.29,Bank transfer (automatic),2,DSL,No,No
CUST-03796,23,Month-to-month,24.05,542.94,Electronic check,0,No,No,No
CUST-03797,28,Month-to-month,64.84,1794.75,Credit card (automatic),3,DSL,No,Yes
CUST-03798,43,Two year,46.92,2005.00,Electronic check,1,DSL,No,No
CUST-03799,21,Two year,46.34,985.84,Electronic check,1,DSL,Yes,Yes
CUST-03800,65,Two year,20.14,1335.91,Bank transfer (automatic),3,No,No,No
CUST-03801,18,Month-to-month,73.44,1327.41,Electronic check,2,Fiber optic,No,No
CUST-03802,0,Month-to-month,72.82, ,Bank transfer (automatic),1,DSL,Yes,Yes
CUST-03803,58,Two year,71.92,4066.88,Electronic check,3,Fiber optic,No,Yes
CUST-03804,4,Month-to-month,116.12,475.76,Electronic check,1,Fiber optic,Yes,Yes
CUST-03805,51,Month-to-month,19.08,959.59,Bank transfer (automatic),2,No,Yes,No
CUST-03806,1,Month-to-month,111.81,112.83,Mailed check,2,Fiber optic,No,Yes
CUST-03807,15,Month-to-month,81.57,1247.50,Bank transfer (automatic),2,Fiber optic,No,No
CUST-03808,20,Month-to-month,66.55,1360.04,Mailed check,2,DSL,No,No
CUST-03809,13,Month-to-month,54.95,700.80,Credit card (automatic),1,DSL,Yes,No
CUST-03810,0,Month-to-month,18.75, ,Credit card (automatic),3,No,Yes,No
CUST-03811,25,Month-to-month,23.73,575.57,Electronic check,2,No,No,Yes
CUST-03812,47,Two year,109.38,5277.95,Credit card (automatic),3,Fiber optic,Yes,No
CUST-03813,19,Month-to-month,84.56,1591.87,Credit card (automatic),3,Fiber optic,Yes,No
CUST-03814,5,Month-to-month,108.25,544.04,Electronic check,2,Fiber optic,Yes,Yes
CUST-03815,24,Two year,59.15,1445.44,Electronic check,1,DSL,Yes,No
CUST-03816,2,One year,105.56,208.63,Credit card (automatic),0,Fiber optic,Yes,No
CUST-03817,18,Month-to-month,101.46,1879.90,Credit card (automatic),2,Fiber optic,Yes,No
CUST-03818,0,Month-to-month,115.33, ,Electronic check,3,Fiber optic,No,Yes
CUST-03819,26,Month-to-month,85.99,2178.22,Credit card (automatic),2,Fiber optic,Yes,No
CUST-03820,47,Two year,19.08,890.16,Credit card (automatic),1,No,No,No
CUST-03821,16,Month-to-month,24.16,380.32,Electronic check,2,No,Yes,No
CUST-03822,11,Month-to-month,109.62,1180.33,Mailed check,0,Fiber optic,Yes,Yes
CUST-03823,17,One year,43.45,731.95,Electronic check,0,DSL,Yes,No
CUST-03824,49,Month-to-month,76.15,3706.80,Electronic check,4,Fiber optic,Yes,No
CUST-03825,3,Month-to-month,110.57,338.65,Mailed check,0,Fiber optic,No,No
CUST-03826,33,Month-to-month,64.36,2147.69,Electronic check,2,DSL,No,No
CUST-03827,24,Month-to-month,92.08,2243.20,Electronic check,1,Fiber optic,No,Yes
CUST-03828,17,Two year,110.3,1891.86,Electronic check,0,Fiber optic,No,No
CUST-03829,66,Two year,20.1,1340.84,Credit card (automatic),2,No,Yes,No
CUST-03830,24,Month-to-month,85.84,2028.32,Credit card (automatic),1,Fiber optic,Yes,No
CUST-03831,26,Month-to-month,70.66,1862.49,Credit card (automatic),5,DSL,No,Yes
CUST-03832,28,Month-to-month,22.68,638.34,Credit card (automatic),2,No,No,Yes
CUST-03833,50,Two year,50.09,2545.42,Electronic check,1,DSL,No,No
CUST-03834,60,Two year,75.04,4468.82,Bank transfer (automatic),2,DSL,Yes,No
CUST-03835,48,One year,118.47,5628.42,Bank transfer (automatic),2,Fiber optic,Yes,No
CUST-03836,20,Month-to-month,19.33,378.64,Credit card (automatic),2,No,Yes,No
CUST-03837,11,Month-to-month,53.29,588.49,Bank transfer (automatic),2,DSL,Yes,No
CUST-03838,45,Month-to-month,23.87,1062.88,Bank transfer (automatic),0,No,Yes,No
CUST-03839,22,One year,19.18,427.45,Mailed check,2,No,Yes,No
CUST-03840,30,One year,92.65,2833.18,Bank transfer (automatic),2,Fiber optic,Yes,Yes
CUST-03841,41,Two year,50.45,2104.30,Mailed check,2,DSL,Yes,Yes
CUST-03842,66,Two year,66.68,4431.03,Credit card (automatic),0,DSL,Yes,No
CUST-03843,0,Month-to-month,20.95, ,Electronic check,1,No,Yes,No
CUST-03844,33,Two year,24.61,794.76,Electronic check,1,No,No,No
CUST-03845,36,Month-to-month,21.69,778.48,Credit card (automatic),4,No,Yes,Yes
CUST-03846,16,Month-to-month,96.16,1569.02,Credit card (automatic),0,Fiber optic,No,No
CUST-03847,21,Month-to-month,74.86,1585.29,Bank transfer (automatic),1,DSL,Yes,No
CUST-03848,53,Two year,107.47,5742.44,Credit card (automatic),4,Fiber optic,No,Yes
CUST-03849,7,Month-to-month,24.32,172.73,Electronic check,1,No,No,Yes
CUST-03850,48,Month-to-month,70.61,3313.81,Credit card (automatic),1,Fiber optic,No,No
CUST-03851,7,Month-to-month,23.18,163.93,Mailed check,1,No,Yes,No
CUST-03852,42,Month-to-month,21.74,900.48,Credit card (automatic),0,No,No,Yes
CUST-03853,4,Two year,113.08,454.81,Bank transfer (automatic),2,Fiber optic,Yes,No
CUST-03854,11,Month-to-month,43.89,485.67,Bank transfer (automatic),0,DSL,Yes,No
CUST-03855,11,Month-to-month,111.18,1199.58,Electronic check,2,Fiber optic,No,No
CUST-03856,0,One year,47.43, ,Bank transfer (automatic),0,DSL,No,No
CUST-03857,32,Month-to-month,98.85,3195.87,Electronic check,3,Fiber optic,Yes,Yes
CUST-03858,47,Two year,105.42,5017.03,Credit card (automatic),1,Fiber optic,Yes,No
CUST-03859,7,Month-to-month,79.63,554.59,Bank transfer (automatic),1,Fiber optic,Yes,Yes
CUST-03860,48,One year,78.13,3767.61,Mailed check,1,Fiber optic,Yes,No
CUST-03861,23,Month-to-month,67.34,1536.53,Bank transfer (automatic),1,DSL,No,Yes
CUST-03862,37,One year,48.59,1835.88,Bank transfer (automatic),2,DSL,Yes,No
CUST-03863,6,Two year,95.01,575.09,Credit card (automatic),2,Fiber optic,No,No
CUST-03864,11,Month-to-month,82.8,913.17,Bank transfer (automatic),1,Fiber optic,Yes,No
CUST-03865,16,One year,71.54,1175.09,Bank transfer (automatic),2,Fiber optic,Yes,Yes
CUST-03866,18,Two year,73.27,1339.74,Bank transfer (automatic),2,Fiber optic,Yes,No
CUST-03867,36,One year,47.28,1682.08,Credit card (automatic),1,DSL,Yes,No
CUST-03868,54,Month-to-month,96.58,5105.47,Mailed check,2,Fiber optic,Yes,No
CUST-03869,19,Two year,19.84,366.40,Electronic check,0,No,Yes,No
CUST-03870,46,One year,73.42,3389.23,Mailed check,0,DSL,Yes,No
CUST-03871,33,Month-to-month,71.33,2316.67,Mailed check,2,Fiber optic,No,No
CUST-03872,48,Two year,102.15,5007.87,Electronic check,3,Fiber optic,No,No
CUST-03873,36,One year,45.76,1598.52,Credit card (automatic),1,DSL,No,No
CUST-03874,6,Month-to-month,24.93,146.52,Credit card (automatic),0,No,Yes,No
CUST-03875,36,Month-to-month,44.0,1571.60,Electronic check,1,DSL,Yes,Yes
CUST-03876,7,Month-to-month,76.97,544.81,Electronic check,2,Fiber optic,No,Yes
CUST-03877,19,Month-to-month,20.33,387.33,Electronic check,2,No,No,No
CUST-03878,43,Two year,19.0,808.78,Bank transfer (automatic),1,No,Yes,No
CUST-03879,69,Month-to-month,114.44,7772.26,Mailed check,1,Fiber optic,Yes,Yes
CUST-03880,19,One year,19.24,359.63,Credit card (automatic),4,No,No,Yes
CUST-03881,19,Two year,45.52,881.80,Mailed check,4,DSL,Yes,No
CUST-03882,51,Two year,72.92,3675.67,Electronic check,1,Fiber optic,Yes,No
CUST-03883,59,Two year,71.84,4341.75,Bank transfer (automatic),3,DSL,Yes,No
CUST-03884,26,Month-to-month,101.68,2568.48,Credit card (automatic),3,Fiber optic,Yes,No
CUST-03885,40,Two year,70.05,2724.62,Bank transfer (automatic),1,DSL,No,Yes
CUST-03886,39,Two year,68.16,2737.50,Credit card (automatic),1,DSL,No,No
CUST-03887,19,Month-to-month,117.19,2242.07,Electronic check,3,Fiber optic,Yes,No
CUST-03888,2,Month-to-month,24.01,49.34,Credit card (automatic),1,No,No,Yes
CUST-03889,1,Month-to-month,88.65,86.96,Electronic check,2,Fiber optic,Yes,No
CUST-03890,58,Two year,84.13,4990.37,Credit card (automatic),2,Fiber optic,Yes,No
CUST-03891,6,One year,84.23,510.30,Mailed check,2,Fiber optic,Yes,No
CUST-03892,15,One year,53.88,793.97,Electronic check,2,DSL,No,No
CUST-03893,34,Two year,49.28,1703.42,Electronic check,2,DSL,No,No
CUST-03894,39,One year,21.2,821.53,Credit card (automatic),2,No,Yes,Yes
CUST-03895,3,Month-to-month,75.37,226.31,Mailed check,2,Fiber optic,No,No
CUST-03896,6,Month-to-month,84.49,519.53,Credit card (automatic),1,Fiber optic,No,No
CUST-03897,35,Month-to-month,78.54,2727.54,Mailed check,4,Fiber optic,Yes,Yes
CUST-03898,29,Month-to-month,114.83,3336.84,Bank transfer (automatic),0,Fiber optic,No,No
CUST-03899,27,Month-to-month,21.71,578.60,Bank transfer (automatic),2,No,No,No
CUST-03900,50,Two year,110.1,5491.00,Bank transfer (automatic),3,Fiber optic,Yes,No
CUST-03901,9,One year,98.69,873.79,Credit card (automatic),2,Fiber optic,Yes,No
CUST-03902,25,Month-to-month,99.18,2503.35,Bank transfer (automatic),2,Fiber optic,No,No
CUST-03903,51,Two year,42.62,2169.34,Bank transfer (automatic),3,DSL,No,No
CUST-03904,14,Month-to-month,18.35,260.82,Mailed check,1,No,Yes,No
CUST-03905,12,Two year,52.65,645.77,Electronic check,1,DSL,Yes,No
CUST-03906,6,Two year,44.65,269.79,Mailed check,1,DSL,Yes,No
CUST-03907,18,Two year,83.51,1470.96,Bank transfer (automatic),3,Fiber optic,Yes,No
CUST-03908,14,Month-to-month,65.0,904.72,Electronic check,4,DSL,Yes,No
CUST-03909,1,Month-to-month,104.57,102.86,Mailed check,1,Fiber optic,No,No
CUST-03910,36,One year,64.79,2389.24,Credit card (automatic),3,DSL,Yes,Yes
CUST-03911,39,One year,62.68,2441.06,Mailed check,2,DSL,No,No
CUST-03912,15,Two year,73.96,1099.78,Bank transfer (automatic),1,Fiber optic,Yes,No
CUST-03913,19,Two year,47.17,916.58,Credit card (automatic),1,DSL,No,No
CUST-03914,37,Two year,18.56,685.35,Bank transfer (automatic),5,No,No,No
CUST-03915,35,Month-to-month,24.34,842.74,Electronic check,2,No,No,No
CUST-03916,30,Month-to-month,85.77,2648.18,Bank transfer (automatic),2,Fiber optic,No,Yes
CUST-03917,37,Month-to-month,89.61,3262.28,Credit card (automatic),1,Fiber optic,Yes,Yes
CUST-03918,10,Month-to-month,65.22,648.30,Electronic check,2,DSL,Yes,Yes
CUST-03919,41,Month-to-month,25.52,1059.08,Credit card (automatic),2,No,Yes,No
CUST-03920,41,One year,64.89,2633.54,Electronic check,0,DSL,No,No
CUST-03921,33,Month-to-month,19.13,631.54,Credit card (automatic),2,No,No,No
CUST-03922,15,Month-to-month,75.35,1097.82,Electronic check,0,DSL,Yes,No
CUST-03923,6,One year,81.19,479.02,Mailed check,4,Fiber optic,No,Yes
CUST-03924,40,Two year,108.54,4425.90,Credit card (automatic),1,Fiber optic,Yes,No
CUST-03925,12,Month-to-month,23.86,279.47,Electronic check,0,No,Yes,Yes
CUST-03926,68,One year,90.23,6163.11,Bank transfer (automatic),3,Fiber optic,Yes,No
CUST-03927,5,Month-to-month,95.46,469.14,Bank transfer (automatic),3,Fiber optic,Yes,Yes
CUST-03928,2,Two year,50.82,101.23,Electronic check,0,DSL,No,No
CUST-03929,21,Month-to-month,104.25,2218.92,Bank transfer (automatic),4,Fiber optic,No,Yes
CUST-03930,0,Month-to-month,25.59, ,Credit card (automatic),0,No,Yes,No
CUST-03931,49,One year,58.05,2835.63,Credit card (automatic),0,DSL,No,No
CUST-03932,40,Two year,78.82,3152.16,Electronic check,0,DSL,Yes,No
CUST-03933,42,Two year,20.14,869.95,Credit card (automatic),1,No,Yes,No
CUST-03934,8,Month-to-month,19.15,150.25,Bank transfer (automatic),0,No,No,No
CUST-03935,24,Two year,118.68,2869.89,Bank transfer (automatic),2,Fiber optic,Yes,No
CUST-03936,4,Month-to-month,21.07,82.79,Bank transfer (automatic),1,No,No,No
CUST-03937,57,Two year,73.78,4294.14,Bank transfer (automatic),3,DSL,No,No
CUST-03938,12,Month-to-month,71.44,867.55,Credit card (automatic),1,Fiber optic,Yes,No
CUST-03939,26,Month-to-month,22.96,607.15,Electronic check,0,No,Yes,Yes
CUST-03940,48,Two year,70.16,3417.94,Electronic check,3,Fiber optic,No,No
CUST-03941,6,Month-to-month,22.03,130.38,Credit card (automatic),2,No,Yes,Yes
CUST-03942,54,Two year,69.31,3792.19,Mailed check,1,DSL,No,Yes
CUST-03943,12,Month-to-month,100.29,1200.30,Mailed check,2,Fiber optic,Yes,No
CUST-03944,3,Month-to-month,100.6,299.74,Bank transfer (automatic),3,Fiber optic,Yes,Yes
CUST-03945,49,Two year,54.39,2642.95,Electronic check,4,DSL,Yes,Yes
CUST-03946,1,Month-to-month,100.89,102.05,Bank transfer (automatic),2,Fiber optic,Yes,No
CUST-03947,0,Two year,24.66, ,Credit card (automatic),4,No,Yes,Yes
CUST-03948,11,Month-to-month,21.97,242.50,Mailed check,1,No,No,Yes
CUST-03949,64,One year,62.22,3965.08,Electronic check,1,DSL,Yes,No
CUST-03950,1,Month-to-month,110.87,113.07,Electronic check,2,Fiber optic,No,No
CUST-03951,19,One year,46.94,903.63,Bank transfer (automatic),3,DSL,Yes,No
CUST-03952,15,Two year,64.38,943.18,Electronic check,1,DSL,Yes,Yes
CUST-03953,60,Month-to-month,93.13,5529.82,Electronic check,0,Fiber optic,No,No
CUST-03954,51,One year,57.69,2991.03,Credit card (automatic),0,DSL,No,No
CUST-03955,35,One year,21.31,752.62,Bank transfer (automatic),4,No,Yes,No
CUST-03956,20,Month-to-month,65.54,1305.07,Electronic check,2,DSL,No,No
CUST-03957,54,One year,113.76,6128.73,Bank transfer (automatic),2,Fiber optic,No,No
CUST-03958,14,Two year,66.16,930.51,Bank transfer (automatic),1,DSL,Yes,No
CUST-03959,25,Month-to-month,52.12,1273.85,Credit card (automatic),1,DSL,No,No
CUST-03960,26,Month-to-month,19.28,491.97,Mailed check,1,No,Yes,No
CUST-03961,1,Month-to-month,25.59,25.02,Electronic check,2,No,Yes,No
CUST-03962,40,Two year,84.83,3310.76,Mailed check,4,Fiber optic,Yes,Yes
CUST-03963,1,Month-to-month,21.75,21.99,Bank transfer (automatic),5,No,Yes,Yes
CUST-03964,46,Month-to-month,18.38,830.41,Credit card (automatic),1,No,No,No
CUST-03965,0,Month-to-month,109.54, ,Credit card (automatic),0,Fiber optic,Yes,Yes
CUST-03966,28,Two year,71.37,1955.55,Electronic check,0,DSL,Yes,No
CUST-03967,16,One year,103.87,1686.75,Electronic check,1,Fiber optic,Yes,No
CUST-03968,1,Month-to-month,20.92,20.94,Bank transfer (automatic),1,No,No,Yes
CUST-03969,58,Month-to-month,88.21,5099.02,Electronic check,4,Fiber optic,Yes,Yes
CUST-03970,12,Month-to-month,60.55,720.30,Bank transfer (automatic),0,DSL,No,No
CUST-03971,54,Month-to-month,89.6,4865.68,Mailed check,3,Fiber optic,Yes,No
CUST-03972,34,One year,19.51,676.54,Bank transfer (automatic),3,No,No,No
CUST-03973,40,Two year,50.91,2023.67,Electronic check,1,DSL,Yes,No
CUST-03974,0,One year,20.73, ,Electronic check,1,No,No,Yes
CUST-03975,31,Month-to-month,70.97,2135.14,Credit card (automatic),3,Fiber optic,Yes,Yes
CUST-03976,17,Month-to-month,86.64,1507.06,Mailed check,2,Fiber optic,No,No
CUST-03977,53,One year,72.39,3845.26,Credit card (automatic),0,DSL,No,Yes
CUST-03978,38,One year,92.88,3451.00,Electronic check,1,Fiber optic,No,No
CUST-03979,39,Month-to-month,49.26,1869.30,Credit card (automatic),3,DSL,Yes,No
CUST-03980,22,One year,103.87,2291.26,Electronic check,4,Fiber optic,Yes,No
CUST-03981,12,Month-to-month,71.06,852.33,Bank transfer (automatic),3,Fiber optic,No,No
CUST-03982,37,Month-to-month,19.41,701.21,Electronic check,1,No,No,No
CUST-03983,56,Two year,98.38,5539.76,Electronic check,2,Fiber optic,Yes,No
CUST-03984,15,Month-to-month,23.29,352.86,Bank transfer (automatic),2,No,No,No
CUST-03985,40,Two year,20.46,825.25,Electronic check,3,No,Yes,No
CUST-03986,57,Two year,83.55,4733.00,Electronic check,4,Fiber optic,Yes,Yes
CUST-03987,4,Month-to-month,71.01,281.67,Credit card (automatic),3,Fiber optic,Yes,No
CUST-03988,2,Two year,83.89,169.07,Electronic check,1,Fiber optic,Yes,Yes
CUST-03989,25,Month-to-month,116.77,2894.58,Credit card (automatic),1,Fiber optic,No,No
CUST-03990,33,Two year,56.95,1890.22,Electronic check,3,DSL,Yes,No
CUST-03991,45,Two year,85.98,3964.52,Bank transfer (automatic),2,Fiber optic,Yes,No
CUST-03992,42,Two year,65.31,2762.25,Electronic check,1,DSL,Yes,No
CUST-03993,22,Month-to-month,25.67,572.04,Credit card (automatic),1,No,Yes,Yes
CUST-03994,2,Month-to-month,58.43,119.02,Electronic check,2,DSL,Yes,No
CUST-03995,39,Two year,74.63,2997.29,Credit card (automatic),2,Fiber optic,Yes,No
CUST-03996,42,Month-to-month,23.63,999.92,Bank transfer (automatic),2,No,Yes,No
CUST-03997,66,Two year,113.75,7472.34,Credit card (automatic),1,Fiber optic,No,Yes
CUST-03998,27,Two year,67.27,1809.87,Bank transfer (automatic),0,DSL,Yes,No
CUST-03999,25,Two year,94.24,2391.67,Credit card (automatic),1,Fiber optic,No,No
CUST-04000,67,One year,51.47,3545.89,Credit card (automatic),3,DSL,Yes,No
CUST-04001,15,Month-to-month,58.73,861.41,Mailed check,5,DSL,Yes,Yes
CUST-04002,37,One year,90.58,3387.79,Bank transfer (automatic),0,Fiber optic,Yes,No
CUST-04003,4,Month-to-month,77.54,308.82,Electronic check,4,DSL,Yes,Yes
CUST-04004,60,One year,71.8,4328.85,Mailed check,3,Fiber optic,No,Yes
CUST-04005,42,One year,55.77,2330.34,Electronic check,1,DSL,Yes,No
CUST-04006,1,Month-to-month,53.82,52.67,Electronic check,1,DSL,Yes,Yes
CUST-04007,43,One year,25.62,1098.52,Credit card (automatic),0,No,No,No
CUST-04008,23,Month-to-month,70.32,1661.07,Credit card (automatic),3,Fiber optic,No,Yes
CUST-04009,6,Month-to-month,84.26,492.88,Electronic check,1,Fiber optic,No,Yes
CUST-04010,27,Month-to-month,25.55,710.25,Credit card (automatic),5,No,No,Yes
CUST-04011,2,Month-to-month,48.3,93.99,Credit card (automatic),1,DSL,Yes,No
CUST-04012,23,One year,24.17,552.45,Credit card (automatic),1,No,No,No
CUST-04013,13,Two year,22.48,296.09,Mailed check,2,No,Yes,No
CUST-04014,16,Two year,75.48,1217.22,Credit card (automatic),1,DSL,No,No
CUST-04015,5,Month-to-month,112.56,553.16,Credit card (automatic),2,Fiber optic,Yes,No
CUST-04016,17,Month-to-month,22.57,379.09,Bank transfer (automatic),1,No,No,No
CUST-04017,32,Two year,22.41,719.04,Electronic check,0,No,No,No
CUST-04018,4,Month-to-month,77.37,318.59,Mailed check,0,Fiber optic,Yes,No
CUST-04019,24,Month-to-month,44.7,1053.56,Credit card (automatic),2,DSL,No,No
CUST-04020,13,One year,23.74,309.27,Credit card (automatic),4,No,No,Yes
CUST-04021,6,Month-to-month,99.86,601.10,Electronic check,2,Fiber optic,No,Yes
CUST-04022,2,Month-to-month,71.45,143.53,Electronic check,3,DSL,Yes,Yes
CUST-04023,35,Two year,43.16,1533.21,Electronic check,4,DSL,Yes,Yes
CUST-04024,3,Month-to-month,76.49,225.63,Electronic check,0,DSL,Yes,No
CUST-04025,1,Month-to-month,73.56,72.22,Electronic check,1,Fiber optic,No,Yes
CUST-04026,27,Month-to-month,114.1,3157.62,Credit card (automatic),2,Fiber optic,No,Yes
CUST-04027,49,One year,79.32,3893.57,Mailed check,2,Fiber optic,Yes,No
CUST-04028,10,Month-to-month,82.67,813.65,Mailed check,1,Fiber optic,Yes,Yes
CUST-04029,0,Month-to-month,112.5, ,Electronic check,6,Fiber optic,No,Yes
CUST-04030,31,Two year,58.93,1793.76,Credit card (automatic),2,DSL,Yes,No
CUST-04031,6,One year,103.85,608.17,Electronic check,0,Fiber optic,Yes,No
CUST-04032,1,Month-to-month,113.87,111.68,Bank transfer (automatic),5,Fiber optic,No,Yes
CUST-04033,13,Month-to-month,84.22,1124.19,Electronic check,4,Fiber optic,No,Yes
CUST-04034,19,Month-to-month,47.44,899.08,Mailed check,0,DSL,Yes,No
CUST-04035,34,Month-to-month,22.3,759.38,Bank transfer (automatic),2,No,Yes,No
CUST-04036,39,One year,88.93,3392.73,Bank transfer (automatic),1,Fiber optic,Yes,No
CUST-04037,18,One year,108.94,1966.86,Electronic check,1,Fiber optic,No,No
CUST-04038,8,Month-to-month,18.29,148.11,Mailed check,1,No,Yes,No
CUST-04039,5,Two year,63.63,315.44,Electronic check,1,DSL,Yes,Yes
CUST-04040,3,One year,61.28,188.87,Electronic check,5,DSL,No,Yes
CUST-04041,51,Month-to-month,73.43,3780.05,Electronic check,1,DSL,Yes,No
CUST-04042,25,One year,98.11,2490.17,Credit card (automatic),2,Fiber optic,Yes,Yes
CUST-04043,1,Month-to-month,25.72,26.05,Credit card (automatic),1,No,No,Yes
CUST-04044,20,Month-to-month,18.45,375.61,Bank transfer (automatic),1,No,Yes,No
CUST-04045,2,Month-to-month,94.55,188.94,Bank transfer (automatic),3,Fiber optic,No,Yes
CUST-04046,24,One year,78.03,1917.02,Electronic check,1,DSL,Yes,Yes
CUST-04047,1,Month-to-month,116.1,118.55,Bank transfer (automatic),3,Fiber optic,Yes,No
CUST-04048,43,Two year,50.46,2179.99,Electronic check,1,DSL,No,No
CUST-04049,44,Two year,110.33,4782.10,Electronic check,1,Fiber optic,No,No
CUST-04050,12,Month-to-month,109.26,1322.69,Credit card (automatic),3,Fiber optic,Yes,No
CUST-04051,1,Month-to-month,77.53,75.51,Mailed check,0,DSL,No,Yes
CUST-04052,14,Two year,22.07,313.12,Bank transfer (automatic),1,No,Yes,No
CUST-04053,6,One year,95.8,575.97,Electronic check,3,Fiber optic,Yes,Yes
CUST-04054,12,Month-to-month,24.15,292.95,Bank transfer (automatic),1,No,No,No
CUST-04055,38,Two year,118.7,4523.54,Credit card (automatic),4,Fiber optic,Yes,Yes
CUST-04056,26,Month-to-month,53.75,1425.28,Credit card (automatic),1,DSL,Yes,Yes
CUST-04057,30,Month-to-month,23.37,710.83,Bank transfer (automatic),4,No,No,Yes
CUST-04058,28,Two year,102.72,2944.72,Credit card (automatic),2,Fiber optic,Yes,No
CUST-04059,11,Month-to-month,111.79,1215.57,Mailed check,1,Fiber optic,Yes,Yes
CUST-04060,9,Month-to-month,66.14,609.78,Electronic check,1,DSL,No,No
CUST-04061,21,Month-to-month,59.18,1236.86,Mailed check,1,DSL,No,Yes
CUST-04062,34,Month-to-month,20.58,718.02,Credit card (automatic),0,No,Yes,Yes
CUST-04063,47,One year,77.78,3628.65,Bank transfer (automatic),3,DSL,Yes,No
CUST-04064,36,Month-to-month,54.72,1999.74,Mailed check,0,DSL,Yes,No
CUST-04065,13,Month-to-month,51.79,686.90,Mailed check,1,DSL,No,Yes
CUST-04066,9,Month-to-month,108.64,972.90,Credit card (automatic),3,Fiber optic,No,Yes
CUST-04067,6,Month-to-month,60.61,364.67,Electronic check,0,DSL,No,Yes
CUST-04068,40,One year,49.17,1979.39,Electronic check,0,DSL,Yes,No
CUST-04069,25,Month-to-month,55.57,1351.98,Mailed check,0,DSL,Yes,No
CUST-04070,3,Month-to-month,19.78,59.19,Credit card (automatic),0,No,Yes,No
CUST-04071,21,One year,80.19,1652.60,Credit card (automatic),1,Fiber optic,Yes,Yes
CUST-04072,36,Month-to-month,73.69,2673.92,Electronic check,4,Fiber optic,Yes,Yes
CUST-04073,7,Month-to-month,101.45,728.75,Mailed check,1,Fiber optic,No,Yes
CUST-04074,31,Two year,56.01,1717.76,Credit card (automatic),1,DSL,No,No
CUST-04075,40,Month-to-month,44.67,1774.97,Electronic check,0,DSL,Yes,No
CUST-04076,1,Two year,66.2,67.56,Mailed check,0,DSL,Yes,No
CUST-04077,10,Month-to-month,20.48,207.94,Bank transfer (automatic),1,No,Yes,No
CUST-04078,58,Month-to-month,19.47,1154.45,Bank transfer (automatic),1,No,Yes,No
CUST-04079,19,Month-to-month,116.82,2246.05,Electronic check,0,Fiber optic,No,Yes
CUST-04080,31,One year,73.65,2282.77,Bank transfer (automatic),1,Fiber optic,Yes,No
CUST-04081,48,One year,88.85,4217.56,Bank transfer (automatic),6,Fiber optic,Yes,Yes
CUST-04082,44,One year,64.91,2932.96,Electronic check,2,DSL,No,No
CUST-04083,6,Two year,25.7,155.52,Credit card (automatic),2,No,No,No
CUST-04084,8,Month-to-month,74.02,589.30,Credit card (automatic),4,Fiber optic,Yes,Yes
CUST-04085,48,Two year,76.41,3687.80,Electronic check,2,DSL,Yes,No
CUST-04086,63,Month-to-month,74.56,4798.48,Electronic check,2,DSL,Yes,No
CUST-04087,36,Two year,107.98,3829.80,Electronic check,1,Fiber optic,Yes,No
CUST-04088,28,Two year,46.24,1316.14,Electronic check,2,DSL,Yes,No
CUST-04089,13,Month-to-month,20.43,266.44,Bank transfer (automatic),3,No,No,No
CUST-04090,36,One year,83.22,3025.17,Electronic check,3,Fiber optic,No,No
CUST-04091,7,Month-to-month,61.95,440.01,Electronic check,2,DSL,Yes,Yes
CUST-04092,19,Month-to-month,46.87,875.51,Electronic check,2,DSL,Yes,Yes
CUST-04093,12,One year,24.37,300.66,Credit card (automatic),1,No,Yes,Yes
CUST-04094,39,Two year,103.26,3997.18,Electronic check,0,Fiber optic,Yes,No
CUST-04095,36,Two year,24.71,895.46,Bank transfer (automatic),1,No,Yes,No
CUST-04096,39,One year,80.85,3182.49,Electronic check,0,Fiber optic,Yes,No
CUST-04097,12,Month-to-month,65.09,781.04,Electronic check,1,DSL,No,Yes
CUST-04098,4,Month-to-month,111.48,434.62,Credit card (automatic),1,Fiber optic,No,Yes
CUST-04099,45,Month-to-month,72.46,3299.15,Bank transfer (automatic),1,Fiber optic,No,Yes
CUST-04100,19,Month-to-month,62.54,1164.26,Electronic check,1,DSL,Yes,No
CUST-04101,5,Month-to-month,68.97,350.85,Bank transfer (automatic),1,DSL,Yes,Yes
CUST-04102,8,Month-to-month,56.03,454.31,Mailed check,1,DSL,Yes,No
CUST-04103,1,Month-to-month,20.9,21.37,Electronic check,2,No,No,Yes
CUST-04104,49,Month-to-month,71.57,3505.46,Credit card (automatic),0,Fiber optic,No,No
CUST-04105,66,One year,60.33,3921.27,Credit card (automatic),4,DSL,Yes,Yes
CUST-04106,33,One year,99.07,3256.87,Mailed check,2,Fiber optic,No,No
CUST-04107,3,Month-to-month,106.09,315.29,Credit card (automatic),3,Fiber optic,Yes,Yes
CUST-04108,34,Month-to-month,74.21,2542.30,Electronic check,4,Fiber optic,Yes,Yes
CUST-04109,19,Month-to-month,90.31,1675.46,Electronic check,2,Fiber optic,Yes,No
CUST-04110,45,One year,51.87,2339.42,Bank transfer (automatic),3,DSL,No,No
CUST-04111,4,Month-to-month,80.09,322.69,Mailed check,0,Fiber optic,No,No
CUST-04112,60,Month-to-month,81.98,4869.48,Electronic check,3,Fiber optic,No,No
CUST-04113,5,Month-to-month,20.95,101.86,Bank transfer (automatic),3,No,No,No
CUST-04114,56,Two year,105.72,5867.92,Credit card (automatic),2,Fiber optic,No,No
CUST-04115,15,One year,21.52,323.45,Bank transfer (automatic),1,No,No,No
CUST-04116,34,One year,73.08,2418.08,Electronic check,2,Fiber optic,Yes,No
CUST-04117,53,One year,20.86,1112.52,Mailed check,3,No,Yes,No
CUST-04118,6,Month-to-month,75.35,458.63,Electronic check,1,Fiber optic,Yes,No
CUST-04119,22,Month-to-month,19.84,433.48,Electronic check,0,No,Yes,Yes
CUST-04120,55,One year,76.3,4202.96,Mailed check,4,Fiber optic,Yes,Yes
CUST-04121,27,Two year,77.88,2108.10,Electronic check,1,DSL,No,No
CUST-04122,18,One year,112.9,2060.09,Electronic check,3,Fiber optic,Yes,No
CUST-04123,62,Two year,65.25,4144.44,Credit card (automatic),2,DSL,Yes,No
CUST-04124,42,Two year,82.21,3531.90,Mailed check,3,Fiber optic,Yes,No
CUST-04125,29,Month-to-month,48.84,1389.28,Bank transfer (automatic),2,DSL,Yes,No
CUST-04126,53,Two year,111.05,5728.99,Electronic check,2,Fiber optic,Yes,No
CUST-04127,30,Two year,18.8,559.05,Mailed check,3,No,Yes,No
CUST-04128,17,One year,23.45,408.37,Mailed check,3,No,No,No
CUST-04129,44,One year,84.37,3784.82,Electronic check,1,Fiber optic,Yes,No
CUST-04130,23,Two year,93.87,2182.01,Bank transfer (automatic),2,Fiber optic,Yes,No
CUST-04131,46,Two year,69.03,3090.69,Electronic check,2,DSL,No,No
CUST-04132,37,Two year,71.77,2603.81,Bank transfer (automatic),2,Fiber optic,No,No
CUST-04133,22,Two year,78.56,1772.94,Bank transfer (automatic),3,Fiber optic,Yes,Yes
CUST-04134,3,Month-to-month,101.55,296.13,Credit card (automatic),2,Fiber optic,No,Yes
CUST-04135,15,One year,114.84,1753.63,Bank transfer (automatic),1,Fiber optic,Yes,No
CUST-04136,56,Month-to-month,51.9,2900.02,Bank transfer (automatic),4,DSL,No,Yes
CUST-04137,7,Month-to-month,77.3,549.13,Bank transfer (automatic),1,Fiber optic,Yes,Yes
CUST-04138,60,Two year,25.19,1471.28,Credit card (automatic),4,No,No,No
CUST-04139,22,One year,112.18,2444.42,Credit card (automatic),1,Fiber optic,No,No
CUST-04140,4,Two year,114.35,460.73,Bank transfer (automatic),3,Fiber optic,Yes,No
CUST-04141,50,One year,47.04,2311.39,Electronic check,1,DSL,Yes,No
CUST-04142,13,Month-to-month,115.02,1462.92,Electronic check,2,Fiber optic,Yes,Yes
CUST-04143,14,Month-to-month,98.34,1337.54,Credit card (automatic),1,Fiber optic,Yes,No
CUST-04144,46,Month-to-month,102.51,4845.34,Credit card (automatic),4,Fiber optic,No,Yes
CUST-04145,14,Month-to-month,92.14,1307.69,Credit card (automatic),1,Fiber optic,Yes,No
CUST-04146,17,Month-to-month,87.33,1463.43,Electronic check,2,Fiber optic,Yes,No
CUST-04147,3,Month-to-month,46.61,140.33,Bank transfer (automatic),4,DSL,Yes,Yes
CUST-04148,43,Two year,50.64,2197.26,Bank transfer (automatic),4,DSL,Yes,Yes
CUST-04149,47,Month-to-month,98.65,4617.64,Mailed check,2,Fiber optic,Yes,Yes
CUST-04150,53,Month-to-month,85.45,4412.05,Electronic check,5,Fiber optic,No,Yes
CUST-04151,36,Two year,75.84,2712.28,Electronic check,3,Fiber optic,Yes,Yes
CUST-04152,33,Two year,104.59,3372.28,Bank transfer (automatic),2,Fiber optic,Yes,No
CUST-04153,2,One year,95.77,187.47,Electronic check,3,Fiber optic,No,Yes
CUST-04154,10,Month-to-month,72.0,726.36,Electronic check,3,Fiber optic,No,Yes
CUST-04155,41,Two year,102.79,4173.39,Electronic check,3,Fiber optic,No,No
CUST-04156,5,Month-to-month,24.71,122.21,Mailed check,4,No,No,Yes
CUST-04157,36,One year,107.82,3969.94,Bank transfer (automatic),0,Fiber optic,No,No
CUST-04158,33,Month-to-month,115.08,3783.68,Mailed check,2,Fiber optic,No,No
CUST-04159,7,Month-to-month,54.8,391.27,Mailed check,2,DSL,No,Yes
CUST-04160,41,One year,18.91,794.11,Electronic check,0,No,Yes,No
CUST-04161,1,Two year,68.49,70.30,Bank transfer (automatic),2,DSL,Yes,No
CUST-04162,11,Month-to-month,113.97,1275.34,Bank transfer (automatic),5,Fiber optic,Yes,Yes
CUST-04163,62,Month-to-month,85.55,5282.71,Mailed check,2,Fiber optic,Yes,No
CUST-04164,27,Two year,20.24,535.29,Electronic check,1,No,Yes,No
CUST-04165,14,One year,23.61,331.16,Credit card (automatic),6,No,No,Yes
CUST-04166,35,Month-to-month,23.71,824.54,Credit card (automatic),4,No,Yes,Yes
CUST-04167,11,Month-to-month,72.7,783.77,Credit card (automatic),0,DSL,No,No
CUST-04168,7,Month-to-month,106.36,765.02,Mailed check,1,Fiber optic,Yes,Yes
CUST-04169,65,One year,89.52,5950.09,Electronic check,2,Fiber optic,Yes,No
CUST-04170,30,Month-to-month,57.9,1767.50,Credit card (automatic),1,DSL,Yes,No
CUST-04171,9,One year,71.79,634.79,Credit card (automatic),3,DSL,Yes,No
CUST-04172,5,Month-to-month,52.22,267.71,Electronic check,2,DSL,No,Yes
CUST-04173,26,Two year,75.3,1925.96,Bank transfer (automatic),4,Fiber optic,Yes,Yes
CUST-04174,51,One year,19.88,1040.48,Electronic check,1,No,Yes,No
CUST-04175,31,Month-to-month,94.64,2986.16,Mailed check,1,Fiber optic,No,Yes
CUST-04176,35,Two year,22.53,800.37,Bank transfer (automatic),1,No,No,No
CUST-04177,47,Month-to-month,73.44,3554.97,Bank transfer (automatic),1,Fiber optic,Yes,No
CUST-04178,35,Month-to-month,84.79,2968.58,Credit card (automatic),2,Fiber optic,No,No
CUST-04179,9,Month-to-month,69.77,624.12,Credit card (automatic),2,DSL,No,No
CUST-04180,22,One year,24.72,555.28,Electronic check,1,No,Yes,Yes
CUST-04181,4,Month-to-month,76.33,309.44,Bank transfer (automatic),2,Fiber optic,Yes,No
CUST-04182,6,Month-to-month,61.38,371.78,Bank transfer (automatic),4,DSL,No,Yes
CUST-04183,7,Month-to-month,19.37,134.30,Mailed check,2,No,No,Yes
CUST-04184,51,One year,105.2,5431.12,Bank transfer (automatic),0,Fiber optic,Yes,No
CUST-04185,45,Two year,77.65,3455.03,Credit card (automatic),1,Fiber optic,Yes,No
CUST-04186,22,Month-to-month,74.71,1646.74,Bank transfer (automatic),1,Fiber optic,Yes,No
CUST-04187,55,Two year,58.54,3191.94,Credit card (automatic),0,DSL,Yes,No
CUST-04188,2,Month-to-month,45.95,90.50,Electronic check,2,DSL,No,No
CUST-04189,36,Month-to-month,72.21,2545.32,Mailed check,1,DSL,Yes,No
CUST-04190,55,Two year,24.45,1315.41,Electronic check,2,No,No,No
CUST-04191,6,Month-to-month,94.95,583.29,Bank transfer (automatic),1,Fiber optic,Yes,Yes
CUST-04192,17,One year,97.91,1682.25,Bank transfer (automatic),2,Fiber optic,Yes,No
CUST-04193,15,Month-to-month,76.46,1121.15,Bank transfer (automatic),3,Fiber optic,No,No
CUST-04194,36,Month-to-month,52.57,1938.13,Credit card (automatic),1,DSL,No,No
CUST-04195,41,Two year,75.9,3143.67,Credit card (automatic),1,Fiber optic,Yes,No
CUST-04196,46,Two year,80.45,3735.89,Mailed check,0,Fiber optic,Yes,No
CUST-04197,53,Two year,21.21,1141.44,Bank transfer (automatic),4,No,Yes,Yes
CUST-04198,6,Month-to-month,103.24,626.12,Bank transfer (automatic),5,Fiber optic,Yes,Yes
CUST-04199,11,Month-to-month,69.0,758.03,Credit card (automatic),4,DSL,Yes,Yes
CUST-04200,32,Two year,58.68,1841.84,Electronic check,1,DSL,Yes,No
CUST-04201,50,Month-to-month,84.29,4153.51,Credit card (automatic),3,Fiber optic,Yes,Yes
CUST-04202,50,Month-to-month,109.47,5393.10,Electronic check,2,Fiber optic,Yes,No
CUST-04203,21,Two year,21.53,458.67,Bank transfer (automatic),0,No,No,No
CUST-04204,25,Month-to-month,22.45,551.53,Mailed check,4,No,Yes,Yes
CUST-04205,4,Month-to-month,20.25,80.01,Electronic check,0,No,Yes,No
CUST-04206,4,Month-to-month,73.24,295.20,Bank transfer (automatic),0,Fiber optic,Yes,No
CUST-04207,24,Month-to-month,48.49,1133.80,Credit card (automatic),2,DSL,No,No
CUST-04208,5,Month-to-month,23.6,119.31,Credit card (automatic),3,No,No,No
CUST-04209,2,Month-to-month,52.57,105.68,Electronic check,4,DSL,No,Yes
CUST-04210,31,Month-to-month,19.2,592.24,Bank transfer (automatic),1,No,No,No
CUST-04211,54,Month-to-month,101.3,5321.14,Bank transfer (automatic),0,Fiber optic,Yes,No
CUST-04212,12,Two year,59.9,707.20,Electronic check,0,DSL,No,No
CUST-04213,34,Two year,43.35,1454.61,Electronic check,3,DSL,Yes,No
CUST-04214,21,Two year,25.68,523.81,Electronic check,1,No,No,No
CUST-04215,16,One year,21.12,331.03,Mailed check,0,No,No,No
CUST-04216,2,Month-to-month,101.94,197.88,Bank transfer (automatic),3,Fiber optic,No,Yes
CUST-04217,32,Month-to-month,117.95,3671.95,Credit card (automatic),1,Fiber optic,Yes,Yes
CUST-04218,4,Month-to-month,65.6,256.41,Credit card (automatic),4,DSL,Yes,No
CUST-04219,10,Month-to-month,53.84,533.19,Electronic check,0,DSL,No,Yes
CUST-04220,69,Two year,21.91,1497.67,Electronic check,0,No,Yes,No
CUST-04221,1,Month-to-month,75.01,76.44,Credit card (automatic),1,Fiber optic,Yes,No
CUST-04222,42,Two year,19.52,822.19,Bank transfer (automatic),1,No,Yes,No
CUST-04223,2,Month-to-month,53.84,104.82,Credit card (automatic),2,DSL,No,No
CUST-04224,29,One year,18.89,532.87,Electronic check,3,No,No,No
CUST-04225,14,Two year,19.1,264.93,Bank transfer (automatic),3,No,Yes,No
CUST-04226,13,Month-to-month,24.55,322.27,Credit card (automatic),0,No,Yes,Yes
CUST-04227,65,Two year,51.59,3364.14,Credit card (automatic),0,DSL,Yes,No
CUST-04228,1,Month-to-month,20.67,20.27,Electronic check,4,No,Yes,No
CUST-04229,69,One year,19.55,1349.78,Credit card (automatic),1,No,Yes,No
CUST-04230,13,One year,57.21,758.44,Mailed check,2,DSL,Yes,Yes
CUST-04231,21,Month-to-month,104.02,2145.53,Bank transfer (automatic),1,Fiber optic,Yes,Yes
CUST-04232,9,Two year,25.34,229.73,Bank transfer (automatic),2,No,No,No
CUST-04233,3,Month-to-month,96.27,296.12,Electronic check,2,Fiber optic,Yes,Yes
CUST-04234,59,Month-to-month,20.5,1214.61,Mailed check,2,No,Yes,No
CUST-04235,40,One year,61.06,2499.92,Credit card (automatic),4,DSL,Yes,Yes
CUST-04236,2,One year,76.22,149.77,Electronic check,2,Fiber optic,No,Yes
CUST-04237,2,One year,67.15,133.65,Electronic check,3,DSL,Yes,No
CUST-04238,10,Month-to-month,54.46,546.96,Credit card (automatic),3,DSL,No,No
CUST-04239,17,Two year,116.06,1926.20,Credit card (automatic),1,Fiber optic,Yes,No
CUST-04240,29,Month-to-month,66.47,1936.02,Credit card (automatic),2,DSL,Yes,No
CUST-04241,42,Month-to-month,21.82,916.06,Electronic check,2,No,No,Yes
CUST-04242,45,Two year,19.98,902.16,Mailed check,1,No,Yes,No
CUST-04243,15,Two year,45.85,698.81,Credit card (automatic),2,DSL,No,No
CUST-04244,6,Month-to-month,79.17,467.81,Credit card (automatic),1,Fiber optic,Yes,Yes
CUST-04245,38,One year,63.25,2398.69,Electronic check,4,DSL,No,Yes
CUST-04246,65,Two year,95.33,6191.88,Mailed check,1,Fiber optic,No,No
CUST-04247,11,Month-to-month,18.32,204.37,Mailed check,4,No,Yes,Yes
CUST-04248,0,One year,23.83, ,Bank transfer (automatic),4,No,No,Yes
CUST-04249,45,Two year,71.96,3259.55,Mailed check,3,Fiber optic,Yes,Yes
CUST-04250,29,One year,45.34,1344.89,Electronic check,7,DSL,Yes,Yes
CUST-04251,3,Month-to-month,104.7,305.84,Electronic check,1,Fiber optic,Yes,No
CUST-04252,53,Two year,101.5,5301.70,Electronic check,0,Fiber optic,Yes,No
CUST-04253,32,Month-to-month,80.5,2542.26,Credit card (automatic),1,Fiber optic,Yes,No
CUST-04254,9,Month-to-month,102.31,939.35,Credit card (automatic),6,Fiber optic,Yes,No
CUST-04255,64,Two year,43.19,2696.23,Credit card (automatic),0,DSL,Yes,No
CUST-04256,40,One year,20.34,830.02,Credit card (automatic),2,No,No,No
CUST-04257,43,One year,107.03,4663.41,Mailed check,3,Fiber optic,Yes,No
CUST-04258,13,Month-to-month,21.81,278.37,Bank transfer (automatic),4,No,No,Yes
CUST-04259,7,Month-to-month,111.71,789.96,Electronic check,0,Fiber optic,Yes,Yes
CUST-04260,42,Month-to-month,77.0,3174.61,Electronic check,0,Fiber optic,Yes,Yes
CUST-04261,44,Month-to-month,73.9,3208.85,Electronic check,3,DSL,No,No
CUST-04262,69,Two year,60.2,4196.65,Bank transfer (automatic),0,DSL,Yes,No
CUST-04263,6,Month-to-month,74.95,444.00,Electronic check,5,Fiber optic,Yes,Yes
CUST-04264,22,One year,44.2,946.28,Credit card (automatic),0,DSL,Yes,No
CUST-04265,39,Two year,42.55,1644.89,Bank transfer (automatic),2,DSL,No,No
CUST-04266,4,Month-to-month,65.69,264.91,Bank transfer (automatic),2,DSL,Yes,No
CUST-04267,8,One year,80.83,634.63,Electronic check,2,Fiber optic,No,No
CUST-04268,5,One year,77.12,392.51,Bank transfer (automatic),2,Fiber optic,No,No
CUST-04269,11,Month-to-month,99.32,1068.00,Credit card (automatic),1,Fiber optic,Yes,Yes
CUST-04270,15,Month-to-month,89.95,1364.75,Electronic check,0,Fiber optic,No,No
CUST-04271,11,Month-to-month,21.62,235.31,Electronic check,4,No,Yes,Yes
CUST-04272,1,Month-to-month,76.53,76.80,Credit card (automatic),1,Fiber optic,No,No
CUST-04273,0,Month-to-month,51.72, ,Credit card (automatic),2,DSL,No,Yes
CUST-04274,52,Month-to-month,18.99,1013.40,Bank transfer (automatic),3,No,No,Yes
CUST-04275,11,Month-to-month,20.76,234.95,Bank transfer (automatic),2,No,No,No
CUST-04276,20,Month-to-month,85.04,1703.93,Electronic check,2,Fiber optic,Yes,Yes
CUST-04277,32,Two year,24.08,753.99,Credit card (automatic),1,No,No,No
CUST-04278,31,Month-to-month,25.65,812.06,Bank transfer (automatic),4,No,Yes,No
CUST-04279,56,One year,78.87,4480.05,Electronic check,1,DSL,No,No
CUST-04280,7,Month-to-month,56.55,396.26,Credit card (automatic),2,DSL,No,No
CUST-04281,8,Month-to-month,71.37,564.35,Bank transfer (automatic),1,DSL,No,Yes
CUST-04282,22,Two year,20.34,446.59,Bank transfer (automatic),0,No,Yes,No
CUST-04283,44,One year,47.71,2079.35,Bank transfer (automatic),4,DSL,Yes,Yes
CUST-04284,14,One year,101.2,1437.76,Bank transfer (automatic),0,Fiber optic,No,Yes
CUST-04285,25,One year,21.83,553.71,Electronic check,0,No,Yes,No
CUST-04286,48,Two year,98.94,4608.92,Electronic check,3,Fiber optic,No,No
CUST-04287,71,One year,55.83,3874.17,Credit card (automatic),1,DSL,Yes,No
CUST-04288,62,Two year,53.49,3320.01,Mailed check,3,DSL,No,No
CUST-04289,55,Two year,76.27,4276.80,Electronic check,2,DSL,Yes,No
CUST-04290,47,Two year,74.66,3605.15,Electronic check,3,DSL,No,No
CUST-04291,27,One year,76.03,2068.53,Mailed check,1,Fiber optic,Yes,No
CUST-04292,71,One year,101.8,7152.92,Credit card (automatic),3,Fiber optic,Yes,Yes
CUST-04293,33,Month-to-month,87.45,2839.02,Mailed check,2,Fiber optic,No,Yes
CUST-04294,57,Two year,22.51,1309.67,Credit card (automatic),0,No,No,No
CUST-04295,26,One year,50.04,1329.09,Mailed check,1,DSL,Yes,No
CUST-04296,69,One year,105.28,7263.83,Electronic check,8,Fiber optic,No,Yes
CUST-04297,9,Month-to-month,85.1,766.46,Electronic check,4,Fiber optic,Yes,Yes
CUST-04298,6,Two year,103.57,610.89,Credit card (automatic),3,Fiber optic,Yes,No
CUST-04299,59,Two year,76.98,4530.78,Electronic check,0,Fiber optic,Yes,No
CUST-04300,46,Month-to-month,19.25,892.04,Bank transfer (automatic),1,No,Yes,No
CUST-04301,33,Month-to-month,55.16,1807.03,Bank transfer (automatic),2,DSL,Yes,Yes
CUST-04302,43,Two year,78.8,3467.47,Electronic check,1,DSL,Yes,No
CUST-04303,49,Two year,73.84,3700.16,Credit card (automatic),2,DSL,Yes,No
CUST-04304,10,Month-to-month,100.26,1028.16,Electronic check,1,Fiber optic,No,Yes
CUST-04305,9,Month-to-month,53.74,469.92,Electronic check,6,DSL,No,No
CUST-04306,2,Month-to-month,48.47,94.61,Electronic check,2,DSL,Yes,No
CUST-04307,27,Month-to-month,23.83,628.35,Bank transfer (automatic),0,No,Yes,No
CUST-04308,17,One year,49.93,853.35,Bank transfer (automatic),1,DSL,Yes,No
CUST-04309,59,Two year,90.06,5205.69,Bank transfer (automatic),0,Fiber optic,Yes,No
CUST-04310,5,Month-to-month,61.76,308.87,Mailed check,2,DSL,No,No
CUST-04311,22,One year,74.51,1670.27,Electronic check,1,Fiber optic,Yes,No
CUST-04312,42,Two year,70.87,3011.40,Electronic check,1,DSL,Yes,No
CUST-04313,35,Month-to-month,115.89,3998.92,Mailed check,1,Fiber optic,No,Yes
CUST-04314,23,Month-to-month,77.15,1780.19,Bank transfer (automatic),3,Fiber optic,No,No
CUST-04315,56,One year,112.29,6333.03,Credit card (automatic),1,Fiber optic,No,No
CUST-04316,25,Two year,93.63,2328.93,Mailed check,2,Fiber optic,No,No
CUST-04317,27,Month-to-month,47.44,1253.69,Credit card (automatic),7,DSL,Yes,Yes
CUST-04318,30,Month-to-month,99.63,3055.38,Bank transfer (automatic),2,Fiber optic,No,No
CUST-04319,11,Month-to-month,115.35,1298.28,Electronic check,1,Fiber optic,No,Yes
CUST-04320,4,Two year,25.43,103.65,Electronic check,2,No,No,No
CUST-04321,24,Two year,23.65,579.99,Credit card (automatic),3,No,Yes,No
CUST-04322,0,One year,60.47, ,Electronic check,1,DSL,No,No
CUST-04323,57,One year,79.1,4555.29,Mailed check,2,Fiber optic,No,No
CUST-04324,13,Month-to-month,22.75,294.17,Electronic check,2,No,No,No
CUST-04325,3,Month-to-month,64.83,190.00,Electronic check,0,DSL,Yes,Yes
CUST-04326,42,Two year,46.54,1991.17,Credit card (automatic),2,DSL,Yes,No
CUST-04327,24,Month-to-month,20.15,476.90,Electronic check,1,No,Yes,Yes
CUST-04328,3,One year,53.69,157.90,Credit card (automatic),1,DSL,Yes,Yes
CUST-04329,16,One year,111.91,1779.32,Electronic check,1,Fiber optic,No,Yes
CUST-04330,8,Month-to-month,22.63,182.80,Bank transfer (automatic),2,No,Yes,No
CUST-04331,22,One year,20.08,443.54,Mailed check,2,No,Yes,Yes
CUST-04332,4,Two year,20.58,82.52,Bank transfer (automatic),0,No,Yes,No
CUST-04333,7,Month-to-month,19.34,132.32,Credit card (automatic),3,No,Yes,No
CUST-04334,1,Month-to-month,72.16,70.66,Bank transfer (automatic),2,Fiber optic,Yes,No
CUST-04335,35,Month-to-month,22.07,750.16,Electronic check,0,No,No,Yes
CUST-04336,5,Month-to-month,18.49,91.06,Bank transfer (automatic),1,No,No,No
CUST-04337,21,Two year,78.61,1655.65,Bank transfer (automatic),0,DSL,No,No
CUST-04338,17,Month-to-month,70.61,1173.27,Credit card (automatic),2,DSL,Yes,No
CUST-04339,5,Month-to-month,70.81,346.77,Electronic check,0,DSL,No,No
CUST-04340,52,Two year,106.78,5637.14,Bank transfer (automatic),1,Fiber optic,No,No
CUST-04341,28,Two year,65.84,1819.52,Electronic check,1,DSL,Yes,No
CUST-04342,32,Month-to-month,73.41,2369.11,Bank transfer (automatic),3,Fiber optic,No,No
CUST-04343,40,One year,59.1,2429.28,Bank transfer (automatic),5,DSL,No,Yes
CUST-04344,12,Two year,83.6,1023.31,Electronic check,3,Fiber optic,Yes,No
CUST-04345,31,Two year,53.36,1695.82,Electronic check,2,DSL,Yes,No
CUST-04346,22,Two year,88.07,1982.86,Bank transfer (automatic),2,Fiber optic,Yes,No
CUST-04347,23,Two year,54.17,1214.65,Credit card (automatic),1,DSL,Yes,No
CUST-04348,2,Month-to-month,66.6,134.39,Mailed check,1,DSL,Yes,Yes
CUST-04349,31,Month-to-month,42.77,1350.07,Bank transfer (automatic),1,DSL,No,No
CUST-04350,6,Month-to-month,21.0,125.00,Credit card (automatic),1,No,Yes,No
CUST-04351,1,Month-to-month,76.88,74.96,Bank transfer (automatic),4,DSL,No,No
CUST-04352,15,Month-to-month,82.57,1205.14,Bank transfer (automatic),0,Fiber optic,Yes,Yes
CUST-04353,45,Month-to-month,100.29,4469.00,Bank transfer (automatic),2,Fiber optic,Yes,Yes
CUST-04354,13,Month-to-month,97.32,1287.90,Electronic check,1,Fiber optic,Yes,Yes
CUST-04355,14,Month-to-month,93.85,1330.09,Credit card (automatic),2,Fiber optic,No,Yes
CUST-04356,10,Month-to-month,19.17,194.53,Electronic check,4,No,Yes,Yes
CUST-04357,16,Month-to-month,72.92,1138.04,Electronic check,0,DSL,No,No
CUST-04358,10,One year,97.65,957.94,Credit card (automatic),1,Fiber optic,No,No
CUST-04359,58,Two year,96.26,5652.71,Credit card (automatic),1,Fiber optic,Yes,No
CUST-04360,16,One year,77.05,1268.30,Credit card (automatic),2,DSL,No,No
CUST-04361,41,One year,74.04,2975.56,Bank transfer (automatic),2,Fiber optic,Yes,No
CUST-04362,20,One year,93.96,1866.66,Electronic check,3,Fiber optic,Yes,No
CUST-04363,10,Month-to-month,23.55,234.42,Credit card (automatic),0,No,Yes,No
CUST-04364,42,Month-to-month,71.52,3071.23,Credit card (automatic),1,DSL,Yes,No
CUST-04365,2,Month-to-month,18.26,35.75,Electronic check,0,No,No,No
CUST-04366,5,Month-to-month,103.26,512.12,Credit card (automatic),3,Fiber optic,Yes,No
CUST-04367,30,Month-to-month,116.59,3481.86,Electronic check,1,Fiber optic,Yes,No
CUST-04368,38,Month-to-month,23.73,878.55,Credit card (automatic),0,No,Yes,Yes
CUST-04369,66,One year,57.75,3857.25,Credit card (automatic),1,DSL,Yes,No
CUST-04370,54,Two year,74.39,4119.16,Bank transfer (automatic),1,DSL,No,No
CUST-04371,59,Two year,74.48,4471.41,Mailed check,3,DSL,Yes,No
CUST-04372,16,Two year,67.55,1057.67,Electronic check,0,DSL,Yes,No
CUST-04373,7,Month-to-month,23.25,160.39,Electronic check,1,No,No,No
CUST-04374,19,Month-to-month,20.83,395.84,Mailed check,0,No,No,Yes
CUST-04375,35,One year,51.33,1755.12,Electronic check,2,DSL,No,Yes
CUST-04376,28,Month-to-month,65.43,1838.94,Bank transfer (automatic),5,DSL,Yes,Yes
CUST-04377,38,Two year,70.38,2622.88,Electronic check,1,Fiber optic,Yes,No
CUST-04378,9,Month-to-month,73.19,674.36,Electronic check,0,DSL,Yes,No
CUST-04379,6,Month-to-month,75.36,450.33,Bank transfer (automatic),0,DSL,No,Yes
CUST-04380,27,Two year,78.0,2062.50,Electronic check,3,Fiber optic,No,No
CUST-04381,9,Two year,63.34,562.06,Mailed check,2,DSL,No,No
CUST-04382,9,Month-to-month,78.69,688.10,Bank transfer (automatic),2,Fiber optic,Yes,No
CUST-04383,8,Month-to-month,94.11,747.32,Electronic check,3,Fiber optic,No,No
CUST-04384,69,Two year,23.04,1580.35,Credit card (automatic),0,No,Yes,No
CUST-04385,44,Two year,89.04,3944.01,Mailed check,2,Fiber optic,No,Yes
CUST-04386,41,Two year,75.07,3034.18,Credit card (automatic),1,DSL,No,No
CUST-04387,12,One year,113.45,1392.95,Credit card (automatic),1,Fiber optic,Yes,Yes
CUST-04388,1,Month-to-month,95.87,93.53,Credit card (automatic),1,Fiber optic,Yes,No
CUST-04389,55,Month-to-month,63.63,3565.29,Electronic check,1,DSL,Yes,No
CUST-04390,25,Two year,70.13,1738.42,Electronic check,3,Fiber optic,Yes,No
CUST-04391,15,Two year,86.47,1269.00,Bank transfer (automatic),6,Fiber optic,No,Yes
CUST-04392,52,One year,107.09,5534.99,Mailed check,1,Fiber optic,No,Yes
CUST-04393,48,Two year,78.68,3829.28,Credit card (automatic),3,DSL,Yes,No
CUST-04394,37,One year,76.91,2787.18,Credit card (automatic),1,DSL,No,No
CUST-04395,17,Month-to-month,74.61,1232.95,Electronic check,2,Fiber optic,No,No
CUST-04396,39,Two year,21.38,818.39,Bank transfer (automatic),2,No,Yes,No
CUST-04397,32,One year,72.66,2352.84,Bank transfer (automatic),2,Fiber optic,Yes,No
CUST-04398,54,Month-to-month,72.98,3897.51,Credit card (automatic),0,DSL,Yes,No
CUST-04399,2,Month-to-month,69.07,142.04,Electronic check,0,DSL,Yes,No
CUST-04400,11,Two year,25.16,269.43,Bank transfer (automatic),2,No,No,No
CUST-04401,3,Month-to-month,60.76,185.97,Credit card (automatic),0,DSL,Yes,Yes
CUST-04402,11,One year,19.02,214.71,Credit card (automatic),0,No,Yes,No
CUST-04403,58,One year,98.47,5635.70,Bank transfer (automatic),4,Fiber optic,Yes,No
CUST-04404,25,One year,74.06,1845.00,Electronic check,4,DSL,No,Yes
CUST-04405,19,One year,44.32,844.95,Credit card (automatic),3,DSL,No,No
CUST-04406,6,One year,109.72,654.41,Mailed check,3,Fiber optic,No,No
CUST-04407,22,Month-to-month,100.4,2172.69,Credit card (automatic),3,Fiber optic,Yes,Yes
CUST-04408,14,One year,47.31,656.80,Credit card (automatic),1,DSL,No,No
CUST-04409,57,Two year,102.13,5885.59,Credit card (automatic),0,Fiber optic,No,No
CUST-04410,4,One year,73.03,290.04,Electronic check,2,Fiber optic,Yes,No
CUST-04411,47,One year,78.5,3656.31,Mailed check,3,Fiber optic,No,Yes
CUST-04412,49,One year,18.69,902.73,Electronic check,1,No,Yes,No
CUST-04413,47,Month-to-month,98.49,4761.60,Credit card (automatic),3,Fiber optic,No,No
CUST-04414,18,One year,84.03,1551.20,Bank transfer (automatic),0,Fiber optic,Yes,No
CUST-04415,0,Month-to-month,53.0, ,Electronic check,1,DSL,Yes,Yes
CUST-04416,41,Two year,23.1,962.95,Electronic check,0,No,Yes,No
CUST-04417,38,Month-to-month,46.5,1812.25,Bank transfer (automatic),0,DSL,Yes,Yes
CUST-04418,6,Two year,23.0,137.76,Bank transfer (automatic),1,No,No,No
CUST-04419,58,Month-to-month,23.48,1348.73,Electronic check,0,No,No,No
CUST-04420,3,Month-to-month,24.68,75.15,Mailed check,3,No,Yes,No
CUST-04421,8,Month-to-month,66.94,541.14,Credit card (automatic),1,DSL,No,No
CUST-04422,17,Two year,66.28,1154.52,Electronic check,2,DSL,Yes,No
CUST-04423,43,Two year,102.01,4286.23,Electronic check,2,Fiber optic,No,No
CUST-04424,15,Month-to-month,44.0,670.60,Bank transfer (automatic),0,DSL,No,No
CUST-04425,63,One year,91.53,5743.20,Bank transfer (automatic),1,Fiber optic,Yes,No
CUST-04426,9,Two year,96.87,886.57,Electronic check,0,Fiber optic,Yes,No
CUST-04427,30,Two year,102.42,3068.14,Credit card (automatic),1,Fiber optic,No,Yes
CUST-04428,5,Month-to-month,84.2,425.12,Mailed check,2,Fiber optic,No,No
CUST-04429,14,Month-to-month,103.05,1458.67,Credit card (automatic),4,Fiber optic,Yes,Yes
CUST-04430,1,One year,89.3,90.46,Mailed check,3,Fiber optic,Yes,No
CUST-04431,54,Two year,68.54,3693.36,Mailed check,2,DSL,Yes,No
CUST-04432,50,Two year,49.24,2478.41,Electronic check,2,DSL,No,No
CUST-04433,47,Two year,53.59,2562.61,Credit card (automatic),4,DSL,Yes,No
CUST-04434,40,Two year,116.29,4641.14,Electronic check,2,Fiber optic,Yes,No
CUST-04435,40,Two year,23.93,933.81,Electronic check,1,No,Yes,No
CUST-04436,20,Two year,113.81,2258.41,Electronic check,1,Fiber optic,Yes,No
CUST-04437,6,One year,49.79,296.56,Bank transfer (automatic),0,DSL,Yes,No
CUST-04438,28,One year,76.82,2211.89,Bank transfer (automatic),3,DSL,Yes,No
CUST-04439,39,Two year,69.59,2738.24,Electronic check,0,DSL,No,No
CUST-04440,17,One year,98.79,1689.89,Bank transfer (automatic),2,Fiber optic,Yes,No
CUST-04441,12,One year,70.62,844.88,Electronic check,0,Fiber optic,Yes,No
CUST-04442,10,Month-to-month,18.64,181.43,Electronic check,2,No,Yes,No
CUST-04443,41,Month-to-month,107.66,4509.73,Credit card (automatic),1,Fiber optic,No,No
CUST-04444,14,One year,66.85,951.79,Bank transfer (automatic),4,DSL,No,Yes
CUST-04445,11,One year,50.28,538.63,Credit card (automatic),0,DSL,Yes,No
CUST-04446,28,Month-to-month,21.56,600.04,Electronic check,0,No,No,No
CUST-04447,2,Month-to-month,101.98,208.51,Electronic check,0,Fiber optic,Yes,Yes
CUST-04448,25,Month-to-month,43.06,1071.52,Electronic check,0,DSL,No,Yes
CUST-04449,21,Two year,23.33,483.83,Electronic check,0,No,Yes,No
CUST-04450,7,Month-to-month,89.58,616.96,Bank transfer (automatic),3,Fiber optic,No,No
CUST-04451,4,One year,74.62,293.79,Bank transfer (automatic),1,Fiber optic,No,Yes
CUST-04452,22,One year,48.45,1048.53,Mailed check,2,DSL,No,No
CUST-04453,0,Two year,90.8, ,Mailed check,0,Fiber optic,Yes,Yes
CUST-04454,3,Two year,22.95,67.27,Electronic check,0,No,Yes,No
CUST-04455,2,One year,55.03,108.83,Bank transfer (automatic),2,DSL,No,Yes
CUST-04456,27,One year,75.37,2072.55,Electronic check,2,Fiber optic,Yes,Yes
CUST-04457,7,Month-to-month,72.58,518.98,Credit card (automatic),1,DSL,Yes,No
CUST-04458,37,Month-to-month,94.39,3399.03,Credit card (automatic),4,Fiber optic,Yes,No
CUST-04459,23,Month-to-month,20.37,469.90,Bank transfer (automatic),2,No,Yes,No
CUST-04460,4,Month-to-month,103.31,421.42,Mailed check,2,Fiber optic,No,No
CUST-04461,1,Month-to-month,54.74,54.01,Electronic check,1,DSL,Yes,No
CUST-04462,69,One year,87.63,5970.40,Credit card (automatic),2,Fiber optic,No,No
CUST-04463,9,Month-to-month,52.61,476.83,Credit card (automatic),1,DSL,Yes,Yes
CUST-04464,1,Month-to-month,20.96,21.01,Credit card (automatic),1,No,Yes,Yes
CUST-04465,24,Month-to-month,82.79,2003.82,Credit card (automatic),3,Fiber optic,No,Yes
CUST-04466,43,One year,117.89,4990.47,Credit card (automatic),3,Fiber optic,Yes,No
CUST-04467,10,Month-to-month,20.18,196.54,Bank transfer (automatic),2,No,Yes,Yes
CUST-04468,62,Two year,66.05,4016.08,Electronic check,0,DSL,Yes,No
CUST-04469,1,Month-to-month,49.49,48.33,Electronic check,1,DSL,No,No
CUST-04470,49,Month-to-month,22.43,1066.70,Mailed check,3,No,Yes,Yes
CUST-04471,24,One year,22.07,526.21,Bank transfer (automatic),2,No,No,No
CUST-04472,27,One year,96.99,2593.46,Mailed check,1,Fiber optic,No,No
CUST-04473,14,Two year,87.38,1256.09,Mailed check,3,Fiber optic,No,Yes
CUST-04474,7,One year,74.2,516.83,Electronic check,1,DSL,Yes,No
CUST-04475,28,Month-to-month,84.52,2424.41,Credit card (automatic),1,Fiber optic,Yes,No
CUST-04476,61,Two year,24.79,1531.13,Electronic check,0,No,No,No
CUST-04477,15,One year,89.81,1382.32,Credit card (automatic),1,Fiber optic,No,No
CUST-04478,17,One year,101.8,1709.32,Electronic check,5,Fiber optic,Yes,No
CUST-04479,65,Two year,18.33,1214.74,Bank transfer (automatic),2,No,No,No
CUST-04480,32,Month-to-month,91.5,2893.12,Bank transfer (automatic),2,Fiber optic,Yes,No
CUST-04481,4,Month-to-month,101.67,399.16,Credit card (automatic),0,Fiber optic,No,No
CUST-04482,10,Month-to-month,84.51,841.06,Bank transfer (automatic),1,Fiber optic,No,No
CUST-04483,65,Two year,54.2,3441.36,Mailed check,1,DSL,Yes,No
CUST-04484,9,Month-to-month,89.35,826.65,Electronic check,1,Fiber optic,Yes,Yes
CUST-04485,11,Month-to-month,20.27,222.69,Credit card (automatic),2,No,Yes,No
CUST-04486,31,Two year,99.4,3013.82,Mailed check,2,Fiber optic,No,No
CUST-04487,47,Two year,72.4,3314.84,Credit card (automatic),3,Fiber optic,No,No
CUST-04488,11,Month-to-month,110.52,1252.10,Electronic check,3,Fiber optic,No,No
CUST-04489,1,Month-to-month,116.8,117.71,Mailed check,1,Fiber optic,No,Yes
CUST-04490,14,Month-to-month,78.08,1087.37,Mailed check,2,Fiber optic,Yes,Yes
CUST-04491,5,Month-to-month,50.69,248.76,Mailed check,2,DSL,No,No
CUST-04492,8,Two year,25.37,200.94,Electronic check,2,No,No,No
CUST-04493,47,Two year,19.48,937.58,Electronic check,1,No,Yes,Yes
CUST-04494,31,Two year,19.05,591.32,Mailed check,0,No,No,No
CUST-04495,56,Two year,24.2,1337.59,Credit card (automatic),1,No,Yes,No
CUST-04496,16,One year,103.04,1689.59,Bank transfer (automatic),0,Fiber optic,Yes,Yes
CUST-04497,6,Month-to-month,103.14,631.78,Electronic check,3,Fiber optic,Yes,No
CUST-04498,39,Two year,50.75,1945.07,Bank transfer (automatic),1,DSL,Yes,No
CUST-04499,28,Two year,56.18,1569.87,Bank transfer (automatic),2,DSL,Yes,No
CUST-04500,64,One year,77.77,5052.90,Bank transfer (automatic),2,Fiber optic,Yes,No
CUST-04501,56,Two year,19.46,1064.96,Electronic check,3,No,Yes,No
CUST-04502,29,Two year,94.16,2731.79,Bank transfer (automatic),4,Fiber optic,Yes,Yes
CUST-04503,10,Month-to-month,23.3,231.07,Electronic check,1,No,Yes,Yes
CUST-04504,25,One year,85.64,2146.78,Electronic check,0,Fiber optic,Yes,No
CUST-04505,18,One year,93.17,1677.26,Electronic check,4,Fiber optic,Yes,No
CUST-04506,69,Two year,55.18,3742.03,Electronic check,2,DSL,No,No
CUST-04507,10,Month-to-month,114.6,1157.20,Credit card (automatic),1,Fiber optic,Yes,Yes
CUST-04508,40,One year,23.53,917.68,Mailed check,3,No,No,No
CUST-04509,26,Month-to-month,22.94,588.92,Credit card (automatic),1,No,Yes,Yes
CUST-04510,57,Month-to-month,69.08,3885.02,Credit card (automatic),0,DSL,No,No
CUST-04511,18,Month-to-month,20.26,372.86,Bank transfer (automatic),1,No,Yes,Yes
CUST-04512,59,Two year,115.33,7005.63,Credit card (automatic),3,Fiber optic,Yes,No
CUST-04513,15,One year,49.76,733.07,Electronic check,2,DSL,Yes,No
CUST-04514,36,Month-to-month,76.73,2776.31,Electronic check,2,Fiber optic,No,No
CUST-04515,30,One year,114.17,3495.08,Credit card (automatic),2,Fiber optic,No,No
CUST-04516,59,One year,82.67,4795.01,Credit card (automatic),2,Fiber optic,Yes,No
CUST-04517,0,Month-to-month,111.36, ,Bank transfer (automatic),1,Fiber optic,No,No
CUST-04518,8,Two year,84.51,693.71,Bank transfer (automatic),2,Fiber optic,No,No
CUST-04519,22,Month-to-month,84.36,1857.95,Electronic check,3,Fiber optic,No,No
CUST-04520,4,Month-to-month,116.69,480.42,Bank transfer (automatic),2,Fiber optic,Yes,Yes
CUST-04521,57,Month-to-month,77.64,4503.38,Bank transfer (automatic),3,DSL,Yes,No
CUST-04522,10,Two year,116.89,1171.38,Electronic check,1,Fiber optic,Yes,No
CUST-04523,16,Two year,76.69,1218.12,Credit card (automatic),6,Fiber optic,No,Yes
CUST-04524,38,Two year,63.31,2448.61,Electronic check,0,DSL,Yes,No
CUST-04525,2,Two year,43.83,88.23,Credit card (automatic),3,DSL,No,No
CUST-04526,29,Month-to-month,103.47,3001.91,Credit card (automatic),1,Fiber optic,Yes,Yes
CUST-04527,5,Month-to-month,23.28,113.87,Credit card (automatic),3,No,Yes,No
CUST-04528,6,Month-to-month,25.69,155.26,Mailed check,2,No,No,Yes
CUST-04529,6,Two year,74.45,449.52,Electronic check,0,DSL,Yes,No
CUST-04530,53,Two year,50.44,2669.42,Electronic check,3,DSL,No,No
CUST-04531,24,Two year,21.58,509.21,Electronic check,0,No,Yes,No
CUST-04532,3,Month-to-month,20.18,59.78,Bank transfer (automatic),1,No,Yes,No
CUST-04533,13,One year,18.61,238.44,Credit card (automatic),3,No,Yes,Yes
CUST-04534,1,Month-to-month,21.12,20.96,Electronic check,0,No,No,No
CUST-04535,13,Two year,19.06,246.47,Credit card (automatic),0,No,Yes,No
CUST-04536,30,Two year,107.29,3157.25,Mailed check,1,Fiber optic,Yes,No
CUST-04537,26,Month-to-month,56.68,1477.02,Electronic check,1,DSL,No,Yes
CUST-04538,9,Month-to-month,43.64,398.61,Credit card (automatic),2,DSL,No,No
CUST-04539,8,Month-to-month,83.2,653.88,Credit card (automatic),5,Fiber optic,Yes,Yes
CUST-04540,45,Two year,86.22,3990.21,Electronic check,1,Fiber optic,Yes,Yes
CUST-04541,35,Month-to-month,59.0,2025.64,Credit card (automatic),0,DSL,No,No
CUST-04542,4,Month-to-month,67.3,272.98,Bank transfer (automatic),1,DSL,No,Yes
CUST-04543,0,Month-to-month,24.16, ,Electronic check,3,No,No,No
CUST-04544,54,One year,118.06,6443.37,Mailed check,2,Fiber optic,Yes,No
CUST-04545,10,Two year,24.66,240.89,Credit card (automatic),1,No,Yes,No
CUST-04546,12,Month-to-month,92.31,1133.78,Electronic check,1,Fiber optic,No,Yes
CUST-04547,12,Two year,75.14,901.92,Electronic check,4,Fiber optic,No,Yes
CUST-04548,4,Month-to-month,102.37,400.19,Bank transfer (automatic),3,Fiber optic,Yes,Yes
CUST-04549,35,Month-to-month,21.42,739.51,Electronic check,3,No,No,No
CUST-04550,32,Month-to-month,89.77,2839.51,Bank transfer (automatic),1,Fiber optic,No,Yes
CUST-04551,32,Two year,86.47,2721.22,Electronic check,2,Fiber optic,Yes,No
CUST-04552,6,Month-to-month,19.52,117.62,Credit card (automatic),4,No,No,Yes
CUST-04553,14,Two year,74.33,1037.94,Mailed check,2,Fiber optic,No,Yes
CUST-04554,29,One year,109.92,3134.94,Credit card (automatic),3,Fiber optic,Yes,Yes
CUST-04555,3,Month-to-month,79.02,238.48,Mailed check,1,Fiber optic,No,Yes
CUST-04556,36,Two year,23.5,861.95,Electronic check,1,No,No,No
CUST-04557,13,Month-to-month,23.7,314.82,Bank transfer (automatic),1,No,Yes,Yes
CUST-04558,13,Month-to-month,53.69,695.95,Bank transfer (automatic),2,DSL,Yes,No
CUST-04559,2,Month-to-month,97.12,199.49,Mailed check,5,Fiber optic,Yes,No
CUST-04560,10,Month-to-month,23.59,231.43,Bank transfer (automatic),2,No,Yes,No
CUST-04561,34,Month-to-month,76.55,2590.20,Mailed check,1,Fiber optic,No,Yes
CUST-04562,43,One year,48.66,2091.23,Electronic check,2,DSL,Yes,No
CUST-04563,16,Month-to-month,104.98,1672.27,Electronic check,2,Fiber optic,Yes,Yes
CUST-04564,68,One year,20.35,1362.39,Mailed check,4,No,No,Yes
CUST-04565,19,Two year,46.4,892.71,Credit card (automatic),1,DSL,Yes,Yes
CUST-04566,1,Month-to-month,61.44,59.92,Bank transfer (automatic),2,DSL,Yes,No
CUST-04567,3,Month-to-month,71.85,216.77,Bank transfer (automatic),2,DSL,No,Yes
CUST-04568,10,Month-to-month,20.55,206.66,Credit card (automatic),2,No,No,No
CUST-04569,35,One year,20.2,694.44,Credit card (automatic),4,No,No,Yes
CUST-04570,57,One year,50.06,2802.99,Electronic check,3,DSL,No,No
CUST-04571,8,One year,21.83,178.03,Electronic check,3,No,Yes,No
CUST-04572,31,Month-to-month,97.92,3078.03,Bank transfer (automatic),4,Fiber optic,No,Yes
CUST-04573,4,Month-to-month,47.4,189.29,Bank transfer (automatic),2,DSL,Yes,No
CUST-04574,2,Month-to-month,109.07,216.90,Mailed check,3,Fiber optic,Yes,Yes
CUST-04575,54,Month-to-month,61.79,3395.31,Credit card (automatic),4,DSL,No,Yes
CUST-04576,36,Month-to-month,97.43,3580.99,Bank transfer (automatic),3,Fiber optic,Yes,Yes
CUST-04577,60,Month-to-month,46.78,2839.68,Electronic check,1,DSL,Yes,No
CUST-04578,11,Month-to-month,100.38,1080.12,Mailed check,1,Fiber optic,No,Yes
CUST-04579,13,Month-to-month,103.07,1327.90,Credit card (automatic),3,Fiber optic,Yes,No
CUST-04580,43,Month-to-month,21.28,892.94,Electronic check,1,No,Yes,Yes
CUST-04581,28,Month-to-month,99.21,2819.22,Credit card (automatic),3,Fiber optic,No,Yes
CUST-04582,16,Month-to-month,51.0,810.64,Credit card (automatic),2,DSL,Yes,No
CUST-04583,24,Two year,101.16,2370.81,Mailed check,2,Fiber optic,No,No
CUST-04584,57,Two year,61.9,3583.63,Electronic check,0,DSL,No,No
CUST-04585,14,Month-to-month,63.71,891.30,Electronic check,2,DSL,Yes,Yes
CUST-04586,16,Month-to-month,82.27,1322.25,Electronic check,1,Fiber optic,No,No
CUST-04587,20,One year,108.47,2112.50,Bank transfer (automatic),0,Fiber optic,Yes,No
CUST-04588,61,Month-to-month,110.27,6699.65,Electronic check,2,Fiber optic,Yes,Yes
CUST-04589,32,Month-to-month,46.31,1455.24,Credit card (automatic),0,DSL,No,Yes
CUST-04590,36,Month-to-month,112.3,4054.12,Mailed check,3,Fiber optic,Yes,Yes
CUST-04591,49,One year,107.82,5314.87,Credit card (automatic),3,Fiber optic,Yes,No
CUST-04592,6,Month-to-month,62.64,375.49,Credit card (automatic),3,DSL,No,No
CUST-04593,11,Month-to-month,44.51,479.83,Credit card (automatic),2,DSL,No,No
CUST-04594,49,Two year,61.55,3089.83,Mailed check,1,DSL,No,Yes
CUST-04595,17,Two year,21.76,372.74,Mailed check,0,No,No,No
CUST-04596,14,One year,50.63,699.55,Credit card (automatic),3,DSL,No,Yes
CUST-04597,33,Two year,72.84,2428.23,Bank transfer (automatic),0,DSL,Yes,No
CUST-04598,11,Month-to-month,54.17,605.52,Mailed check,1,DSL,Yes,Yes
CUST-04599,25,Month-to-month,63.62,1598.91,Credit card (automatic),3,DSL,Yes,Yes
CUST-04600,20,One year,58.9,1162.87,Electronic check,4,DSL,Yes,Yes
CUST-04601,11,Month-to-month,24.84,278.67,Credit card (automatic),1,No,Yes,No
CUST-04602,30,One year,22.01,646.05,Electronic check,2,No,No,No
CUST-04603,17,Month-to-month,83.55,1450.50,Bank transfer (automatic),1,Fiber optic,Yes,Yes
CUST-04604,54,Month-to-month,23.67,1242.89,Bank transfer (automatic),2,No,No,No
CUST-04605,2,One year,24.01,48.47,Bank transfer (automatic),2,No,No,No
CUST-04606,28,Two year,25.26,723.72,Mailed check,1,No,No,No
CUST-04607,20,Two year,106.38,2128.80,Bank transfer (automatic),2,Fiber optic,Yes,Yes
CUST-04608,10,One year,44.31,450.12,Bank transfer (automatic),0,DSL,Yes,No
CUST-04609,55,Two year,110.42,6133.83,Bank transfer (automatic),2,Fiber optic,Yes,No
CUST-04610,6,Month-to-month,93.51,552.14,Electronic check,4,Fiber optic,Yes,Yes
CUST-04611,1,Month-to-month,77.13,77.48,Electronic check,1,Fiber optic,No,No
CUST-04612,13,One year,25.59,328.37,Bank transfer (automatic),0,No,Yes,No
CUST-04613,8,Month-to-month,66.16,544.63,Electronic check,2,DSL,Yes,No
CUST-04614,3,Two year,113.5,347.22,Credit card (automatic),2,Fiber optic,Yes,No
CUST-04615,34,Month-to-month,78.66,2734.02,Credit card (automatic),3,Fiber optic,No,No
CUST-04616,10,Month-to-month,70.76,727.79,Mailed check,3,DSL,Yes,Yes
CUST-04617,37,Two year,99.08,3576.04,Bank transfer (automatic),1,Fiber optic,Yes,Yes
CUST-04618,55,One year,88.83,4811.87,Mailed check,2,Fiber optic,No,No
CUST-04619,54,Two year,80.42,4369.58,Electronic check,1,Fiber optic,Yes,No
CUST-04620,20,One year,86.61,1680.46,Bank transfer (automatic),3,Fiber optic,No,No
CUST-04621,10,Month-to-month,22.26,217.88,Credit card (automatic),1,No,Yes,Yes
CUST-04622,29,Month-to-month,23.75,685.54,Electronic check,2,No,Yes,Yes
CUST-04623,35,Two year,21.52,763.84,Bank transfer (automatic),2,No,No,No
CUST-04624,1,Month-to-month,56.79,57.99,Credit card (automatic),1,DSL,No,Yes
CUST-04625,37,Month-to-month,42.81,1595.44,Credit card (automatic),2,DSL,No,No
CUST-04626,62,Two year,25.37,1537.33,Mailed check,3,No,No,No
CUST-04627,63,Two year,107.57,6617.58,Electronic check,4,Fiber optic,No,Yes
CUST-04628,1,Month-to-month,78.75,78.69,Electronic check,0,DSL,No,No
CUST-04629,14,Month-to-month,114.87,1632.99,Bank transfer (automatic),1,Fiber optic,Yes,No
CUST-04630,13,Month-to-month,112.07,1421.16,Electronic check,5,Fiber optic,No,Yes
CUST-04631,49,Month-to-month,18.69,900.84,Bank transfer (automatic),1,No,No,No
CUST-04632,50,Month-to-month,64.91,3224.69,Mailed check,3,DSL,Yes,No
CUST-04633,67,One year,50.7,3419.79,Electronic check,2,DSL,Yes,Yes
CUST-04634,20,One year,112.98,2291.64,Electronic check,1,Fiber optic,No,Yes
CUST-04635,13,Two year,109.96,1432.32,Bank transfer (automatic),4,Fiber optic,Yes,Yes
CUST-04636,56,Two year,19.53,1087.94,Electronic check,2,No,Yes,No
CUST-04637,15,Two year,108.34,1579.84,Bank transfer (automatic),1,Fiber optic,No,No
CUST-04638,51,Two year,25.65,1292.72,Mailed check,3,No,Yes,No
CUST-04639,19,Two year,20.93,394.81,Bank transfer (automatic),3,No,No,No
CUST-04640,9,Month-to-month,87.81,771.02,Mailed check,1,Fiber optic,No,Yes
CUST-04641,5,Month-to-month,71.23,355.28,Credit card (automatic),3,Fiber optic,Yes,Yes
CUST-04642,56,Two year,105.44,5946.46,Credit card (automatic),3,Fiber optic,Yes,No
CUST-04643,15,Two year,110.31,1674.42,Credit card (automatic),1,Fiber optic,No,No
CUST-04644,35,One year,72.27,2524.39,Electronic check,3,Fiber optic,No,No
CUST-04645,12,One year,116.08,1361.41,Credit card (automatic),0,Fiber optic,Yes,No
CUST-04646,43,Month-to-month,45.17,1948.98,Bank transfer (automatic),2,DSL,No,No
CUST-04647,52,Month-to-month,22.52,1146.80,Credit card (automatic),1,No,No,No
CUST-04648,48,Two year,115.21,5452.96,Credit card (automatic),2,Fiber optic,Yes,No
CUST-04649,40,One year,115.26,4508.96,Credit card (automatic),2,Fiber optic,Yes,No
CUST-04650,6,Month-to-month,19.25,112.64,Bank transfer (automatic),2,No,No,No
CUST-04651,1,One year,117.35,115.01,Electronic check,1,Fiber optic,No,No
CUST-04652,38,Month-to-month,83.18,3143.09,Credit card (automatic),4,Fiber optic,No,Yes
CUST-04653,22,Month-to-month,86.66,1899.92,Mailed check,3,Fiber optic,No,No
CUST-04654,29,Month-to-month,102.91,3007.53,Credit card (automatic),0,Fiber optic,Yes,Yes
CUST-04655,56,Two year,46.58,2547.30,Credit card (automatic),3,DSL,Yes,No
CUST-04656,6,Month-to-month,96.05,570.00,Credit card (automatic),1,Fiber optic,No,No
CUST-04657,63,One year,72.2,4620.71,Electronic check,1,DSL,Yes,No
CUST-04658,47,Two year,60.56,2911.53,Bank transfer (automatic),2,DSL,Yes,No
CUST-04659,14,Month-to-month,18.71,263.57,Electronic check,1,No,Yes,No
CUST-04660,1,One year,71.8,73.33,Credit card (automatic),1,DSL,No,No
CUST-04661,45,Two year,81.71,3653.47,Bank transfer (automatic),2,Fiber optic,Yes,No
CUST-04662,20,Month-to-month,109.27,2133.09,Bank transfer (automatic),0,Fiber optic,Yes,No
CUST-04663,49,One year,25.29,1252.54,Credit card (automatic),2,No,Yes,No
CUST-04664,35,Month-to-month,106.8,3792.91,Electronic check,2,Fiber optic,Yes,No
CUST-04665,1,Month-to-month,71.62,69.95,Electronic check,2,Fiber optic,No,Yes
CUST-04666,28,Month-to-month,23.2,634.99,Electronic check,0,No,Yes,Yes
CUST-04667,25,Month-to-month,20.29,492.09,Electronic check,0,No,No,No
CUST-04668,30,One year,79.7,2409.48,Electronic check,2,Fiber optic,No,No
CUST-04669,2,Month-to-month,70.19,139.14,Bank transfer (automatic),2,DSL,No,No
CUST-04670,0,Month-to-month,84.12, ,Mailed check,2,Fiber optic,No,No
CUST-04671,36,Two year,47.73,1710.84,Credit card (automatic),3,DSL,Yes,Yes
CUST-04672,20,Month-to-month,19.53,380.36,Mailed check,2,No,Yes,Yes
CUST-04673,36,One year,23.33,815.00,Electronic check,0,No,Yes,No
CUST-04674,37,Two year,92.3,3388.59,Credit card (automatic),1,Fiber optic,Yes,No
CUST-04675,21,Month-to-month,50.09,1063.36,Electronic check,2,DSL,Yes,Yes
CUST-04676,36,Two year,73.89,2583.11,Electronic check,3,Fiber optic,No,No
CUST-04677,55,One year,76.62,4091.61,Bank transfer (automatic),0,DSL,Yes,Yes
CUST-04678,19,Two year,118.63,2200.87,Electronic check,4,Fiber optic,Yes,Yes
CUST-04679,12,Month-to-month,21.21,261.27,Electronic check,3,No,Yes,No
CUST-04680,4,Month-to-month,51.55,209.70,Bank transfer (automatic),2,DSL,No,Yes
CUST-04681,10,One year,72.04,710.35,Electronic check,3,Fiber optic,No,Yes
CUST-04682,44,Month-to-month,53.68,2305.62,Electronic check,0,DSL,Yes,Yes
CUST-04683,4,Month-to-month,98.41,384.13,Bank transfer (automatic),1,Fiber optic,Yes,No
CUST-04684,13,Two year,95.56,1230.74,Mailed check,2,Fiber optic,Yes,No
CUST-04685,56,Month-to-month,90.05,4934.96,Credit card (automatic),1,Fiber optic,No,No
CUST-04686,17,Month-to-month,87.65,1465.87,Electronic check,3,Fiber optic,Yes,Yes
CUST-04687,51,Two year,117.69,5951.36,Bank transfer (automatic),2,Fiber optic,No,No
CUST-04688,31,Month-to-month,60.71,1876.08,Electronic check,2,DSL,No,No
CUST-04689,30,One year,42.82,1250.83,Mailed check,1,DSL,Yes,No
CUST-04690,0,Month-to-month,104.09, ,Mailed check,1,Fiber optic,No,No
CUST-04691,1,One year,98.43,100.66,Bank transfer (automatic),1,Fiber optic,No,Yes
CUST-04692,10,Month-to-month,48.26,469.60,Bank transfer (automatic),0,DSL,Yes,No
CUST-04693,2,Month-to-month,104.53,214.40,Electronic check,1,Fiber optic,No,No
CUST-04694,34,One year,43.22,1447.48,Electronic check,1,DSL,Yes,No
CUST-04695,49,Month-to-month,23.69,1143.52,Electronic check,1,No,Yes,No
CUST-04696,17,One year,47.94,834.62,Credit card (automatic),2,DSL,Yes,No
CUST-04697,8,Two year,78.34,627.65,Bank transfer (automatic),0,DSL,Yes,No
CUST-04698,52,Two year,61.12,3136.16,Credit card (automatic),2,DSL,No,No
CUST-04699,21,Month-to-month,42.89,901.95,Bank transfer (automatic),1,DSL,Yes,No
CUST-04700,0,Month-to-month,110.86, ,Credit card (automatic),3,Fiber optic,No,Yes
CUST-04701,12,Month-to-month,72.52,895.41,Credit card (automatic),0,DSL,Yes,No
CUST-04702,16,Month-to-month,70.29,1148.66,Electronic check,3,DSL,No,No
CUST-04703,15,Two year,22.28,328.70,Bank transfer (automatic),1,No,Yes,No
CUST-04704,34,Month-to-month,80.65,2668.02,Bank transfer (automatic),1,Fiber optic,Yes,No
CUST-04705,33,One year,65.8,2206.89,Electronic check,1,DSL,Yes,No
CUST-04706,28,Two year,73.37,2007.44,Electronic check,1,DSL,Yes,No
CUST-04707,5,Two year,60.45,303.83,Mailed check,1,DSL,Yes,No
CUST-04708,44,Two year,73.27,3250.68,Bank transfer (automatic),0,Fiber optic,Yes,No
CUST-04709,4,Month-to-month,117.54,463.23,Bank transfer (automatic),1,Fiber optic,Yes,No
CUST-04710,6,Month-to-month,102.99,620.45,Mailed check,0,Fiber optic,Yes,Yes
CUST-04711,60,Month-to-month,78.24,4705.40,Mailed check,2,DSL,Yes,No
CUST-04712,65,One year,49.31,3243.39,Electronic check,2,DSL,Yes,Yes
CUST-04713,2,Month-to-month,79.92,163.69,Electronic check,2,Fiber optic,No,No
CUST-04714,27,Two year,19.0,501.72,Mailed check,2,No,No,No
CUST-04715,18,Month-to-month,50.16,906.80,Bank transfer (automatic),4,DSL,Yes,Yes
CUST-04716,6,Month-to-month,75.28,452.92,Bank transfer (automatic),2,Fiber optic,No,No
CUST-04717,21,One year,83.31,1749.70,Bank transfer (automatic),2,Fiber optic,Yes,No
CUST-04718,9,One year,98.29,878.83,Credit card (automatic),3,Fiber optic,Yes,No
CUST-04719,22,Two year,72.34,1638.22,Mailed check,3,DSL,Yes,No
CUST-04720,43,Two year,46.01,2006.73,Electronic check,1,DSL,Yes,No
CUST-04721,11,Month-to-month,19.43,216.71,Electronic check,2,No,No,No
CUST-04722,18,Month-to-month,84.13,1535.51,Credit card (automatic),1,Fiber optic,Yes,No
CUST-04723,18,Month-to-month,86.74,1523.71,Electronic check,2,Fiber optic,Yes,No
CUST-04724,25,One year,113.35,2771.98,Credit card (automatic),4,Fiber optic,Yes,Yes
CUST-04725,62,Two year,81.06,4924.95,Credit card (automatic),2,Fiber optic,No,No
CUST-04726,49,Two year,76.24,3700.79,Mailed check,2,Fiber optic,Yes,No
CUST-04727,7,Month-to-month,112.6,781.91,Bank transfer (automatic),1,Fiber optic,No,No
CUST-04728,25,Two year,74.63,1838.65,Credit card (automatic),0,DSL,No,Yes
CUST-04729,6,Month-to-month,71.08,425.88,Bank transfer (automatic),1,DSL,Yes,No
CUST-04730,32,Month-to-month,88.59,2876.24,Electronic check,2,Fiber optic,Yes,Yes
CUST-04731,19,Month-to-month,75.73,1415.67,Electronic check,0,DSL,Yes,No
CUST-04732,4,Month-to-month,58.49,229.32,Electronic check,1,DSL,Yes,Yes
CUST-04733,21,Two year,108.59,2340.74,Credit card (automatic),2,Fiber optic,No,No
CUST-04734,21,Month-to-month,91.2,1874.49,Electronic check,2,Fiber optic,Yes,Yes
CUST-04735,48,One year,93.49,4609.10,Mailed check,2,Fiber optic,Yes,No
CUST-04736,9,One year,111.94,1018.94,Electronic check,4,Fiber optic,Yes,Yes
CUST-04737,0,Month-to-month,42.53, ,Credit card (automatic),7,DSL,No,No
CUST-04738,22,Month-to-month,83.36,1848.62,Bank transfer (automatic),5,Fiber optic,No,No
CUST-04739,16,One year,101.39,1652.59,Electronic check,2,Fiber optic,Yes,No
CUST-04740,30,Month-to-month,114.94,3359.18,Credit card (automatic),2,Fiber optic,Yes,Yes
CUST-04741,47,One year,70.61,3250.13,Credit card (automatic),0,Fiber optic,No,No
CUST-04742,57,Month-to-month,59.4,3299.89,Electronic check,1,DSL,No,No
CUST-04743,19,Two year,61.3,1179.64,Credit card (automatic),1,DSL,No,No
CUST-04744,4,Month-to-month,78.88,307.30,Credit card (automatic),2,DSL,Yes,Yes
CUST-04745,40,Two year,67.87,2633.57,Credit card (automatic),0,DSL,No,No
CUST-04746,34,One year,19.2,637.21,Mailed check,1,No,Yes,No
CUST-04747,2,One year,62.71,122.43,Electronic check,0,DSL,Yes,No
CUST-04748,21,Two year,19.41,396.43,Bank transfer (automatic),1,No,Yes,No
CUST-04749,11,Month-to-month,105.4,1152.42,Mailed check,0,Fiber optic,No,No
CUST-04750,2,One year,20.98,42.88,Bank transfer (automatic),1,No,No,Yes
CUST-04751,49,Two year,66.56,3308.83,Mailed check,1,DSL,No,No
CUST-04752,24,Two year,24.96,608.32,Electronic check,1,No,Yes,No
CUST-04753,5,Two year,71.32,346.92,Bank transfer (automatic),2,DSL,Yes,No
CUST-04754,4,Month-to-month,108.84,438.79,Bank transfer (automatic),1,Fiber optic,Yes,No
CUST-04755,23,One year,20.35,464.27,Credit card (automatic),1,No,Yes,No
CUST-04756,35,Two year,98.81,3558.40,Bank transfer (automatic),2,Fiber optic,Yes,No
CUST-04757,20,Two year,79.15,1555.14,Credit card (automatic),2,Fiber optic,Yes,No
CUST-04758,23,One year,80.77,1826.22,Mailed check,1,Fiber optic,Yes,No
CUST-04759,3,Month-to-month,68.27,200.15,Credit card (automatic),0,DSL,Yes,Yes
CUST-04760,45,Two year,57.31,2595.07,Electronic check,0,DSL,Yes,No
CUST-04761,6,One year,24.91,149.55,Credit card (automatic),1,No,No,No
CUST-04762,3,Two year,93.75,277.52,Credit card (automatic),2,Fiber optic,Yes,No
CUST-04763,5,Month-to-month,45.01,226.50,Electronic check,3,DSL,Yes,No
CUST-04764,51,Two year,90.22,4595.87,Credit card (automatic),2,Fiber optic,Yes,No
CUST-04765,22,Month-to-month,19.25,424.37,Bank transfer (automatic),1,No,No,Yes
CUST-04766,1,Month-to-month,78.7,77.73,Bank transfer (automatic),2,DSL,Yes,Yes
CUST-04767,13,One year,43.37,567.91,Credit card (automatic),0,DSL,No,No
CUST-04768,11,One year,22.46,253.08,Bank transfer (automatic),4,No,Yes,Yes
CUST-04769,26,Month-to-month,87.77,2234.53,Electronic check,4,Fiber optic,Yes,No
CUST-04770,30,Month-to-month,64.59,1882.04,Credit card (automatic),1,DSL,No,Yes
CUST-04771,15,One year,62.12,951.48,Electronic check,2,DSL,Yes,No
CUST-04772,22,One year,114.76,2569.84,Credit card (automatic),2,Fiber optic,Yes,No
CUST-04773,31,Two year,49.14,1500.00,Electronic check,0,DSL,No,No
CUST-04774,16,Two year,75.83,1237.09,Mailed check,3,Fiber optic,Yes,No
CUST-04775,47,Two year,74.18,3523.89,Credit card (automatic),0,DSL,Yes,No
CUST-04776,2,One year,76.42,155.58,Credit card (automatic),2,DSL,No,No
CUST-04777,39,Two year,55.43,2215.40,Electronic check,2,DSL,Yes,No
CUST-04778,24,One year,116.62,2778.26,Electronic check,5,Fiber optic,Yes,Yes
CUST-04779,50,Month-to-month,86.71,4414.50,Credit card (automatic),1,Fiber optic,No,No
CUST-04780,40,One year,98.49,3989.91,Credit card (automatic),3,Fiber optic,Yes,No
CUST-04781,9,Month-to-month,66.77,603.81,Bank transfer (automatic),3,DSL,No,No
CUST-04782,41,Month-to-month,118.45,4984.47,Electronic check,4,Fiber optic,Yes,Yes
CUST-04783,0,One year,48.7, ,Electronic check,0,DSL,No,No
CUST-04784,3,Month-to-month,84.37,255.59,Mailed check,1,Fiber optic,Yes,Yes
CUST-04785,18,Two year,62.38,1128.67,Electronic check,1,DSL,Yes,No
CUST-04786,2,Month-to-month,80.46,161.71,Mailed check,1,Fiber optic,No,Yes
CUST-04787,0,One year,63.61, ,Credit card (automatic),1,DSL,Yes,Yes
CUST-04788,22,Month-to-month,24.09,533.21,Electronic check,2,No,Yes,No
CUST-04789,9,Month-to-month,24.84,228.88,Electronic check,2,No,Yes,No
CUST-04790,32,Month-to-month,54.74,1729.08,Mailed check,3,DSL,Yes,No
CUST-04791,43,One year,48.78,2123.62,Electronic check,2,DSL,Yes,No
CUST-04792,38,Two year,23.39,873.13,Bank transfer (automatic),0,No,Yes,No
CUST-04793,5,One year,67.49,332.73,Mailed check,5,DSL,Yes,Yes
CUST-04794,12,Month-to-month,58.44,707.80,Credit card (automatic),0,DSL,No,No
CUST-04795,21,Two year,22.7,477.20,Electronic check,0,No,Yes,No
CUST-04796,26,Two year,71.57,1906.08,Credit card (automatic),0,DSL,Yes,No
CUST-04797,44,Two year,105.75,4697.89,Bank transfer (automatic),7,Fiber optic,No,Yes
CUST-04798,66,One year,102.8,6746.06,Bank transfer (automatic),2,Fiber optic,No,No
CUST-04799,62,Two year,66.59,4038.13,Electronic check,1,DSL,No,No
CUST-04800,69,Two year,105.31,7084.79,Credit card (automatic),1,Fiber optic,No,No
CUST-04801,18,Two year,64.61,1162.77,Electronic check,4,DSL,No,Yes
CUST-04802,27,Month-to-month,45.58,1236.30,Bank transfer (automatic),1,DSL,Yes,No
CUST-04803,30,Two year,63.72,1909.67,Credit card (automatic),0,DSL,Yes,Yes
CUST-04804,0,Month-to-month,24.92, ,Credit card (automatic),2,No,Yes,No
CUST-04805,5,One year,71.83,357.72,Electronic check,2,Fiber optic,No,No
CUST-04806,13,Month-to-month,57.03,743.38,Credit card (automatic),1,DSL,No,Yes
CUST-04807,72,One year,56.8,4068.34,Bank transfer (automatic),1,DSL,No,No
CUST-04808,36,Two year,82.39,2888.33,Electronic check,2,Fiber optic,Yes,Yes
CUST-04809,21,One year,98.01,2014.41,Mailed check,2,Fiber optic,No,No
CUST-04810,0,Month-to-month,48.71, ,Mailed check,1,DSL,No,No
CUST-04811,67,Month-to-month,114.67,7506.13,Bank transfer (automatic),0,Fiber optic,No,No
CUST-04812,0,Month-to-month,19.42, ,Bank transfer (automatic),3,No,Yes,No
CUST-04813,0,One year,25.49, ,Bank transfer (automatic),0,No,Yes,No
CUST-04814,2,Month-to-month,70.57,139.83,Mailed check,2,Fiber optic,No,Yes
CUST-04815,11,One year,60.26,645.83,Credit card (automatic),3,DSL,No,Yes
CUST-04816,64,Month-to-month,71.77,4540.25,Electronic check,3,Fiber optic,No,No
CUST-04817,58,Month-to-month,112.76,6379.07,Bank transfer (automatic),0,Fiber optic,Yes,No
CUST-04818,30,One year,71.57,2151.05,Mailed check,2,DSL,No,Yes
CUST-04819,11,One year,80.97,913.11,Electronic check,0,Fiber optic,Yes,No
CUST-04820,9,One year,47.52,431.92,Electronic check,2,DSL,Yes,Yes
CUST-04821,22,One year,80.34,1723.34,Mailed check,1,Fiber optic,Yes,No
CUST-04822,35,One year,45.35,1544.59,Electronic check,2,DSL,Yes,No
CUST-04823,61,One year,81.55,5059.29,Electronic check,1,Fiber optic,No,No
CUST-04824,22,One year,44.98,964.29,Electronic check,2,DSL,No,No
CUST-04825,0,Month-to-month,111.56, ,Electronic check,2,Fiber optic,No,Yes
CUST-04826,14,Two year,111.59,1602.01,Credit card (automatic),4,Fiber optic,Yes,Yes
CUST-04827,26,One year,96.76,2473.11,Bank transfer (automatic),4,Fiber optic,No,Yes
CUST-04828,55,Two year,25.15,1382.19,Electronic check,1,No,Yes,No
CUST-04829,3,Month-to-month,87.08,260.50,Credit card (automatic),1,Fiber optic,No,Yes
CUST-04830,8,Month-to-month,19.59,159.54,Bank transfer (automatic),1,No,Yes,Yes
CUST-04831,29,Two year,84.84,2438.49,Bank transfer (automatic),4,Fiber optic,Yes,Yes
CUST-04832,8,Month-to-month,47.0,371.40,Credit card (automatic),1,DSL,No,No
CUST-04833,15,Month-to-month,24.42,366.74,Credit card (automatic),1,No,No,No
CUST-04834,26,Month-to-month,70.18,1821.44,Bank transfer (automatic),2,DSL,No,No
CUST-04835,10,One year,79.25,806.85,Electronic check,1,Fiber optic,No,No
CUST-04836,35,Two year,96.59,3440.62,Mailed check,1,Fiber optic,No,No
CUST-04837,12,Month-to-month,20.35,245.38,Credit card (automatic),3,No,No,No
CUST-04838,64,Two year,47.27,3112.53,Electronic check,1,DSL,Yes,No
CUST-04839,7,Month-to-month,51.43,367.31,Electronic check,3,DSL,Yes,Yes
CUST-04840,37,One year,99.24,3618.72,Bank transfer (automatic),2,Fiber optic,No,No
CUST-04841,41,Month-to-month,66.18,2641.62,Credit card (automatic),2,DSL,Yes,No
CUST-04842,22,One year,79.11,1752.90,Credit card (automatic),1,Fiber optic,No,Yes
CUST-04843,12,Month-to-month,70.67,833.48,Electronic check,2,DSL,No,No
CUST-04844,28,Month-to-month,98.03,2769.58,Credit card (automatic),3,Fiber optic,Yes,No
CUST-04845,1,Month-to-month,58.13,56.94,Mailed check,1,DSL,Yes,Yes
CUST-04846,28,One year,66.02,1886.09,Bank transfer (automatic),0,DSL,No,No
CUST-04847,17,Two year,54.63,918.11,Electronic check,1,DSL,Yes,No
CUST-04848,48,Two year,82.86,3915.04,Bank transfer (automatic),1,Fiber optic,No,No
CUST-04849,1,Month-to-month,115.16,114.05,Bank transfer (automatic),0,Fiber optic,Yes,Yes
CUST-04850,43,Month-to-month,75.23,3282.16,Electronic check,1,DSL,Yes,Yes
CUST-04851,20,Month-to-month,59.8,1203.16,Mailed check,3,DSL,No,No
CUST-04852,67,Month-to-month,64.48,4206.40,Mailed check,1,DSL,Yes,Yes
CUST-04853,36,One year,102.03,3586.96,Bank transfer (automatic),1,Fiber optic,No,No
CUST-04854,15,One year,23.17,354.42,Credit card (automatic),1,No,No,No
CUST-04855,35,Month-to-month,95.75,3368.21,Bank transfer (automatic),3,Fiber optic,Yes,No
CUST-04856,31,One year,53.88,1649.65,Bank transfer (automatic),3,DSL,Yes,No
CUST-04857,29,Month-to-month,24.92,715.84,Electronic check,4,No,No,Yes
CUST-04858,24,Two year,62.95,1499.51,Bank transfer (automatic),0,DSL,Yes,No
CUST-04859,13,Two year,114.23,1447.17,Credit card (automatic),2,Fiber optic,Yes,No
CUST-04860,21,Two year,110.38,2286.77,Electronic check,4,Fiber optic,Yes,Yes
CUST-04861,38,One year,23.12,868.02,Electronic check,2,No,Yes,No
CUST-04862,45,One year,68.36,3160.63,Bank transfer (automatic),1,DSL,No,No
CUST-04863,8,Month-to-month,75.67,592.93,Electronic check,1,DSL,Yes,Yes
CUST-04864,2,Month-to-month,65.48,128.46,Mailed check,3,DSL,No,Yes
CUST-04865,30,Month-to-month,59.55,1826.31,Mailed check,1,DSL,No,No
CUST-04866,42,Two year,21.57,928.62,Credit card (automatic),1,No,Yes,No
CUST-04867,5,Month-to-month,25.6,129.87,Bank transfer (automatic),1,No,No,No
CUST-04868,45,Month-to-month,106.64,4693.45,Mailed check,4,Fiber optic,Yes,Yes
CUST-04869,0,Two year,66.93, ,Electronic check,2,DSL,Yes,No
CUST-04870,20,One year,46.0,917.29,Electronic check,2,DSL,No,No
CUST-04871,37,Two year,22.66,841.43,Bank transfer (automatic),1,No,No,No
CUST-04872,15,Month-to-month,79.21,1191.67,Credit card (automatic),2,Fiber optic,Yes,Yes
CUST-04873,64,Month-to-month,21.17,1373.88,Mailed check,3,No,No,No
CUST-04874,19,One year,62.79,1193.58,Electronic check,2,DSL,Yes,No
CUST-04875,4,Month-to-month,42.79,172.82,Mailed check,3,DSL,No,No
CUST-04876,39,Two year,112.04,4494.78,Electronic check,0,Fiber optic,No,No
CUST-04877,64,One year,58.47,3684.28,Bank transfer (automatic),1,DSL,Yes,No
CUST-04878,11,Month-to-month,100.36,1092.27,Electronic check,2,Fiber optic,No,Yes
CUST-04879,65,Two year,49.85,3184.76,Credit card (automatic),0,DSL,Yes,No
CUST-04880,42,Two year,23.51,973.00,Credit card (automatic),3,No,No,No
CUST-04881,4,Month-to-month,20.58,80.76,Bank transfer (automatic),1,No,Yes,No
CUST-04882,51,One year,61.29,3074.70,Credit card (automatic),3,DSL,Yes,No
CUST-04883,44,Month-to-month,85.76,3850.20,Credit card (automatic),2,Fiber optic,Yes,Yes
CUST-04884,13,Month-to-month,101.42,1302.30,Electronic check,0,Fiber optic,Yes,Yes
CUST-04885,29,Two year,111.46,3316.28,Credit card (automatic),4,Fiber optic,No,Yes
CUST-04886,39,Two year,101.25,4034.89,Bank transfer (automatic),3,Fiber optic,Yes,No
CUST-04887,0,Month-to-month,78.69, ,Mailed check,2,Fiber optic,Yes,No
CUST-04888,25,Two year,82.17,2006.74,Electronic check,3,Fiber optic,No,Yes
CUST-04889,17,Month-to-month,95.48,1642.77,Electronic check,3,Fiber optic,Yes,Yes
CUST-04890,5,Month-to-month,83.23,411.51,Credit card (automatic),3,Fiber optic,Yes,No
CUST-04891,25,Month-to-month,49.61,1228.47,Mailed check,2,DSL,Yes,No
CUST-04892,16,Two year,44.2,706.70,Mailed check,3,DSL,No,No
CUST-04893,16,Two year,46.29,724.47,Bank transfer (automatic),1,DSL,No,No
CUST-04894,1,Month-to-month,63.06,64.68,Credit card (automatic),0,DSL,No,No
CUST-04895,37,Two year,49.58,1885.55,Bank transfer (automatic),2,DSL,Yes,No
CUST-04896,6,One year,21.99,129.12,Mailed check,1,No,Yes,No
CUST-04897,59,Month-to-month,101.29,5870.27,Electronic check,0,Fiber optic,Yes,No
CUST-04898,56,One year,51.61,2807.11,Bank transfer (automatic),0,DSL,No,No
CUST-04899,54,Month-to-month,77.06,4099.21,Credit card (automatic),1,DSL,Yes,No
CUST-04900,69,Two year,51.84,3615.08,Electronic check,1,DSL,No,No
CUST-04901,36,Month-to-month,48.4,1752.08,Mailed check,2,DSL,No,No
CUST-04902,67,Two year,59.13,3987.29,Electronic check,2,DSL,Yes,No
CUST-04903,42,Two year,21.57,889.56,Bank transfer (automatic),1,No,Yes,No
CUST-04904,15,Month-to-month,111.85,1668.85,Electronic check,1,Fiber optic,Yes,No
CUST-04905,16,Two year,44.22,720.81,Credit card (automatic),0,DSL,No,No
CUST-04906,14,Month-to-month,83.28,1149.33,Credit card (automatic),4,Fiber optic,Yes,Yes
CUST-04907,5,Month-to-month,74.5,374.57,Electronic check,1,DSL,No,No
CUST-04908,12,Month-to-month,23.94,283.19,Credit card (automatic),0,No,Yes,No
CUST-04909,55,One year,42.64,2342.91,Credit card (automatic),1,DSL,No,No
CUST-04910,46,Month-to-month,61.72,2885.42,Credit card (automatic),3,DSL,Yes,No
CUST-04911,8,Month-to-month,81.93,652.28,Electronic check,2,Fiber optic,Yes,Yes
CUST-04912,19,One year,25.66,495.39,Credit card (automatic),2,No,Yes,No
CUST-04913,11,Two year,25.63,278.15,Electronic check,1,No,Yes,No
CUST-04914,20,Month-to-month,76.26,1518.87,Bank transfer (automatic),2,DSL,Yes,No
CUST-04915,49,Month-to-month,18.32,886.68,Electronic check,1,No,Yes,No
CUST-04916,40,Two year,75.44,3106.17,Bank transfer (automatic),0,DSL,No,No
CUST-04917,10,One year,20.7,211.17,Electronic check,1,No,No,No
CUST-04918,17,Month-to-month,23.06,386.05,Bank transfer (automatic),0,No,No,Yes
CUST-04919,48,Month-to-month,91.9,4327.85,Mailed check,0,Fiber optic,No,No
CUST-04920,9,Month-to-month,87.29,791.41,Electronic check,2,Fiber optic,Yes,Yes
CUST-04921,48,Two year,83.99,3958.85,Bank transfer (automatic),4,Fiber optic,No,Yes
CUST-04922,63,One year,90.85,5604.47,Electronic check,3,Fiber optic,Yes,No
CUST-04923,63,Two year,53.31,3270.83,Electronic check,3,DSL,No,No
CUST-04924,0,Month-to-month,115.14, ,Electronic check,2,Fiber optic,Yes,No
CUST-04925,8,Month-to-month,21.53,170.58,Credit card (automatic),0,No,No,No
CUST-04926,22,Month-to-month,116.05,2519.93,Credit card (automatic),2,Fiber optic,Yes,Yes
CUST-04927,1,Month-to-month,88.11,86.29,Electronic check,1,Fiber optic,Yes,Yes
CUST-04928,39,Month-to-month,20.2,801.25,Mailed check,2,No,Yes,Yes
CUST-04929,21,Month-to-month,109.45,2235.34,Mailed check,2,Fiber optic,No,Yes
CUST-04930,20,One year,95.37,1954.64,Credit card (automatic),4,Fiber optic,Yes,Yes
CUST-04931,3,Month-to-month,77.94,236.68,Bank transfer (automatic),1,Fiber optic,No,No
CUST-04932,28,Month-to-month,115.24,3200.15,Bank transfer (automatic),2,Fiber optic,Yes,Yes
CUST-04933,11,One year,116.9,1306.05,Mailed check,2,Fiber optic,Yes,Yes
CUST-04934,42,Month-to-month,67.55,2818.72,Electronic check,1,DSL,No,Yes
CUST-04935,30,Month-to-month,117.38,3596.68,Mailed check,4,Fiber optic,Yes,Yes
CUST-04936,13,Month-to-month,23.31,298.73,Credit card (automatic),2,No,No,No
CUST-04937,6,Two year,100.38,596.93,Mailed check,2,Fiber optic,Yes,No
CUST-04938,4,Month-to-month,110.26,442.30,Bank transfer (automatic),0,Fiber optic,No,No
CUST-04939,49,Month-to-month,44.96,2254.46,Electronic check,3,DSL,No,Yes
CUST-04940,43,Month-to-month,21.57,939.56,Mailed check,1,No,Yes,No
CUST-04941,28,Month-to-month,90.98,2587.30,Credit card (automatic),4,Fiber optic,Yes,No
CUST-04942,57,Two year,100.26,5609.24,Credit card (automatic),5,Fiber optic,No,Yes
CUST-04943,22,Two year,55.14,1204.50,Mailed check,2,DSL,No,No
CUST-04944,37,Two year,59.01,2214.94,Electronic check,1,DSL,Yes,No
CUST-04945,32,Month-to-month,111.41,3668.06,Credit card (automatic),1,Fiber optic,No,Yes
CUST-04946,66,Two year,116.21,7616.71,Credit card (automatic),2,Fiber optic,No,Yes
CUST-04947,63,Two year,21.88,1415.22,Bank transfer (automatic),3,No,Yes,No
CUST-04948,3,Month-to-month,23.54,70.78,Bank transfer (automatic),1,No,Yes,No
CUST-04949,61,One year,96.68,5986.86,Electronic check,3,Fiber optic,No,Yes
CUST-04950,40,One year,112.3,4370.92,Bank transfer (automatic),1,Fiber optic,Yes,No
CUST-04951,26,Month-to-month,52.03,1313.31,Credit card (automatic),2,DSL,Yes,No
CUST-04952,18,Month-to-month,112.09,2071.78,Mailed check,1,Fiber optic,Yes,No
CUST-04953,31,Month-to-month,95.11,2879.01,Electronic check,1,Fiber optic,Yes,No
CUST-04954,42,Two year,92.24,3951.10,Electronic check,1,Fiber optic,Yes,No
CUST-04955,71,One year,116.41,8100.79,Electronic check,1,Fiber optic,Yes,No
CUST-04956,36,One year,84.87,3079.35,Bank transfer (automatic),1,Fiber optic,No,No
CUST-04957,1,Month-to-month,45.5,45.53,Credit card (automatic),3,DSL,Yes,No
CUST-04958,19,Month-to-month,66.96,1243.46,Mailed check,2,DSL,No,Yes
CUST-04959,70,One year,20.22,1391.41,Bank transfer (automatic),1,No,No,No
CUST-04960,8,Month-to-month,65.86,531.10,Electronic check,0,DSL,Yes,No
CUST-04961,2,One year,44.54,91.10,Credit card (automatic),3,DSL,Yes,No
CUST-04962,3,Two year,97.41,286.51,Electronic check,4,Fiber optic,No,Yes
CUST-04963,41,One year,20.03,822.56,Credit card (automatic),1,No,Yes,No
CUST-04964,1,One year,73.67,75.86,Bank transfer (automatic),3,Fiber optic,Yes,No
CUST-04965,9,Month-to-month,44.52,399.62,Bank transfer (automatic),2,DSL,Yes,No
CUST-04966,38,One year,116.68,4341.52,Electronic check,2,Fiber optic,Yes,No
CUST-04967,26,One year,52.16,1389.64,Bank transfer (automatic),1,DSL,Yes,Yes
CUST-04968,40,Two year,22.61,925.68,Electronic check,2,No,Yes,No
CUST-04969,54,Two year,93.62,4914.40,Mailed check,1,Fiber optic,No,No
CUST-04970,12,Month-to-month,87.69,1045.43,Electronic check,1,Fiber optic,Yes,No
CUST-04971,33,Two year,96.45,3271.31,Electronic check,0,Fiber optic,Yes,No
CUST-04972,38,Two year,62.87,2384.77,Bank transfer (automatic),0,DSL,No,No
CUST-04973,0,One year,72.98, ,Electronic check,2,DSL,No,No
CUST-04974,5,Month-to-month,88.83,447.17,Credit card (automatic),2,Fiber optic,Yes,No
CUST-04975,23,Two year,87.2,1972.97,Electronic check,2,Fiber optic,Yes,No
CUST-04976,23,One year,103.11,2399.77,Electronic check,3,Fiber optic,No,Yes
CUST-04977,12,Month-to-month,88.12,1061.51,Bank transfer (automatic),1,Fiber optic,Yes,No
CUST-04978,30,Month-to-month,22.08,665.34,Electronic check,2,No,Yes,No
CUST-04979,45,Month-to-month,48.8,2208.72,Credit card (automatic),1,DSL,Yes,No
CUST-04980,23,One year,83.84,1871.82,Electronic check,2,Fiber optic,Yes,No
CUST-04981,63,One year,19.76,1212.68,Electronic check,1,No,Yes,No
CUST-04982,13,Two year,73.1,969.98,Credit card (automatic),2,DSL,No,No
CUST-04983,36,Month-to-month,71.55,2593.94,Credit card (automatic),2,DSL,Yes,Yes
CUST-04984,15,Two year,89.12,1360.94,Bank transfer (automatic),1,Fiber optic,Yes,No
CUST-04985,10,Month-to-month,91.46,920.55,Credit card (automatic),0,Fiber optic,Yes,Yes
CUST-04986,50,Month-to-month,90.02,4397.05,Credit card (automatic),3,Fiber optic,No,No
CUST-04987,13,One year,49.52,648.02,Electronic check,1,DSL,No,No
CUST-04988,34,Month-to-month,24.13,806.27,Mailed check,3,No,Yes,Yes
CUST-04989,6,Month-to-month,110.41,667.33,Mailed check,5,Fiber optic,No,Yes
CUST-04990,27,Two year,22.82,621.66,Electronic check,0,No,Yes,No
CUST-04991,29,Two year,106.18,3083.87,Electronic check,2,Fiber optic,Yes,No
CUST-04992,50,Month-to-month,101.82,4947.76,Mailed check,2,Fiber optic,Yes,Yes
CUST-04993,49,Month-to-month,75.0,3588.67,Electronic check,5,Fiber optic,No,No
CUST-04994,64,Two year,62.56,4018.43,Credit card (automatic),2,DSL,Yes,No
CUST-04995,4,One year,55.13,216.04,Bank transfer (automatic),0,DSL,Yes,No
CUST-04996,10,Month-to-month,50.52,493.24,Credit card (automatic),0,DSL,Yes,No
CUST-04997,1,Month-to-month,66.7,65.24,Electronic check,0,DSL,Yes,No
CUST-04998,2,Two year,113.33,230.31,Bank transfer (automatic),1,Fiber optic,Yes,No
CUST-04999,9,One year,78.89,708.11,Credit card (automatic),1,DSL,Yes,No
CUST-05000,9,Month-to-month,63.51,561.64,Bank transfer (automatic),2,DSL,No,No
CUST-05001,31,One year,102.78,3181.76,Credit card (automatic),0,Fiber optic,Yes,No
CUST-05002,12,Month-to-month,23.14,282.12,Electronic check,1,No,No,No
CUST-05003,9,Two year,103.88,960.59,Bank transfer (automatic),2,Fiber optic,No,No
CUST-05004,38,One year,51.46,1996.84,Electronic check,1,DSL,Yes,No
CUST-05005,62,Two year,48.3,2957.55,Credit card (automatic),1,DSL,No,No
CUST-05006,29,One year,21.31,612.98,Credit card (automatic),3,No,No,No
CUST-05007,49,Month-to-month,92.71,4603.71,Electronic check,1,Fiber optic,Yes,No
CUST-05008,40,One year,70.28,2853.20,Mailed check,3,DSL,No,No
CUST-05009,12,Month-to-month,65.17,761.97,Electronic check,2,DSL,Yes,No
CUST-05010,1,Two year,22.39,21.97,Credit card (automatic),1,No,No,No
CUST-05011,68,Two year,21.99,1462.64,Credit card (automatic),2,No,Yes,No
CUST-05012,32,One year,80.87,2629.93,Credit card (automatic),1,Fiber optic,No,No
CUST-05013,35,Month-to-month,21.05,740.95,Mailed check,0,No,Yes,No
CUST-05014,7,Two year,46.48,331.17,Electronic check,4,DSL,No,Yes
CUST-05015,49,One year,73.21,3672.24,Bank transfer (automatic),2,Fiber optic,No,No
CUST-05016,41,Month-to-month,70.64,2944.53,Credit card (automatic),4,Fiber optic,Yes,Yes
CUST-05017,44,Month-to-month,18.91,810.08,Electronic check,1,No,No,No
CUST-05018,39,Two year,64.15,2512.67,Electronic check,0,DSL,Yes,No
CUST-05019,49,Two year,117.36,5711.10,Mailed check,3,Fiber optic,No,No
CUST-05020,60,Month-to-month,71.4,4233.15,Mailed check,4,Fiber optic,Yes,Yes
CUST-05021,43,Month-to-month,108.18,4681.70,Mailed check,4,Fiber optic,Yes,Yes
CUST-05022,38,Two year,102.43,3844.12,Mailed check,3,Fiber optic,No,No
CUST-05023,5,Month-to-month,24.69,123.12,Mailed check,0,No,Yes,No
CUST-05024,47,One year,116.09,5371.06,Credit card (automatic),1,Fiber optic,Yes,No
CUST-05025,5,Month-to-month,72.09,370.26,Credit card (automatic),2,DSL,Yes,Yes
CUST-05026,6,Month-to-month,108.89,646.08,Credit card (automatic),1,Fiber optic,Yes,Yes
CUST-05027,19,Month-to-month,45.64,881.89,Electronic check,2,DSL,No,Yes
CUST-05028,32,Two year,87.5,2856.66,Electronic check,0,Fiber optic,Yes,No
CUST-05029,15,One year,100.06,1463.30,Credit card (automatic),1,Fiber optic,No,Yes
CUST-05030,2,Month-to-month,18.38,35.96,Credit card (automatic),0,No,Yes,No
CUST-05031,54,Two year,21.81,1169.24,Bank transfer (automatic),0,No,No,No
CUST-05032,1,One year,70.4,69.51,Electronic check,2,Fiber optic,Yes,No
CUST-05033,0,Month-to-month,69.49, ,Electronic check,0,DSL,Yes,No
CUST-05034,25,One year,82.95,2133.39,Credit card (automatic),1,Fiber optic,Yes,Yes
CUST-05035,68,One year,106.8,7076.78,Bank transfer (automatic),1,Fiber optic,Yes,No
CUST-05036,63,One year,93.4,6046.06,Electronic check,1,Fiber optic,No,No
CUST-05037,55,One year,46.43,2532.08,Electronic check,1,DSL,Yes,No
CUST-05038,41,One year,114.82,4702.06,Electronic check,2,Fiber optic,Yes,No
CUST-05039,6,Month-to-month,23.48,141.95,Electronic check,0,No,No,No
CUST-05040,6,Month-to-month,68.87,416.15,Credit card (automatic),2,DSL,Yes,Yes
CUST-05041,45,Month-to-month,81.25,3621.16,Credit card (automatic),4,Fiber optic,No,Yes
CUST-05042,23,One year,47.07,1080.32,Electronic check,0,DSL,No,No
CUST-05043,15,Two year,116.53,1724.50,Electronic check,1,Fiber optic,Yes,No
CUST-05044,23,One year,86.88,1968.90,Bank transfer (automatic),2,Fiber optic,Yes,No
CUST-05045,7,Month-to-month,81.43,555.69,Bank transfer (automatic),4,Fiber optic,No,Yes
CUST-05046,16,Month-to-month,112.82,1796.80,Electronic check,0,Fiber optic,Yes,No
CUST-05047,23,Month-to-month,92.59,2110.62,Credit card (automatic),5,Fiber optic,Yes,Yes
CUST-05048,36,Two year,101.89,3609.32,Credit card (automatic),1,Fiber optic,Yes,No
CUST-05049,24,Two year,52.19,1224.73,Electronic check,3,DSL,No,No
CUST-05050,12,Month-to-month,117.24,1373.23,Credit card (automatic),1,Fiber optic,Yes,No
CUST-05051,34,Month-to-month,59.75,2014.36,Bank transfer (automatic),2,DSL,No,No
CUST-05052,3,Two year,21.43,64.26,Electronic check,4,No,Yes,Yes
CUST-05053,31,Two year,44.85,1407.46,Mailed check,2,DSL,Yes,No
CUST-05054,14,Two year,68.27,966.73,Bank transfer (automatic),5,DSL,Yes,Yes
CUST-05055,11,Month-to-month,22.31,239.18,Bank transfer (automatic),2,No,No,No
CUST-05056,42,Two year,117.1,4788.03,Electronic check,2,Fiber optic,No,No
CUST-05057,8,Month-to-month,76.22,619.15,Bank transfer (automatic),1,Fiber optic,No,Yes
CUST-05058,11,Month-to-month,56.73,635.27,Bank transfer (automatic),1,DSL,Yes,No
CUST-05059,65,Month-to-month,82.38,5333.25,Bank transfer (automatic),2,Fiber optic,Yes,No
CUST-05060,21,Two year,102.55,2128.13,Credit card (automatic),2,Fiber optic,Yes,No
CUST-05061,15,Month-to-month,73.5,1079.56,Bank transfer (automatic),3,Fiber optic,No,Yes
CUST-05062,41,Two year,25.69,1035.02,Credit card (automatic),2,No,No,No
CUST-05063,27,Two year,104.82,2812.13,Credit card (automatic),0,Fiber optic,No,Yes
CUST-05064,32,Month-to-month,56.38,1854.61,Bank transfer (automatic),2,DSL,No,Yes
CUST-05065,65,Two year,87.96,5748.65,Bank transfer (automatic),3,Fiber optic,Yes,No
CUST-05066,38,Two year,21.85,831.14,Mailed check,2,No,Yes,No
CUST-05067,32,Month-to-month,104.02,3317.68,Credit card (automatic),2,Fiber optic,Yes,No
CUST-05068,47,One year,22.69,1034.74,Mailed check,3,No,Yes,No
CUST-05069,20,Month-to-month,60.12,1179.29,Electronic check,1,DSL,No,Yes
CUST-05070,41,One year,79.53,3285.39,Electronic check,0,Fiber optic,Yes,No
CUST-05071,57,One year,48.83,2800.30,Credit card (automatic),0,DSL,Yes,No
CUST-05072,25,One year,114.64,2880.30,Electronic check,0,Fiber optic,Yes,No
CUST-05073,13,Month-to-month,62.58,800.48,Credit card (automatic),2,DSL,Yes,No
CUST-05074,22,One year,98.27,2135.40,Credit card (automatic),1,Fiber optic,No,Yes
CUST-05075,26,One year,91.1,2376.67,Bank transfer (automatic),2,Fiber optic,Yes,No
CUST-05076,42,Two year,23.56,969.49,Credit card (automatic),3,No,No,Yes
CUST-05077,49,Two year,24.26,1171.05,Electronic check,2,No,Yes,No
CUST-05078,6,Month-to-month,21.33,130.32,Credit card (automatic),1,No,Yes,No
CUST-05079,47,Two year,18.64,863.03,Bank transfer (automatic),0,No,No,No
CUST-05080,41,One year,20.14,831.46,Credit card (automatic),0,No,Yes,No
CUST-05081,35,One year,24.41,859.64,Electronic check,1,No,Yes,No
CUST-05082,35,Two year,97.31,3498.27,Electronic check,0,Fiber optic,Yes,No
CUST-05083,5,Month-to-month,112.96,566.19,Electronic check,2,Fiber optic,Yes,Yes
CUST-05084,3,Month-to-month,88.61,265.25,Bank transfer (automatic),3,Fiber optic,Yes,No
CUST-05085,3,Month-to-month,85.35,253.52,Electronic check,1,Fiber optic,Yes,No
CUST-05086,26,Month-to-month,18.26,466.33,Electronic check,2,No,Yes,Yes
CUST-05087,27,One year,19.6,522.33,Electronic check,2,No,Yes,No
CUST-05088,30,Two year,86.34,2661.77,Bank transfer (automatic),1,Fiber optic,Yes,No
CUST-05089,1,Month-to-month,73.87,75.92,Bank transfer (automatic),3,Fiber optic,Yes,Yes
CUST-05090,40,Month-to-month,99.47,3903.79,Bank transfer (automatic),4,Fiber optic,Yes,Yes
CUST-05091,29,Month-to-month,78.53,2217.47,Mailed check,4,DSL,Yes,No
CUST-05092,4,Month-to-month,18.69,73.84,Credit card (automatic),1,No,Yes,No
CUST-05093,30,Month-to-month,56.76,1730.11,Credit card (automatic),1,DSL,No,No
CUST-05094,55,Month-to-month,89.5,4888.21,Mailed check,1,Fiber optic,No,Yes
CUST-05095,18,Month-to-month,45.04,800.94,Bank transfer (automatic),0,DSL,No,No
CUST-05096,31,Two year,79.04,2431.45,Bank transfer (automatic),2,Fiber optic,Yes,Yes
CUST-05097,54,Two year,58.98,3130.66,Electronic check,5,DSL,Yes,No
CUST-05098,52,One year,116.58,6108.71,Credit card (automatic),0,Fiber optic,No,No
CUST-05099,0,One year,22.53, ,Credit card (automatic),3,No,Yes,No
CUST-05100,35,Two year,19.0,668.39,Bank transfer (automatic),2,No,Yes,No
CUST-05101,28,Month-to-month,69.52,1929.29,Mailed check,2,DSL,Yes,Yes
CUST-05102,10,Two year,73.71,736.25,Bank transfer (automatic),3,DSL,Yes,No
CUST-05103,33,Month-to-month,109.4,3502.65,Electronic check,2,Fiber optic,Yes,Yes
CUST-05104,22,Two year,109.89,2421.73,Credit card (automatic),2,Fiber optic,Yes,No
CUST-05105,55,Two year,24.34,1365.62,Credit card (automatic),0,No,No,No
CUST-05106,31,Month-to-month,80.86,2452.25,Bank transfer (automatic),0,Fiber optic,No,No
CUST-05107,5,Month-to-month,98.97,507.87,Electronic check,1,Fiber optic,Yes,Yes
CUST-05108,5,Month-to-month,19.47,97.48,Mailed check,2,No,Yes,No
CUST-05109,6,Month-to-month,86.01,526.67,Mailed check,5,Fiber optic,Yes,Yes
CUST-05110,28,One year,21.38,591.16,Credit card (automatic),0,No,No,No
CUST-05111,32,One year,91.06,2936.83,Electronic check,3,Fiber optic,No,No
CUST-05112,2,Month-to-month,58.44,115.33,Bank transfer (automatic),4,DSL,Yes,Yes
CUST-05113,29,Month-to-month,108.2,3197.16,Mailed check,2,Fiber optic,No,Yes
CUST-05114,1,Month-to-month,22.9,23.48,Electronic check,1,No,Yes,Yes
CUST-05115,45,One year,65.86,3038.67,Electronic check,0,DSL,No,No
CUST-05116,3,Month-to-month,70.48,215.10,Bank transfer (automatic),2,DSL,Yes,Yes
CUST-05117,57,Two year,80.09,4689.78,Credit card (automatic),3,Fiber optic,Yes,No
CUST-05118,3,Month-to-month,21.73,66.39,Credit card (automatic),2,No,Yes,Yes
CUST-05119,14,Month-to-month,73.63,1054.92,Bank transfer (automatic),2,DSL,Yes,Yes
CUST-05120,6,Month-to-month,104.4,619.81,Bank transfer (automatic),0,Fiber optic,No,No
CUST-05121,0,Month-to-month,24.85, ,Bank transfer (automatic),4,No,No,No
CUST-05122,57,Two year,21.65,1245.46,Bank transfer (automatic),2,No,Yes,No
CUST-05123,5,Month-to-month,107.34,526.81,Electronic check,3,Fiber optic,No,No
CUST-05124,36,Month-to-month,52.18,1857.51,Bank transfer (automatic),4,DSL,Yes,Yes
CUST-05125,5,One year,74.09,371.98,Electronic check,1,DSL,Yes,Yes
CUST-05126,27,One year,53.3,1435.38,Credit card (automatic),4,DSL,Yes,No
CUST-05127,60,One year,54.9,3371.61,Credit card (automatic),1,DSL,Yes,No
CUST-05128,7,Month-to-month,104.99,721.51,Bank transfer (automatic),2,Fiber optic,No,Yes
CUST-05129,44,Month-to-month,106.45,4723.45,Electronic check,4,Fiber optic,Yes,Yes
CUST-05130,20,Month-to-month,18.64,370.23,Bank transfer (automatic),4,No,No,Yes
CUST-05131,28,Two year,77.32,2139.08,Credit card (automatic),1,Fiber optic,Yes,No
CUST-05132,26,Two year,51.59,1309.56,Credit card (automatic),3,DSL,No,Yes
CUST-05133,47,Two year,25.75,1225.44,Credit card (automatic),3,No,Yes,No
CUST-05134,7,One year,110.09,767.13,Bank transfer (automatic),2,Fiber optic,No,Yes
CUST-05135,35,Two year,23.61,843.10,Credit card (automatic),2,No,No,No
CUST-05136,37,Two year,116.97,4398.96,Electronic check,1,Fiber optic,No,No
CUST-05137,5,One year,103.5,515.51,Electronic check,4,Fiber optic,No,Yes
CUST-05138,6,One year,67.68,400.15,Mailed check,1,DSL,Yes,No
CUST-05139,27,Two year,75.19,2065.87,Electronic check,1,DSL,Yes,Yes
CUST-05140,19,One year,84.72,1570.27,Electronic check,1,Fiber optic,No,No
CUST-05141,32,One year,70.09,2231.65,Bank transfer (automatic),3,Fiber optic,Yes,No
CUST-05142,36,Month-to-month,68.52,2508.46,Bank transfer (automatic),4,DSL,Yes,Yes
CUST-05143,28,Two year,77.61,2129.55,Electronic check,2,Fiber optic,Yes,No
CUST-05144,1,One year,84.0,84.07,Mailed check,2,Fiber optic,No,Yes
CUST-05145,20,Month-to-month,72.44,1473.42,Credit card (automatic),1,DSL,Yes,No
CUST-05146,28,Month-to-month,70.82,1926.31,Electronic check,1,DSL,Yes,No
CUST-05147,8,Month-to-month,21.81,177.04,Credit card (automatic),1,No,No,No
CUST-05148,23,Month-to-month,75.09,1702.64,Bank transfer (automatic),6,Fiber optic,Yes,Yes
CUST-05149,33,Month-to-month,84.54,2833.37,Bank transfer (automatic),2,Fiber optic,Yes,No
CUST-05150,40,Two year,59.81,2380.77,Electronic check,0,DSL,No,No
CUST-05151,43,One year,24.01,1002.87,Electronic check,2,No,No,No
CUST-05152,10,Month-to-month,78.34,786.43,Mailed check,3,DSL,No,Yes
CUST-05153,51,Month-to-month,100.5,5168.24,Electronic check,1,Fiber optic,No,Yes
CUST-05154,56,One year,18.65,1023.81,Electronic check,2,No,Yes,No
CUST-05155,18,One year,50.55,910.41,Credit card (automatic),1,DSL,Yes,No
CUST-05156,40,One year,82.65,3358.67,Electronic check,3,Fiber optic,Yes,No
CUST-05157,50,Two year,23.01,1120.48,Mailed check,0,No,No,No
CUST-05158,40,One year,70.9,2896.60,Credit card (automatic),2,Fiber optic,Yes,No
CUST-05159,27,One year,22.05,590.06,Electronic check,0,No,No,No
CUST-05160,0,One year,78.74, ,Mailed check,0,DSL,Yes,No
CUST-05161,8,Month-to-month,70.48,579.65,Mailed check,1,DSL,Yes,No
CUST-05162,2,Month-to-month,107.51,219.18,Bank transfer (automatic),1,Fiber optic,Yes,Yes
CUST-05163,1,Month-to-month,106.34,107.99,Bank transfer (automatic),2,Fiber optic,Yes,Yes
CUST-05164,5,Two year,103.32,506.00,Electronic check,2,Fiber optic,Yes,No
CUST-05165,7,One year,84.55,591.90,Bank transfer (automatic),3,Fiber optic,Yes,Yes
CUST-05166,37,Month-to-month,108.17,3964.45,Electronic check,0,Fiber optic,Yes,No
CUST-05167,17,Month-to-month,101.49,1756.00,Bank transfer (automatic),4,Fiber optic,No,Yes
CUST-05168,32,Month-to-month,50.83,1610.07,Credit card (automatic),1,DSL,Yes,Yes
CUST-05169,24,Month-to-month,78.14,1895.78,Electronic check,3,DSL,Yes,No
CUST-05170,51,Two year,118.0,5999.45,Bank transfer (automatic),4,Fiber optic,Yes,Yes
CUST-05171,9,Month-to-month,56.11,513.09,Bank transfer (automatic),3,DSL,Yes,Yes
CUST-05172,63,Two year,106.72,6587.57,Electronic check,4,Fiber optic,Yes,Yes
CUST-05173,3,Month-to-month,23.36,69.27,Electronic check,2,No,No,Yes
CUST-05174,0,One year,98.47, ,Credit card (automatic),3,Fiber optic,No,No
CUST-05175,0,Month-to-month,49.08, ,Mailed check,0,DSL,No,No
CUST-05176,43,Two year,92.81,3904.52,Mailed check,2,Fiber optic,Yes,No
CUST-05177,25,One year,69.07,1734.29,Credit card (automatic),0,DSL,No,No
CUST-05178,33,Two year,25.66,839.78,Mailed check,2,No,No,No
CUST-05179,27,One year,22.85,627.50,Credit card (automatic),3,No,No,No
CUST-05180,12,Month-to-month,69.88,827.43,Bank transfer (automatic),0,DSL,Yes,No
CUST-05181,65,Two year,25.1,1641.77,Electronic check,1,No,Yes,No
CUST-05182,39,Two year,22.85,893.32,Mailed check,1,No,No,No
CUST-05183,59,One year,70.33,4202.71,Electronic check,2,DSL,Yes,Yes
CUST-05184,39,Two year,21.69,857.59,Mailed check,3,No,No,No
CUST-05185,2,Two year,84.23,172.63,Credit card (automatic),1,Fiber optic,No,Yes
CUST-05186,46,Two year,60.45,2795.77,Bank transfer (automatic),2,DSL,Yes,No
CUST-05187,7,Month-to-month,45.74,324.16,Bank transfer (automatic),0,DSL,Yes,Yes
CUST-05188,31,One year,115.34,3675.18,Credit card (automatic),1,Fiber optic,Yes,No
CUST-05189,25,Month-to-month,53.8,1362.25,Electronic check,2,DSL,Yes,Yes
CUST-05190,48,Month-to-month,92.48,4568.98,Credit card (automatic),4,Fiber optic,Yes,Yes
CUST-05191,54,Two year,66.28,3597.52,Bank transfer (automatic),2,DSL,Yes,No
CUST-05192,9,One year,94.59,876.17,Bank transfer (automatic),4,Fiber optic,Yes,Yes
CUST-05193,5,Month-to-month,52.79,258.90,Mailed check,1,DSL,No,Yes
CUST-05194,25,One year,78.33,1972.33,Electronic check,3,DSL,Yes,Yes
CUST-05195,55,One year,111.35,6071.42,Bank transfer (automatic),0,Fiber optic,Yes,No
CUST-05196,4,Month-to-month,75.01,301.89,Bank transfer (automatic),0,Fiber optic,Yes,No
CUST-05197,32,One year,55.87,1739.99,Electronic check,2,DSL,Yes,No
CUST-05198,4,Month-to-month,49.57,196.10,Electronic check,0,DSL,Yes,No
CUST-05199,0,Month-to-month,59.92, ,Mailed check,1,DSL,Yes,No
CUST-05200,10,Two year,80.18,778.70,Mailed check,2,Fiber optic,Yes,No
CUST-05201,26,Month-to-month,85.22,2214.02,Bank transfer (automatic),2,Fiber optic,No,No
CUST-05202,13,Month-to-month,22.16,288.36,Bank transfer (automatic),2,No,No,No
CUST-05203,37,One year,77.02,2848.92,Electronic check,1,Fiber optic,No,No
CUST-05204,33,Month-to-month,111.97,3786.34,Credit card (automatic),3,Fiber optic,Yes,Yes
CUST-05205,31,One year,87.68,2706.50,Mailed check,4,Fiber optic,No,No
CUST-05206,8,Month-to-month,75.78,595.72,Credit card (automatic),0,DSL,No,No
CUST-05207,30,Two year,18.48,565.84,Bank transfer (automatic),1,No,No,No
CUST-05208,41,One year,107.62,4526.55,Bank transfer (automatic),3,Fiber optic,No,Yes
CUST-05209,21,One year,112.17,2314.41,Electronic check,4,Fiber optic,Yes,Yes
CUST-05210,7,Month-to-month,118.0,812.77,Credit card (automatic),5,Fiber optic,Yes,Yes
CUST-05211,43,One year,19.24,809.52,Credit card (automatic),3,No,Yes,No
CUST-05212,28,Month-to-month,58.29,1658.81,Mailed check,5,DSL,No,Yes
CUST-05213,10,Month-to-month,23.95,245.14,Credit card (automatic),1,No,Yes,No
CUST-05214,38,One year,22.1,855.22,Electronic check,1,No,No,No
CUST-05215,16,One year,72.38,1150.94,Bank transfer (automatic),1,DSL,No,Yes
CUST-05216,7,Month-to-month,117.97,809.38,Bank transfer (automatic),0,Fiber optic,Yes,No
CUST-05217,42,Month-to-month,106.89,4610.71,Credit card (automatic),2,Fiber optic,Yes,Yes
CUST-05218,11,One year,106.18,1153.73,Electronic check,2,Fiber optic,No,No
CUST-05219,44,One year,63.17,2848.83,Bank transfer (automatic),3,DSL,No,No
CUST-05220,38,Two year,59.36,2285.16,Electronic check,0,DSL,Yes,No
CUST-05221,1,Month-to-month,72.89,74.72,Electronic check,4,DSL,Yes,Yes
CUST-05222,23,One year,81.35,1890.84,Electronic check,0,Fiber optic,Yes,Yes
CUST-05223,2,Month-to-month,112.0,219.63,Credit card (automatic),2,Fiber optic,Yes,No
CUST-05224,0,Month-to-month,24.53, ,Credit card (automatic),0,No,Yes,No
CUST-05225,33,Month-to-month,69.33,2282.09,Electronic check,2,DSL,Yes,No
CUST-05226,5,Month-to-month,67.83,331.94,Electronic check,2,DSL,No,No
CUST-05227,24,Month-to-month,70.39,1661.04,Mailed check,3,Fiber optic,Yes,Yes
CUST-05228,24,One year,118.28,2813.02,Mailed check,3,Fiber optic,No,Yes
CUST-05229,65,One year,89.11,5669.94,Credit card (automatic),0,Fiber optic,No,No
CUST-05230,6,Month-to-month,56.33,334.04,Electronic check,0,DSL,Yes,No
CUST-05231,67,One year,78.48,5130.50,Credit card (automatic),1,DSL,Yes,No
CUST-05232,65,Month-to-month,51.3,3244.10,Bank transfer (automatic),0,DSL,No,No
CUST-05233,65,Two year,25.4,1616.42,Electronic check,0,No,No,No
CUST-05234,31,Two year,56.52,1721.94,Electronic check,2,DSL,Yes,No
CUST-05235,42,Two year,18.99,786.89,Electronic check,1,No,No,No
CUST-05236,9,Two year,95.5,865.18,Electronic check,0,Fiber optic,No,No
CUST-05237,16,Two year,68.21,1072.34,Credit card (automatic),1,DSL,No,No
CUST-05238,23,Two year,64.67,1521.40,Credit card (automatic),1,DSL,No,No
CUST-05239,26,Month-to-month,116.42,2950.27,Credit card (automatic),2,Fiber optic,No,No
CUST-05240,28,Month-to-month,21.13,601.52,Electronic check,0,No,No,No
CUST-05241,70,Two year,91.55,6522.42,Bank transfer (automatic),2,Fiber optic,Yes,No
CUST-05242,11,Month-to-month,51.45,561.37,Credit card (automatic),2,DSL,No,No
CUST-05243,12,Two year,98.17,1187.11,Bank transfer (automatic),1,Fiber optic,Yes,No
CUST-05244,22,Two year,76.7,1696.96,Electronic check,0,DSL,No,No
CUST-05245,54,Two year,55.08,3046.28,Electronic check,3,DSL,No,No
CUST-05246,7,Month-to-month,46.68,336.09,Mailed check,1,DSL,No,Yes
CUST-05247,5,Month-to-month,87.85,434.51,Mailed check,2,Fiber optic,No,No
CUST-05248,26,One year,113.06,2941.80,Credit card (automatic),2,Fiber optic,No,No
CUST-05249,50,One year,75.27,3680.78,Credit card (automatic),5,DSL,Yes,Yes
CUST-05250,9,Two year,75.95,693.93,Electronic check,2,Fiber optic,No,No
CUST-05251,25,Two year,23.98,615.00,Electronic check,0,No,No,No
CUST-05252,21,Two year,19.31,396.13,Credit card (automatic),0,No,Yes,No
CUST-05253,10,Month-to-month,113.12,1148.39,Mailed check,4,Fiber optic,No,Yes
CUST-05254,31,One year,59.8,1853.87,Electronic check,0,DSL,Yes,No
CUST-05255,44,Two year,75.22,3402.55,Credit card (automatic),3,DSL,No,No
CUST-05256,58,One year,18.81,1063.90,Bank transfer (automatic),1,No,Yes,Yes
CUST-05257,43,Two year,73.72,3242.02,Electronic check,0,Fiber optic,Yes,No
CUST-05258,3,Month-to-month,115.6,348.37,Bank transfer (automatic),2,Fiber optic,Yes,No
CUST-05259,5,Month-to-month,107.65,541.15,Mailed check,3,Fiber optic,Yes,Yes
CUST-05260,38,Two year,77.09,2859.15,Electronic check,2,Fiber optic,No,No
CUST-05261,37,Month-to-month,74.91,2736.06,Bank transfer (automatic),3,DSL,No,No
CUST-05262,4,Month-to-month,24.65,97.43,Mailed check,5,No,No,Yes
CUST-05263,43,Month-to-month,22.28,939.69,Bank transfer (automatic),0,No,Yes,No
CUST-05264,24,Month-to-month,48.51,1150.08,Electronic check,1,DSL,No,Yes
CUST-05265,30,Month-to-month,90.59,2670.18,Bank transfer (automatic),2,Fiber optic,Yes,No
CUST-05266,45,Two year,96.83,4368.90,Mailed check,2,Fiber optic,No,No
CUST-05267,14,One year,80.22,1112.63,Credit card (automatic),0,Fiber optic,Yes,No
CUST-05268,67,One year,73.75,4927.73,Bank transfer (automatic),2,DSL,No,No
CUST-05269,5,Month-to-month,72.84,362.05,Electronic check,2,DSL,No,No
CUST-05270,14,Month-to-month,43.35,602.28,Mailed check,5,DSL,No,Yes
CUST-05271,6,Month-to-month,70.96,413.49,Electronic check,0,Fiber optic,No,No
CUST-05272,52,Two year,21.53,1128.53,Mailed check,1,No,Yes,No
CUST-05273,16,One year,76.14,1230.40,Electronic check,0,DSL,Yes,Yes
CUST-05274,51,Two year,70.46,3637.40,Mailed check,2,DSL,Yes,No
CUST-05275,52,Two year,25.44,1342.77,Electronic check,3,No,No,No
CUST-05276,2,Month-to-month,83.84,169.64,Mailed check,2,Fiber optic,Yes,Yes
CUST-05277,17,One year,117.2,1985.54,Mailed check,2,Fiber optic,Yes,No
CUST-05278,1,Month-to-month,61.85,60.94,Credit card (automatic),2,DSL,Yes,No
CUST-05279,7,Month-to-month,64.74,453.79,Credit card (automatic),1,DSL,Yes,No
CUST-05280,23,Two year,50.83,1203.69,Credit card (automatic),1,DSL,Yes,Yes
CUST-05281,30,One year,59.29,1753.77,Electronic check,1,DSL,No,No
CUST-05282,47,Two year,106.87,5024.30,Bank transfer (automatic),0,Fiber optic,No,No
CUST-05283,44,One year,87.12,3789.17,Credit card (automatic),1,Fiber optic,Yes,No
CUST-05284,28,Two year,73.4,2039.77,Bank transfer (automatic),6,Fiber optic,No,Yes
CUST-05285,32,Month-to-month,24.53,784.15,Credit card (automatic),2,No,No,Yes
CUST-05286,16,Two year,43.72,708.79,Credit card (automatic),2,DSL,Yes,No
CUST-05287,17,Month-to-month,74.69,1291.00,Credit card (automatic),3,Fiber optic,Yes,No
CUST-05288,52,One year,101.06,5149.20,Credit card (automatic),3,Fiber optic,Yes,No
CUST-05289,34,Month-to-month,23.26,802.76,Credit card (automatic),1,No,Yes,No
CUST-05290,5,Month-to-month,96.8,489.18,Bank transfer (automatic),2,Fiber optic,Yes,No
CUST-05291,26,One year,45.33,1192.83,Credit card (automatic),3,DSL,Yes,No
CUST-05292,2,Month-to-month,70.78,142.03,Mailed check,1,DSL,Yes,No
CUST-05293,18,Month-to-month,99.16,1759.31,Electronic check,3,Fiber optic,Yes,No
CUST-05294,9,Month-to-month,102.69,916.28,Electronic check,3,Fiber optic,Yes,Yes
CUST-05295,36,One year,42.61,1554.98,Credit card (automatic),1,DSL,Yes,No
CUST-05296,23,Month-to-month,74.29,1663.88,Mailed check,3,Fiber optic,No,No
CUST-05297,18,Month-to-month,105.15,1843.35,Mailed check,3,Fiber optic,Yes,Yes
CUST-05298,5,One year,23.33,118.46,Bank transfer (automatic),2,No,No,No
CUST-05299,49,Two year,49.72,2446.72,Electronic check,2,DSL,Yes,No
CUST-05300,47,Two year,94.61,4349.88,Bank transfer (automatic),2,Fiber optic,Yes,No
CUST-05301,66,Month-to-month,53.87,3462.36,Credit card (automatic),4,DSL,No,Yes
CUST-05302,0,One year,100.46, ,Mailed check,0,Fiber optic,No,No
CUST-05303,45,Two year,71.53,3222.21,Bank transfer (automatic),0,DSL,Yes,No
CUST-05304,10,Month-to-month,79.17,813.01,Electronic check,2,Fiber optic,No,Yes
CUST-05305,28,Month-to-month,101.65,2890.19,Bank transfer (automatic),3,Fiber optic,Yes,Yes
CUST-05306,5,Month-to-month,58.31,293.20,Bank transfer (automatic),1,DSL,Yes,Yes
CUST-05307,33,One year,79.4,2675.08,Bank transfer (automatic),3,Fiber optic,No,No
CUST-05308,28,One year,56.93,1577.21,Electronic check,0,DSL,Yes,No
CUST-05309,6,Month-to-month,19.03,114.67,Credit card (automatic),1,No,Yes,No
CUST-05310,12,Month-to-month,102.06,1256.51,Mailed check,2,Fiber optic,No,Yes
CUST-05311,4,Month-to-month,78.83,311.61,Credit card (automatic),0,DSL,Yes,No
CUST-05312,43,Two year,69.19,2913.70,Mailed check,1,DSL,No,No
CUST-05313,50,Two year,24.64,1244.67,Credit card (automatic),3,No,Yes,No
CUST-05314,54,One year,81.01,4424.13,Bank transfer (automatic),2,Fiber optic,Yes,No
CUST-05315,2,Month-to-month,46.37,91.95,Electronic check,1,DSL,Yes,Yes
CUST-05316,16,Month-to-month,42.58,663.27,Credit card (automatic),0,DSL,Yes,No
CUST-05317,20,One year,23.72,477.26,Electronic check,3,No,Yes,Yes
CUST-05318,11,Month-to-month,110.13,1178.39,Credit card (automatic),3,Fiber optic,Yes,Yes
CUST-05319,37,One year,19.67,717.10,Bank transfer (automatic),0,No,No,No
CUST-05320,62,One year,59.91,3630.83,Electronic check,1,DSL,No,No
CUST-05321,10,Month-to-month,63.79,623.00,Electronic check,1,DSL,No,No
CUST-05322,54,One year,116.71,6129.06,Electronic check,3,Fiber optic,Yes,Yes
CUST-05323,42,Two year,75.77,3227.26,Bank transfer (automatic),2,DSL,Yes,No
CUST-05324,16,One year,70.77,1162.92,Bank transfer (automatic),2,Fiber optic,Yes,No
CUST-05325,38,Two year,18.62,707.76,Electronic check,1,No,Yes,No
CUST-05326,37,Month-to-month,116.75,4392.00,Electronic check,1,Fiber optic,Yes,No
CUST-05327,2,Month-to-month,44.61,88.93,Mailed check,0,DSL,Yes,No
CUST-05328,28,Month-to-month,98.37,2746.79,Electronic check,3,Fiber optic,Yes,No
CUST-05329,21,One year,73.86,1575.66,Bank transfer (automatic),2,Fiber optic,No,Yes
CUST-05330,34,One year,23.25,800.27,Mailed check,1,No,Yes,No
CUST-05331,9,Month-to-month,19.63,172.84,Mailed check,2,No,Yes,Yes
CUST-05332,46,Two year,71.66,3379.53,Electronic check,1,Fiber optic,Yes,No
CUST-05333,6,Month-to-month,20.34,125.56,Electronic check,2,No,No,Yes
CUST-05334,15,Month-to-month,95.9,1401.29,Bank transfer (automatic),3,Fiber optic,No,Yes
CUST-05335,51,Month-to-month,96.08,4794.93,Credit card (automatic),4,Fiber optic,Yes,Yes
CUST-05336,41,Two year,70.29,2958.85,Bank transfer (automatic),2,DSL,Yes,No
CUST-05337,46,Month-to-month,72.95,3368.05,Credit card (automatic),4,Fiber optic,No,Yes
CUST-05338,14,Two year,70.4,998.03,Electronic check,2,Fiber optic,No,No
CUST-05339,14,Two year,68.5,951.90,Electronic check,2,DSL,No,No
CUST-05340,41,Two year,116.52,4734.72,Credit card (automatic),3,Fiber optic,Yes,No
CUST-05341,40,Two year,79.39,3205.16,Mailed check,1,Fiber optic,No,No
CUST-05342,5,Month-to-month,77.31,391.26,Credit card (automatic),3,Fiber optic,No,Yes
CUST-05343,12,Month-to-month,54.98,642.52,Mailed check,0,DSL,No,No
CUST-05344,21,Month-to-month,23.52,508.35,Electronic check,1,No,No,Yes
CUST-05345,38,Two year,107.14,4115.26,Mailed check,0,Fiber optic,Yes,No
CUST-05346,19,Month-to-month,115.66,2139.92,Bank transfer (automatic),1,Fiber optic,Yes,Yes
CUST-05347,31,Month-to-month,71.69,2163.90,Bank transfer (automatic),3,DSL,Yes,Yes
CUST-05348,29,Two year,18.46,549.83,Electronic check,2,No,Yes,No
CUST-05349,21,One year,50.01,1036.74,Credit card (automatic),1,DSL,No,No
CUST-05350,31,One year,87.33,2677.00,Bank transfer (automatic),2,Fiber optic,Yes,No
CUST-05351,51,Two year,116.16,5918.77,Bank transfer (automatic),1,Fiber optic,Yes,No
CUST-05352,23,One year,99.52,2247.14,Mailed check,1,Fiber optic,No,Yes
CUST-05353,25,Month-to-month,118.57,2883.21,Bank transfer (automatic),1,Fiber optic,No,Yes
CUST-05354,11,Month-to-month,85.48,930.01,Mailed check,1,Fiber optic,Yes,No
CUST-05355,42,Two year,114.92,4724.80,Electronic check,1,Fiber optic,No,No
CUST-05356,29,Month-to-month,104.06,3038.40,Mailed check,1,Fiber optic,Yes,No
CUST-05357,36,Month-to-month,113.24,3984.64,Electronic check,0,Fiber optic,Yes,No
CUST-05358,44,Month-to-month,76.08,3440.64,Credit card (automatic),3,DSL,No,Yes
CUST-05359,22,Two year,21.65,484.03,Credit card (automatic),0,No,Yes,No
CUST-05360,3,Month-to-month,24.79,76.00,Bank transfer (automatic),1,No,No,No
CUST-05361,30,Month-to-month,117.93,3574.01,Mailed check,0,Fiber optic,Yes,No
CUST-05362,4,Month-to-month,66.78,273.91,Electronic check,0,DSL,Yes,Yes
CUST-05363,58,One year,51.93,2996.10,Credit card (automatic),0,DSL,Yes,No
CUST-05364,64,Two year,83.13,5197.78,Credit card (automatic),1,Fiber optic,No,No
CUST-05365,46,Two year,23.89,1106.24,Credit card (automatic),0,No,No,No
CUST-05366,37,One year,20.71,781.17,Bank transfer (automatic),3,No,No,No
CUST-05367,34,Month-to-month,90.04,3135.12,Electronic check,2,Fiber optic,Yes,Yes
CUST-05368,12,One year,22.2,263.28,Electronic check,3,No,Yes,Yes
CUST-05369,60,One year,75.69,4428.72,Electronic check,0,DSL,No,No
CUST-05370,70,Month-to-month,104.68,7272.03,Bank transfer (automatic),2,Fiber optic,Yes,Yes
CUST-05371,3,One year,84.19,251.41,Electronic check,3,Fiber optic,Yes,Yes
CUST-05372,33,Month-to-month,76.52,2465.13,Mailed check,2,Fiber optic,No,No
CUST-05373,12,Month-to-month,20.42,243.91,Credit card (automatic),1,No,Yes,No
CUST-05374,1,Month-to-month,20.75,20.71,Electronic check,1,No,No,No
CUST-05375,9,Month-to-month,105.72,961.05,Electronic check,0,Fiber optic,No,No
CUST-05376,47,One year,57.98,2666.49,Bank transfer (automatic),2,DSL,No,No
CUST-05377,7,Month-to-month,118.65,826.88,Bank transfer (automatic),0,Fiber optic,Yes,No
CUST-05378,6,Month-to-month,18.51,114.39,Bank transfer (automatic),4,No,Yes,Yes
CUST-05379,34,Two year,20.91,702.79,Electronic check,1,No,No,No
CUST-05380,56,Two year,74.19,4084.83,Electronic check,0,Fiber optic,Yes,No
CUST-05381,11,Month-to-month,87.39,935.76,Mailed check,4,Fiber optic,No,No
CUST-05382,62,Month-to-month,91.14,5511.10,Credit card (automatic),1,Fiber optic,Yes,Yes
CUST-05383,16,One year,24.93,399.46,Electronic check,0,No,Yes,No
CUST-05384,40,Two year,90.74,3592.74,Credit card (automatic),1,Fiber optic,No,No
CUST-05385,69,One year,71.24,5007.27,Electronic check,3,Fiber optic,Yes,No
CUST-05386,22,Two year,77.27,1650.95,Credit card (automatic),2,DSL,Yes,No
CUST-05387,65,Two year,77.08,5095.09,Electronic check,2,Fiber optic,No,No
CUST-05388,23,One year,70.66,1655.12,Electronic check,3,DSL,Yes,No
CUST-05389,49,Two year,49.79,2390.68,Credit card (automatic),2,DSL,Yes,No
CUST-05390,7,One year,76.11,544.10,Mailed check,0,DSL,Yes,Yes
CUST-05391,57,Two year,50.75,2825.82,Bank transfer (automatic),6,DSL,Yes,Yes
CUST-05392,4,Month-to-month,111.69,448.13,Bank transfer (automatic),1,Fiber optic,No,No
CUST-05393,35,One year,21.36,752.14,Bank transfer (automatic),1,No,No,No
CUST-05394,62,One year,58.78,3668.17,Credit card (automatic),2,DSL,Yes,No
CUST-05395,48,Two year,65.4,3140.16,Electronic check,0,DSL,Yes,No
CUST-05396,2,Month-to-month,60.24,121.56,Credit card (automatic),2,DSL,No,Yes
CUST-05397,58,Two year,20.78,1199.01,Credit card (automatic),1,No,Yes,No
CUST-05398,15,One year,81.83,1264.01,Bank transfer (automatic),3,Fiber optic,Yes,No
CUST-05399,50,One year,52.19,2620.86,Bank transfer (automatic),1,DSL,Yes,No
CUST-05400,33,Two year,104.3,3370.51,Credit card (automatic),1,Fiber optic,No,No
CUST-05401,41,Month-to-month,75.3,3083.32,Electronic check,5,Fiber optic,Yes,Yes
CUST-05402,29,Month-to-month,22.46,666.14,Mailed check,1,No,Yes,No
CUST-05403,13,Two year,21.1,268.73,Electronic check,0,No,No,No
CUST-05404,42,Two year,87.21,3678.50,Electronic check,2,Fiber optic,No,No
CUST-05405,55,Month-to-month,68.54,3849.57,Credit card (automatic),3,DSL,Yes,Yes
CUST-05406,0,Two year,22.02, ,Mailed check,0,No,Yes,No
CUST-05407,3,Month-to-month,73.76,223.35,Electronic check,1,Fiber optic,No,Yes
CUST-05408,60,One year,25.07,1478.05,Mailed check,0,No,Yes,No
CUST-05409,33,Month-to-month,24.99,826.33,Mailed check,2,No,No,Yes
CUST-05410,13,Month-to-month,57.98,760.95,Electronic check,2,DSL,No,Yes
CUST-05411,14,Two year,43.0,585.20,Bank transfer (automatic),1,DSL,Yes,No
CUST-05412,6,Two year,18.7,112.99,Electronic check,1,No,No,No
CUST-05413,54,Two year,60.39,3309.98,Electronic check,1,DSL,No,Yes
CUST-05414,7,Two year,45.46,319.24,Bank transfer (automatic),3,DSL,Yes,No
CUST-05415,23,One year,21.57,494.35,Electronic check,4,No,No,Yes
CUST-05416,2,One year,79.25,158.95,Bank transfer (automatic),1,Fiber optic,Yes,Yes
CUST-05417,22,Month-to-month,109.12,2333.89,Electronic check,0,Fiber optic,No,No
CUST-05418,15,Month-to-month,21.01,313.81,Bank transfer (automatic),1,No,No,No
CUST-05419,10,Month-to-month,88.45,865.70,Electronic check,5,Fiber optic,Yes,No
CUST-05420,32,Two year,71.22,2310.83,Electronic check,4,Fiber optic,Yes,Yes
CUST-05421,5,Month-to-month,23.15,118.29,Bank transfer (automatic),2,No,Yes,No
CUST-05422,7,Two year,107.71,762.52,Credit card (automatic),2,Fiber optic,Yes,Yes
CUST-05423,21,One year,20.23,424.04,Bank transfer (automatic),0,No,No,No
CUST-05424,16,One year,100.07,1560.06,Credit card (automatic),2,Fiber optic,Yes,No
CUST-05425,25,Month-to-month,101.54,2528.85,Mailed check,4,Fiber optic,No,Yes
CUST-05426,14,One year,22.97,329.37,Bank transfer (automatic),1,No,Yes,No
CUST-05427,6,Month-to-month,67.92,400.39,Electronic check,0,DSL,Yes,Yes
CUST-05428,63,Two year,71.07,4554.16,Credit card (automatic),1,DSL,Yes,No
CUST-05429,5,Month-to-month,23.94,118.39,Electronic check,0,No,No,No
CUST-05430,3,Month-to-month,97.98,301.47,Credit card (automatic),0,Fiber optic,Yes,No
CUST-05431,26,Two year,115.77,3048.51,Bank transfer (automatic),1,Fiber optic,Yes,No
CUST-05432,31,Month-to-month,70.91,2187.11,Electronic check,0,DSL,No,No
CUST-05433,32,One year,113.43,3528.83,Mailed check,4,Fiber optic,No,No
CUST-05434,34,One year,94.76,3146.65,Credit card (automatic),2,Fiber optic,Yes,No
CUST-05435,2,One year,104.15,211.41,Electronic check,2,Fiber optic,Yes,No
CUST-05436,34,One year,73.92,2569.25,Electronic check,1,DSL,Yes,No
CUST-05437,14,Two year,96.31,1379.73,Electronic check,3,Fiber optic,No,Yes
CUST-05438,53,Two year,74.31,4039.32,Bank transfer (automatic),1,DSL,No,No
CUST-05439,4,Month-to-month,105.36,424.67,Mailed check,3,Fiber optic,Yes,Yes
CUST-05440,2,Month-to-month,106.75,208.70,Electronic check,2,Fiber optic,No,Yes
CUST-05441,43,Two year,25.21,1055.32,Bank transfer (automatic),4,No,No,Yes
CUST-05442,19,Two year,54.52,1018.19,Electronic check,2,DSL,No,No
CUST-05443,14,Month-to-month,64.15,884.96,Bank transfer (automatic),3,DSL,No,Yes
CUST-05444,22,One year,83.29,1878.71,Bank transfer (automatic),0,Fiber optic,No,Yes
CUST-05445,9,Month-to-month,61.76,565.23,Electronic check,6,DSL,Yes,Yes
CUST-05446,59,Two year,91.63,5377.54,Credit card (automatic),2,Fiber optic,No,No
CUST-05447,48,Month-to-month,92.3,4405.26,Bank transfer (automatic),5,Fiber optic,Yes,Yes
CUST-05448,9,Month-to-month,80.17,701.34,Electronic check,1,Fiber optic,No,Yes
CUST-05449,63,One year,65.27,4220.56,Bank transfer (automatic),3,DSL,Yes,No
CUST-05450,46,Month-to-month,108.78,4947.04,Electronic check,1,Fiber optic,Yes,Yes
CUST-05451,23,Two year,52.28,1168.93,Credit card (automatic),2,DSL,Yes,No
CUST-05452,33,Month-to-month,76.04,2465.34,Mailed check,3,Fiber optic,No,Yes
CUST-05453,26,Month-to-month,51.8,1324.92,Electronic check,2,DSL,Yes,Yes
CUST-05454,20,Month-to-month,106.82,2197.17,Bank transfer (automatic),2,Fiber optic,Yes,Yes
CUST-05455,9,Two year,18.73,166.73,Electronic check,2,No,Yes,No
CUST-05456,2,Month-to-month,64.99,132.92,Credit card (automatic),2,DSL,No,Yes
CUST-05457,33,Month-to-month,72.34,2409.08,Credit card (automatic),2,DSL,Yes,No
CUST-05458,27,Month-to-month,71.68,1923.30,Mailed check,5,DSL,Yes,Yes
CUST-05459,33,One year,118.14,3859.71,Electronic check,5,Fiber optic,No,Yes
CUST-05460,67,Two year,108.51,7210.18,Bank transfer (automatic),3,Fiber optic,Yes,No
CUST-05461,44,Two year,76.57,3340.45,Bank transfer (automatic),5,Fiber optic,Yes,No
CUST-05462,40,Two year,55.14,2228.32,Bank transfer (automatic),4,DSL,No,Yes
CUST-05463,3,Month-to-month,80.58,241.27,Mailed check,2,Fiber optic,Yes,Yes
CUST-05464,52,Two year,88.35,4679.18,Electronic check,2,Fiber optic,Yes,No
CUST-05465,13,Month-to-month,23.03,305.38,Bank transfer (automatic),2,No,Yes,No
CUST-05466,25,One year,53.05,1361.80,Mailed check,1,DSL,No,No
CUST-05467,3,Month-to-month,19.22,56.24,Credit card (automatic),2,No,Yes,No
CUST-05468,40,Month-to-month,68.5,2774.59,Bank transfer (automatic),1,DSL,Yes,Yes
CUST-05469,54,Month-to-month,19.13,1023.89,Electronic check,1,No,Yes,No
CUST-05470,60,Two year,116.21,6914.17,Mailed check,3,Fiber optic,Yes,Yes
CUST-05471,19,Two year,65.02,1235.84,Bank transfer (automatic),3,DSL,No,No
CUST-05472,7,Month-to-month,107.26,772.32,Credit card (automatic),5,Fiber optic,Yes,No
CUST-05473,34,Month-to-month,110.18,3753.41,Mailed check,3,Fiber optic,Yes,Yes
CUST-05474,12,One year,23.07,273.46,Credit card (automatic),2,No,No,No
CUST-05475,51,Month-to-month,104.22,5188.81,Electronic check,3,Fiber optic,Yes,No
CUST-05476,12,One year,108.53,1306.35,Mailed check,3,Fiber optic,Yes,Yes
CUST-05477,20,Two year,92.14,1843.69,Bank transfer (automatic),0,Fiber optic,Yes,No
CUST-05478,12,One year,42.6,509.73,Electronic check,1,DSL,Yes,No
CUST-05479,45,Two year,117.14,5264.62,Credit card (automatic),1,Fiber optic,Yes,No
CUST-05480,5,One year,51.34,252.33,Credit card (automatic),1,DSL,Yes,No
CUST-05481,23,Two year,47.95,1093.40,Electronic check,1,DSL,Yes,No
CUST-05482,9,One year,75.96,682.95,Credit card (automatic),2,DSL,Yes,Yes
CUST-05483,29,One year,96.39,2719.48,Bank transfer (automatic),3,Fiber optic,Yes,No
CUST-05484,12,Month-to-month,52.53,619.80,Credit card (automatic),0,DSL,Yes,No
CUST-05485,45,Two year,115.42,5221.36,Bank transfer (automatic),2,Fiber optic,Yes,No
CUST-05486,55,Two year,24.67,1381.34,Credit card (automatic),1,No,No,No
CUST-05487,7,Two year,92.22,662.50,Credit card (automatic),5,Fiber optic,No,Yes
CUST-05488,27,One year,25.42,702.72,Credit card (automatic),2,No,Yes,Yes
CUST-05489,23,One year,74.54,1699.18,Mailed check,2,Fiber optic,Yes,No
CUST-05490,23,Two year,115.71,2602.70,Bank transfer (automatic),5,Fiber optic,Yes,Yes
CUST-05491,52,One year,59.26,3031.71,Bank transfer (automatic),1,DSL,Yes,No
CUST-05492,13,Month-to-month,21.71,286.86,Bank transfer (automatic),3,No,Yes,No
CUST-05493,30,Month-to-month,92.1,2710.61,Credit card (automatic),3,Fiber optic,Yes,No
CUST-05494,34,Two year,90.99,3172.22,Mailed check,4,Fiber optic,Yes,Yes
CUST-05495,35,Month-to-month,96.2,3402.00,Electronic check,3,Fiber optic,Yes,Yes
CUST-05496,46,Month-to-month,118.51,5428.69,Electronic check,2,Fiber optic,No,No
CUST-05497,63,Month-to-month,70.71,4471.09,Electronic check,2,Fiber optic,Yes,Yes
CUST-05498,24,One year,94.38,2253.70,Electronic check,2,Fiber optic,Yes,No
CUST-05499,67,Two year,83.83,5686.39,Electronic check,2,Fiber optic,No,No
CUST-05500,11,Month-to-month,78.36,838.35,Electronic check,2,Fiber optic,Yes,Yes
CUST-05501,52,Month-to-month,25.19,1271.23,Bank transfer (automatic),2,No,Yes,No
CUST-05502,1,Month-to-month,21.13,20.69,Credit card (automatic),1,No,Yes,No
CUST-05503,0,Month-to-month,96.64, ,Mailed check,0,Fiber optic,Yes,Yes
CUST-05504,4,Month-to-month,25.23,99.06,Credit card (automatic),3,No,Yes,Yes
CUST-05505,46,Two year,93.37,4367.20,Bank transfer (automatic),1,Fiber optic,No,No
CUST-05506,29,One year,52.99,1533.95,Electronic check,2,DSL,Yes,No
CUST-05507,0,Month-to-month,18.98, ,Mailed check,2,No,Yes,Yes
CUST-05508,5,Month-to-month,64.28,328.59,Bank transfer (automatic),1,DSL,No,Yes
CUST-05509,22,Month-to-month,114.44,2488.67,Credit card (automatic),4,Fiber optic,Yes,Yes
CUST-05510,55,Month-to-month,73.94,4040.41,Bank transfer (automatic),1,Fiber optic,Yes,Yes
CUST-05511,16,Month-to-month,58.73,962.76,Electronic check,1,DSL,Yes,Yes
CUST-05512,11,Month-to-month,102.4,1114.35,Bank transfer (automatic),1,Fiber optic,No,Yes
CUST-05513,42,Month-to-month,19.01,799.34,Bank transfer (automatic),1,No,Yes,No
CUST-05514,9,One year,73.84,680.33,Credit card (automatic),3,Fiber optic,No,No
CUST-05515,44,One year,49.94,2252.62,Electronic check,2,DSL,No,No
CUST-05516,13,Two year,76.4,1021.86,Credit card (automatic),3,Fiber optic,Yes,No
CUST-05517,18,One year,56.25,997.53,Credit card (automatic),1,DSL,Yes,No
CUST-05518,2,Month-to-month,90.0,177.96,Credit card (automatic),3,Fiber optic,No,Yes
CUST-05519,40,Two year,58.98,2324.73,Mailed check,1,DSL,No,No
CUST-05520,2,Month-to-month,60.38,124.05,Bank transfer (automatic),2,DSL,Yes,Yes
CUST-05521,34,Two year,72.84,2437.91,Credit card (automatic),3,Fiber optic,Yes,Yes
CUST-05522,20,Two year,66.63,1313.69,Credit card (automatic),1,DSL,Yes,No
CUST-05523,30,One year,23.75,708.62,Electronic check,2,No,Yes,No
CUST-05524,40,Two year,76.69,3098.40,Electronic check,1,Fiber optic,Yes,No
CUST-05525,65,One year,81.06,5379.33,Credit card (automatic),2,Fiber optic,No,No
CUST-05526,3,Month-to-month,52.71,160.04,Electronic check,1,DSL,Yes,Yes
CUST-05527,50,One year,57.65,2965.51,Bank transfer (automatic),2,DSL,No,No
CUST-05528,4,Month-to-month,89.58,367.83,Credit card (automatic),2,Fiber optic,Yes,Yes
CUST-05529,35,Two year,19.79,699.15,Electronic check,2,No,No,No
CUST-05530,25,One year,45.17,1145.76,Mailed check,2,DSL,Yes,No
CUST-05531,58,One year,53.07,3058.99,Credit card (automatic),1,DSL,Yes,Yes
CUST-05532,37,Two year,24.09,907.70,Bank transfer (automatic),0,No,Yes,No
CUST-05533,4,Month-to-month,72.84,288.05,Electronic check,1,Fiber optic,No,Yes
CUST-05534,46,Two year,87.85,4054.94,Electronic check,4,Fiber optic,Yes,Yes
CUST-05535,36,Month-to-month,49.52,1801.70,Bank transfer (automatic),3,DSL,Yes,Yes
CUST-05536,19,Month-to-month,104.73,2020.40,Electronic check,3,Fiber optic,No,Yes
CUST-05537,25,Month-to-month,20.74,505.40,Electronic check,2,No,Yes,Yes
CUST-05538,27,Month-to-month,89.37,2463.64,Bank transfer (automatic),1,Fiber optic,Yes,No
CUST-05539,55,Month-to-month,25.13,1350.40,Electronic check,4,No,No,Yes
CUST-05540,2,Month-to-month,64.75,126.99,Credit card (automatic),3,DSL,Yes,Yes
CUST-05541,1,Two year,24.43,24.81,Credit card (automatic),1,No,Yes,No
CUST-05542,56,One year,103.39,5863.21,Mailed check,0,Fiber optic,No,No
CUST-05543,25,One year,25.45,653.88,Electronic check,6,No,No,Yes
CUST-05544,57,Month-to-month,63.31,3667.86,Electronic check,3,DSL,No,Yes
CUST-05545,5,Month-to-month,20.12,101.40,Bank transfer (automatic),3,No,Yes,Yes
CUST-05546,1,Month-to-month,67.77,67.31,Electronic check,0,DSL,Yes,No
CUST-05547,47,Two year,109.99,5119.66,Credit card (automatic),5,Fiber optic,Yes,Yes
CUST-05548,4,Month-to-month,77.72,319.28,Credit card (automatic),1,DSL,Yes,Yes
CUST-05549,22,Month-to-month,100.12,2223.75,Mailed check,4,Fiber optic,Yes,No
CUST-05550,3,One year,110.07,335.96,Credit card (automatic),0,Fiber optic,Yes,Yes
CUST-05551,42,Month-to-month,23.58,977.26,Electronic check,1,No,No,No
CUST-05552,24,Month-to-month,107.78,2515.13,Credit card (automatic),0,Fiber optic,No,No
CUST-05553,3,Two year,64.26,187.45,Mailed check,4,DSL,No,Yes
CUST-05554,66,Month-to-month,53.09,3597.82,Credit card (automatic),4,DSL,Yes,Yes
CUST-05555,42,Two year,18.91,811.56,Bank transfer (automatic),4,No,Yes,Yes
CUST-05556,15,Two year,68.7,1013.06,Bank transfer (automatic),0,DSL,No,Yes
CUST-05557,7,Month-to-month,110.44,756.64,Credit card (automatic),1,Fiber optic,Yes,No
CUST-05558,41,Two year,70.57,2815.59,Credit card (automatic),4,DSL,Yes,Yes
CUST-05559,26,Month-to-month,43.94,1166.81,Bank transfer (automatic),3,DSL,No,Yes
CUST-05560,17,Month-to-month,44.5,754.83,Electronic check,2,DSL,No,No
CUST-05561,7,Month-to-month,75.03,520.07,Mailed check,1,Fiber optic,No,No
CUST-05562,12,Month-to-month,72.51,875.84,Bank transfer (automatic),1,DSL,No,Yes
CUST-05563,43,One year,22.83,996.83,Bank transfer (automatic),0,No,Yes,No
CUST-05564,28,One year,98.75,2833.95,Mailed check,3,Fiber optic,Yes,Yes
CUST-05565,0,Month-to-month,50.27, ,Bank transfer (automatic),1,DSL,No,No
CUST-05566,69,One year,18.82,1314.48,Mailed check,2,No,No,No
CUST-05567,42,Month-to-month,71.48,2922.09,Bank transfer (automatic),1,DSL,Yes,Yes
CUST-05568,27,Month-to-month,110.38,2945.36,Electronic check,2,Fiber optic,Yes,No
CUST-05569,2,One year,82.25,168.74,Bank transfer (automatic),6,Fiber optic,No,No
CUST-05570,18,One year,24.44,441.27,Credit card (automatic),5,No,Yes,Yes
CUST-05571,47,Two year,85.26,4119.19,Electronic check,3,Fiber optic,No,No
CUST-05572,9,Month-to-month,24.34,225.36,Bank transfer (automatic),1,No,Yes,No
CUST-05573,64,Two year,73.35,4708.68,Electronic check,7,Fiber optic,Yes,Yes
CUST-05574,20,Month-to-month,55.05,1110.13,Mailed check,2,DSL,Yes,No
CUST-05575,10,Month-to-month,24.03,237.27,Bank transfer (automatic),3,No,No,No
CUST-05576,6,Month-to-month,84.08,509.90,Credit card (automatic),2,Fiber optic,No,No
CUST-05577,16,One year,43.97,717.27,Mailed check,0,DSL,Yes,No
CUST-05578,56,One year,19.38,1071.34,Electronic check,3,No,Yes,No
CUST-05579,23,One year,25.46,599.80,Bank transfer (automatic),0,No,Yes,No
CUST-05580,10,Two year,22.75,224.18,Electronic check,2,No,No,No
CUST-05581,20,One year,78.63,1586.98,Electronic check,0,Fiber optic,No,No
CUST-05582,49,One year,101.58,5109.97,Electronic check,2,Fiber optic,Yes,No
CUST-05583,0,Month-to-month,100.39, ,Bank transfer (automatic),0,Fiber optic,Yes,No
CUST-05584,15,Month-to-month,89.88,1338.27,Credit card (automatic),1,Fiber optic,Yes,Yes
CUST-05585,11,Month-to-month,66.77,739.66,Electronic check,1,DSL,No,Yes
CUST-05586,0,Two year,19.09, ,Credit card (automatic),4,No,Yes,Yes
CUST-05587,1,Month-to-month,85.67,83.24,Credit card (automatic),2,Fiber optic,Yes,Yes
CUST-05588,14,Month-to-month,18.53,264.20,Electronic check,3,No,Yes,Yes
CUST-05589,10,Two year,75.79,755.06,Electronic check,1,DSL,No,No
CUST-05590,38,Two year,75.0,2892.30,Credit card (automatic),2,DSL,No,No
CUST-05591,44,Two year,19.78,887.70,Electronic check,0,No,Yes,No
CUST-05592,43,Two year,104.5,4480.20,Electronic check,2,Fiber optic,No,No
CUST-05593,7,Month-to-month,109.64,777.18,Mailed check,2,Fiber optic,No,No
CUST-05594,29,One year,89.85,2601.68,Electronic check,6,Fiber optic,No,Yes
CUST-05595,4,Month-to-month,72.24,296.65,Credit card (automatic),1,DSL,Yes,No
CUST-05596,65,Two year,94.0,6268.32,Credit card (automatic),3,Fiber optic,No,No
CUST-05597,18,Two year,24.23,439.63,Bank transfer (automatic),1,No,Yes,No
CUST-05598,24,Month-to-month,23.93,586.72,Electronic check,1,No,Yes,No
CUST-05599,22,Month-to-month,22.46,497.38,Electronic check,3,No,Yes,No
CUST-05600,39,Two year,22.06,877.62,Electronic check,2,No,Yes,No
CUST-05601,9,Month-to-month,53.16,470.15,Electronic check,1,DSL,No,No
CUST-05602,39,Month-to-month,57.48,2240.47,Credit card (automatic),4,DSL,Yes,Yes
CUST-05603,11,Month-to-month,89.1,964.65,Mailed check,3,Fiber optic,Yes,No
CUST-05604,5,One year,75.03,384.51,Credit card (automatic),2,Fiber optic,Yes,No
CUST-05605,13,Two year,22.18,291.43,Mailed check,1,No,Yes,No
CUST-05606,24,Two year,98.29,2409.46,Bank transfer (automatic),4,Fiber optic,No,Yes
CUST-05607,59,Two year,77.77,4450.98,Credit card (automatic),2,DSL,Yes,No
CUST-05608,38,Two year,83.79,3186.90,Bank transfer (automatic),3,Fiber optic,Yes,Yes
CUST-05609,35,Two year,57.04,1970.27,Mailed check,0,DSL,No,No
CUST-05610,6,Month-to-month,96.9,592.44,Mailed check,0,Fiber optic,No,No
CUST-05611,13,One year,73.55,967.52,Mailed check,1,DSL,No,No
CUST-05612,0,Month-to-month,20.18, ,Credit card (automatic),1,No,Yes,No
CUST-05613,4,Month-to-month,81.42,324.53,Electronic check,0,Fiber optic,No,Yes
CUST-05614,14,Two year,95.93,1357.18,Electronic check,1,Fiber optic,Yes,No
CUST-05615,49,Two year,76.27,3757.53,Bank transfer (automatic),3,Fiber optic,Yes,No
CUST-05616,48,Month-to-month,103.95,4878.20,Credit card (automatic),3,Fiber optic,Yes,No
CUST-05617,62,Month-to-month,111.91,7061.87,Bank transfer (automatic),1,Fiber optic,Yes,No
CUST-05618,24,Month-to-month,43.57,1041.26,Electronic check,2,DSL,No,No
CUST-05619,21,Month-to-month,49.6,1010.66,Electronic check,1,DSL,Yes,Yes
CUST-05620,9,Month-to-month,63.58,563.30,Credit card (automatic),1,DSL,No,No
CUST-05621,6,One year,24.46,144.14,Electronic check,2,No,Yes,No
CUST-05622,10,Month-to-month,93.89,947.63,Bank transfer (automatic),2,Fiber optic,No,No
CUST-05623,70,One year,108.24,7580.33,Electronic check,0,Fiber optic,Yes,No
CUST-05624,62,Month-to-month,57.87,3639.75,Electronic check,1,DSL,No,No
CUST-05625,30,One year,88.89,2667.00,Electronic check,3,Fiber optic,Yes,Yes
CUST-05626,45,One year,78.86,3522.11,Electronic check,3,Fiber optic,Yes,Yes
CUST-05627,66,Two year,48.02,3127.57,Bank transfer (automatic),1,DSL,No,No
CUST-05628,10,Month-to-month,69.63,708.10,Bank transfer (automatic),1,DSL,Yes,No
CUST-05629,31,Two year,78.26,2379.31,Electronic check,2,Fiber optic,No,No
CUST-05630,2,Month-to-month,89.88,179.26,Credit card (automatic),5,Fiber optic,Yes,Yes
CUST-05631,35,Two year,62.34,2247.33,Mailed check,5,DSL,No,Yes
CUST-05632,19,One year,82.89,1583.37,Electronic check,0,Fiber optic,Yes,No
CUST-05633,51,Two year,110.58,5532.42,Credit card (automatic),4,Fiber optic,No,Yes
CUST-05634,0,Month-to-month,21.29, ,Bank transfer (automatic),3,No,No,No
CUST-05635,5,Month-to-month,88.37,434.49,Bank transfer (automatic),1,Fiber optic,Yes,No
CUST-05636,51,One year,78.69,4062.78,Electronic check,1,Fiber optic,No,No
CUST-05637,45,Month-to-month,50.5,2241.21,Bank transfer (automatic),1,DSL,Yes,Yes
CUST-05638,11,Month-to-month,84.2,900.89,Electronic check,4,Fiber optic,Yes,Yes
CUST-05639,52,Month-to-month,55.22,2931.95,Bank transfer (automatic),1,DSL,Yes,No
CUST-05640,13,One year,68.03,869.19,Electronic check,0,DSL,Yes,Yes
CUST-05641,12,Month-to-month,118.57,1427.78,Bank transfer (automatic),2,Fiber optic,No,Yes
CUST-05642,36,Two year,60.94,2155.50,Mailed check,8,DSL,No,No
CUST-05643,56,One year,23.54,1285.44,Electronic check,4,No,No,Yes
CUST-05644,26,Month-to-month,51.37,1373.00,Bank transfer (automatic),2,DSL,Yes,Yes
CUST-05645,50,Two year,116.17,5644.22,Electronic check,2,Fiber optic,Yes,No
CUST-05646,1,Month-to-month,109.51,111.71,Bank transfer (automatic),1,Fiber optic,No,Yes
CUST-05647,23,Month-to-month,23.39,552.06,Credit card (automatic),2,No,No,No
CUST-05648,13,Two year,53.91,701.00,Credit card (automatic),3,DSL,No,No
CUST-05649,58,Two year,73.98,4206.01,Credit card (automatic),4,Fiber optic,Yes,Yes
CUST-05650,3,Month-to-month,25.51,74.98,Mailed check,3,No,Yes,No
CUST-05651,68,One year,105.35,7024.66,Credit card (automatic),1,Fiber optic,No,No
CUST-05652,50,One year,47.47,2324.57,Electronic check,1,DSL,Yes,No
CUST-05653,38,Two year,62.59,2432.34,Electronic check,1,DSL,Yes,No
CUST-05654,15,One year,22.83,346.77,Electronic check,1,No,Yes,No
CUST-05655,40,One year,91.62,3623.68,Mailed check,2,Fiber optic,Yes,No
CUST-05656,34,Month-to-month,59.67,1976.72,Electronic check,1,DSL,No,No
CUST-05657,5,One year,62.37,318.03,Mailed check,1,DSL,No,No
CUST-05658,20,One year,109.07,2166.11,Electronic check,1,Fiber optic,Yes,No
CUST-05659,18,Two year,72.05,1325.81,Electronic check,2,DSL,Yes,No
CUST-05660,2,Month-to-month,116.83,231.05,Credit card (automatic),1,Fiber optic,Yes,Yes
CUST-05661,47,Two year,78.38,3679.90,Bank transfer (automatic),2,Fiber optic,No,No
CUST-05662,52,One year,75.37,3845.19,Bank transfer (automatic),2,Fiber optic,No,No
CUST-05663,13,One year,99.76,1283.49,Mailed check,3,Fiber optic,Yes,No
CUST-05664,1,Month-to-month,104.31,105.52,Electronic check,1,Fiber optic,Yes,Yes
CUST-05665,20,Month-to-month,86.57,1740.13,Bank transfer (automatic),0,Fiber optic,No,Yes
CUST-05666,67,Two year,78.35,5341.56,Mailed check,3,DSL,No,No
CUST-05667,10,Two year,111.01,1083.02,Credit card (automatic),0,Fiber optic,No,No
CUST-05668,44,One year,21.95,994.19,Electronic check,1,No,No,No
CUST-05669,37,One year,105.3,3948.01,Mailed check,0,Fiber optic,Yes,Yes
CUST-05670,31,Two year,58.99,1777.35,Electronic check,1,DSL,Yes,No
CUST-05671,38,Two year,79.73,2993.41,Bank transfer (automatic),1,Fiber optic,Yes,No
CUST-05672,29,Month-to-month,19.45,554.06,Electronic check,2,No,No,No
CUST-05673,23,Month-to-month,84.14,1920.38,Mailed check,2,Fiber optic,Yes,Yes
CUST-05674,29,Month-to-month,75.1,2241.76,Mailed check,2,DSL,Yes,No
CUST-05675,55,Two year,88.32,4752.07,Credit card (automatic),2,Fiber optic,Yes,No
CUST-05676,2,Month-to-month,75.5,154.19,Bank transfer (automatic),1,DSL,Yes,Yes
CUST-05677,1,Month-to-month,108.91,111.68,Bank transfer (automatic),3,Fiber optic,Yes,No
CUST-05678,30,Month-to-month,99.59,2977.71,Bank transfer (automatic),0,Fiber optic,No,No
CUST-05679,9,Two year,113.75,1024.48,Bank transfer (automatic),2,Fiber optic,No,No
CUST-05680,16,One year,79.24,1262.49,Credit card (automatic),0,Fiber optic,Yes,Yes
CUST-05681,16,Two year,18.82,299.81,Bank transfer (automatic),1,No,Yes,No
CUST-05682,5,One year,106.58,547.68,Bank transfer (automatic),5,Fiber optic,Yes,Yes
CUST-05683,11,Two year,75.46,815.18,Credit card (automatic),1,DSL,Yes,No
CUST-05684,6,Month-to-month,56.44,348.33,Electronic check,1,DSL,No,Yes
CUST-05685,12,Month-to-month,42.67,522.53,Electronic check,1,DSL,No,No
CUST-05686,19,Month-to-month,70.39,1353.35,Electronic check,3,DSL,Yes,No
CUST-05687,22,One year,55.78,1191.22,Electronic check,3,DSL,Yes,Yes
CUST-05688,22,One year,63.82,1419.90,Electronic check,1,DSL,No,No
CUST-05689,30,Month-to-month,19.82,583.78,Bank transfer (automatic),1,No,No,No
CUST-05690,22,Month-to-month,67.3,1437.59,Electronic check,2,DSL,No,No
CUST-05691,65,One year,95.93,6417.34,Credit card (automatic),3,Fiber optic,No,No
CUST-05692,16,Month-to-month,71.37,1170.30,Electronic check,3,Fiber optic,No,Yes
CUST-05693,34,Two year,70.3,2380.19,Electronic check,2,Fiber optic,Yes,No
CUST-05694,32,Two year,21.53,698.33,Bank transfer (automatic),3,No,Yes,No
CUST-05695,9,Month-to-month,19.48,179.73,Electronic check,1,No,No,No
CUST-05696,15,One year,114.15,1685.41,Bank transfer (automatic),0,Fiber optic,No,Yes
CUST-05697,29,Month-to-month,19.03,566.12,Credit card (automatic),0,No,Yes,Yes
CUST-05698,60,Two year,104.91,6239.27,Mailed check,0,Fiber optic,No,No
CUST-05699,19,Two year,87.06,1677.28,Mailed check,2,Fiber optic,Yes,No
CUST-05700,52,Month-to-month,76.53,3874.02,Bank transfer (automatic),0,DSL,No,No
CUST-05701,33,One year,47.34,1551.85,Credit card (automatic),2,DSL,Yes,No
CUST-05702,5,One year,70.81,353.44,Electronic check,0,DSL,Yes,No
CUST-05703,15,Month-to-month,25.44,370.66,Credit card (automatic),2,No,No,No
CUST-05704,58,Month-to-month,77.33,4569.42,Credit card (automatic),0,DSL,Yes,Yes
CUST-05705,34,One year,82.49,2756.91,Mailed check,1,Fiber optic,Yes,No
CUST-05706,38,One year,84.45,3284.31,Mailed check,3,Fiber optic,Yes,Yes
CUST-05707,43,Two year,19.37,848.46,Electronic check,2,No,Yes,No
CUST-05708,4,Month-to-month,88.17,358.34,Electronic check,2,Fiber optic,No,No
CUST-05709,23,Month-to-month,23.37,543.59,Bank transfer (automatic),5,No,No,Yes
CUST-05710,35,One year,42.89,1494.90,Bank transfer (automatic),1,DSL,No,No
CUST-05711,5,Month-to-month,101.7,494.81,Mailed check,3,Fiber optic,Yes,Yes
CUST-05712,4,Month-to-month,18.38,75.49,Electronic check,1,No,No,No
CUST-05713,53,One year,102.54,5445.53,Electronic check,4,Fiber optic,No,No
CUST-05714,30,Month-to-month,24.55,748.31,Credit card (automatic),3,No,Yes,No
CUST-05715,43,Two year,55.61,2411.02,Bank transfer (automatic),2,DSL,No,No
CUST-05716,18,One year,57.3,1052.87,Mailed check,4,DSL,No,Yes
CUST-05717,28,Two year,105.47,2992.84,Bank transfer (automatic),1,Fiber optic,No,No
CUST-05718,33,Month-to-month,109.45,3582.27,Electronic check,3,Fiber optic,Yes,Yes
CUST-05719,13,One year,25.75,342.35,Mailed check,2,No,Yes,Yes
CUST-05720,43,Month-to-month,22.3,941.70,Mailed check,3,No,Yes,No
CUST-05721,57,Month-to-month,24.66,1396.94,Electronic check,0,No,No,No
CUST-05722,19,One year,44.54,844.94,Credit card (automatic),6,DSL,No,Yes
CUST-05723,24,Month-to-month,19.05,469.73,Mailed check,1,No,Yes,No
CUST-05724,13,Two year,74.18,956.05,Credit card (automatic),2,DSL,No,No
CUST-05725,34,Two year,21.09,717.17,Bank transfer (automatic),0,No,Yes,No
CUST-05726,23,Month-to-month,19.95,456.74,Credit card (automatic),1,No,Yes,No
CUST-05727,23,Two year,21.29,498.27,Electronic check,1,No,Yes,No
CUST-05728,1,Month-to-month,61.63,59.95,Credit card (automatic),1,DSL,No,Yes
CUST-05729,3,Month-to-month,20.68,62.19,Mailed check,0,No,No,No
CUST-05730,17,Month-to-month,19.73,334.88,Electronic check,1,No,Yes,No
CUST-05731,58,Two year,43.85,2536.21,Bank transfer (automatic),1,DSL,No,No
CUST-05732,49,Two year,107.42,5274.96,Credit card (automatic),0,Fiber optic,Yes,No
CUST-05733,20,One year,114.07,2326.56,Bank transfer (automatic),3,Fiber optic,No,Yes
CUST-05734,10,Month-to-month,43.13,427.21,Bank transfer (automatic),0,DSL,Yes,No
CUST-05735,39,Two year,87.04,3389.04,Credit card (automatic),4,Fiber optic,Yes,Yes
CUST-05736,29,One year,74.99,2225.48,Bank transfer (automatic),2,DSL,Yes,No
CUST-05737,1,Month-to-month,71.01,72.78,Bank transfer (automatic),3,Fiber optic,Yes,No
CUST-05738,45,Two year,105.66,4851.92,Electronic check,1,Fiber optic,No,No
CUST-05739,4,Month-to-month,51.36,208.06,Credit card (automatic),2,DSL,Yes,Yes
CUST-05740,1,Month-to-month,107.69,110.69,Bank transfer (automatic),3,Fiber optic,Yes,Yes
CUST-05741,66,One year,103.11,6948.93,Credit card (automatic),0,Fiber optic,No,No
CUST-05742,6,Month-to-month,76.76,471.18,Bank transfer (automatic),0,DSL,No,No
CUST-05743,35,Month-to-month,20.55,701.52,Credit card (automatic),2,No,Yes,No
CUST-05744,24,Two year,77.39,1811.35,Credit card (automatic),1,Fiber optic,Yes,No
CUST-05745,4,Month-to-month,94.13,379.74,Bank transfer (automatic),1,Fiber optic,No,No
CUST-05746,36,Month-to-month,118.01,4344.95,Bank transfer (automatic),4,Fiber optic,No,Yes
CUST-05747,55,Month-to-month,43.97,2369.35,Bank transfer (automatic),1,DSL,No,No
CUST-05748,32,One year,78.7,2494.30,Bank transfer (automatic),1,Fiber optic,Yes,No
CUST-05749,18,Month-to-month,111.79,2068.26,Bank transfer (automatic),0,Fiber optic,No,Yes
CUST-05750,29,Month-to-month,67.48,1974.85,Credit card (automatic),0,DSL,Yes,No
CUST-05751,17,One year,57.97,993.73,Credit card (automatic),1,DSL,Yes,No
CUST-05752,21,Two year,60.47,1278.51,Electronic check,3,DSL,No,No
CUST-05753,41,One year,51.81,2147.02,Electronic check,2,DSL,No,Yes
CUST-05754,69,One year,116.92,7898.93,Electronic check,1,Fiber optic,Yes,No
CUST-05755,55,Month-to-month,54.99,3063.62,Electronic check,3,DSL,Yes,Yes
CUST-05756,38,Two year,88.52,3277.58,Mailed check,1,Fiber optic,No,No
CUST-05757,65,One year,92.87,5942.99,Bank transfer (automatic),1,Fiber optic,No,No
CUST-05758,35,Two year,80.42,2858.46,Electronic check,0,Fiber optic,Yes,No
CUST-05759,27,Month-to-month,49.65,1342.59,Bank transfer (automatic),2,DSL,Yes,Yes
CUST-05760,19,Month-to-month,22.75,429.41,Credit card (automatic),2,No,Yes,No
CUST-05761,71,One year,107.77,7723.08,Mailed check,1,Fiber optic,Yes,No
CUST-05762,42,Two year,69.88,3018.30,Bank transfer (automatic),1,DSL,No,No
CUST-05763,0,Month-to-month,97.57, ,Credit card (automatic),5,Fiber optic,Yes,Yes
CUST-05764,31,Month-to-month,101.15,3063.88,Bank transfer (automatic),2,Fiber optic,Yes,No
CUST-05765,50,Month-to-month,97.48,4765.33,Electronic check,1,Fiber optic,Yes,Yes
CUST-05766,27,One year,74.35,1987.61,Electronic check,2,DSL,No,No
CUST-05767,8,Month-to-month,88.89,725.94,Electronic check,2,Fiber optic,Yes,Yes
CUST-05768,68,One year,46.99,3225.62,Electronic check,2,DSL,Yes,Yes
CUST-05769,11,Month-to-month,58.35,650.67,Electronic check,2,DSL,Yes,No
CUST-05770,4,Month-to-month,112.45,457.13,Bank transfer (automatic),4,Fiber optic,Yes,Yes
CUST-05771,7,Month-to-month,113.91,794.28,Electronic check,3,Fiber optic,Yes,Yes
CUST-05772,53,Month-to-month,63.96,3348.71,Mailed check,2,DSL,No,No
CUST-05773,11,Month-to-month,18.72,208.42,Mailed check,2,No,Yes,No
CUST-05774,10,Month-to-month,68.79,686.73,Bank transfer (automatic),2,DSL,Yes,No
CUST-05775,1,Two year,101.84,104.78,Electronic check,4,Fiber optic,Yes,Yes
CUST-05776,60,One year,58.94,3490.52,Credit card (automatic),1,DSL,Yes,No
CUST-05777,41,Month-to-month,48.43,1980.09,Bank transfer (automatic),1,DSL,No,No
CUST-05778,16,Two year,99.57,1556.47,Bank transfer (automatic),0,Fiber optic,Yes,No
CUST-05779,30,Two year,60.06,1778.12,Mailed check,2,DSL,Yes,Yes
CUST-05780,0,Month-to-month,72.95, ,Electronic check,1,Fiber optic,No,No
CUST-05781,40,Two year,89.39,3560.14,Bank transfer (automatic),3,Fiber optic,Yes,No
CUST-05782,36,Two year,76.67,2731.20,Credit card (automatic),1,DSL,Yes,No
CUST-05783,14,Month-to-month,21.34,295.59,Bank transfer (automatic),2,No,Yes,No
CUST-05784,9,Month-to-month,58.13,538.07,Bank transfer (automatic),1,DSL,No,No
CUST-05785,46,Two year,97.17,4498.42,Mailed check,2,Fiber optic,Yes,No
CUST-05786,0,Month-to-month,53.32, ,Electronic check,1,DSL,Yes,Yes
CUST-05787,22,One year,73.58,1592.90,Credit card (automatic),0,Fiber optic,Yes,No
CUST-05788,3,Month-to-month,22.76,66.25,Electronic check,2,No,No,Yes
CUST-05789,30,One year,94.13,2890.48,Mailed check,1,Fiber optic,Yes,No
CUST-05790,7,One year,67.37,474.64,Electronic check,2,DSL,Yes,No
CUST-05791,52,Two year,93.23,4783.81,Credit card (automatic),1,Fiber optic,No,Yes
CUST-05792,40,Two year,82.06,3241.27,Electronic check,0,Fiber optic,Yes,No
CUST-05793,35,One year,88.74,3064.42,Bank transfer (automatic),2,Fiber optic,Yes,No
CUST-05794,9,Month-to-month,70.66,625.89,Electronic check,1,Fiber optic,Yes,No
CUST-05795,15,Month-to-month,19.41,285.15,Credit card (automatic),2,No,Yes,No
CUST-05796,5,Month-to-month,108.32,528.41,Electronic check,2,Fiber optic,Yes,Yes
CUST-05797,38,Two year,115.42,4331.02,Credit card (automatic),6,Fiber optic,No,No
CUST-05798,14,Month-to-month,55.79,798.43,Electronic check,0,DSL,No,No
CUST-05799,17,One year,25.21,418.62,Bank transfer (automatic),1,No,Yes,No
CUST-05800,11,Month-to-month,65.63,711.70,Bank transfer (automatic),3,DSL,Yes,Yes
CUST-05801,3,Month-to-month,20.35,60.29,Credit card (automatic),0,No,Yes,No
CUST-05802,12,Month-to-month,99.24,1177.31,Mailed check,2,Fiber optic,Yes,No
CUST-05803,49,Two year,109.4,5273.82,Bank transfer (automatic),4,Fiber optic,Yes,No
CUST-05804,5,One year,108.31,530.35,Mailed check,2,Fiber optic,No,No
CUST-05805,26,Month-to-month,74.72,1912.81,Bank transfer (automatic),1,DSL,No,Yes
CUST-05806,37,One year,71.15,2695.23,Electronic check,2,DSL,No,Yes
CUST-05807,49,Month-to-month,103.91,5090.98,Bank transfer (automatic),2,Fiber optic,Yes,No
CUST-05808,56,Two year,56.47,3242.76,Credit card (automatic),0,DSL,Yes,No
CUST-05809,21,Month-to-month,19.6,415.99,Electronic check,1,No,Yes,Yes
CUST-05810,38,Two year,46.6,1771.40,Mailed check,0,DSL,Yes,No
CUST-05811,64,Month-to-month,72.08,4585.95,Electronic check,1,DSL,Yes,Yes
CUST-05812,58,Two year,107.38,6367.18,Electronic check,1,Fiber optic,No,No
CUST-05813,43,Two year,75.06,3233.15,Electronic check,2,DSL,No,No
CUST-05814,38,One year,73.44,2762.46,Bank transfer (automatic),0,Fiber optic,No,No
CUST-05815,30,Month-to-month,100.97,2942.23,Credit card (automatic),1,Fiber optic,Yes,No
CUST-05816,65,One year,23.65,1541.09,Bank transfer (automatic),2,No,Yes,Yes
CUST-05817,40,One year,21.34,859.79,Electronic check,2,No,No,No
CUST-05818,37,Two year,22.24,828.70,Credit card (automatic),1,No,Yes,No
CUST-05819,19,Month-to-month,21.97,426.16,Bank transfer (automatic),1,No,No,No
CUST-05820,26,Month-to-month,21.51,559.84,Electronic check,4,No,Yes,Yes
CUST-05821,9,Month-to-month,84.17,770.09,Credit card (automatic),2,Fiber optic,No,No
CUST-05822,5,Month-to-month,118.21,600.27,Electronic check,0,Fiber optic,No,Yes
CUST-05823,35,Month-to-month,24.88,849.64,Credit card (automatic),0,No,Yes,No
CUST-05824,12,Month-to-month,108.35,1296.44,Mailed check,1,Fiber optic,Yes,Yes
CUST-05825,6,Month-to-month,111.04,665.64,Bank transfer (automatic),2,Fiber optic,Yes,No
CUST-05826,68,Month-to-month,72.98,5030.28,Credit card (automatic),0,DSL,Yes,No
CUST-05827,11,Month-to-month,45.22,492.48,Bank transfer (automatic),2,DSL,Yes,No
CUST-05828,1,Month-to-month,98.02,99.84,Credit card (automatic),1,Fiber optic,Yes,Yes
CUST-05829,11,Month-to-month,21.78,241.01,Electronic check,2,No,Yes,Yes
CUST-05830,54,Month-to-month,19.74,1039.93,Electronic check,3,No,No,Yes
CUST-05831,68,Month-to-month,52.01,3537.11,Bank transfer (automatic),3,DSL,Yes,Yes
CUST-05832,32,Two year,76.89,2505.49,Electronic check,3,Fiber optic,No,No
CUST-05833,16,Month-to-month,93.07,1527.26,Bank transfer (automatic),3,Fiber optic,No,Yes
CUST-05834,15,Month-to-month,82.5,1204.79,Credit card (automatic),1,Fiber optic,Yes,Yes
CUST-05835,28,Month-to-month,50.24,1413.98,Credit card (automatic),2,DSL,Yes,Yes
CUST-05836,44,Month-to-month,62.47,2797.57,Bank transfer (automatic),0,DSL,No,Yes
CUST-05837,19,Month-to-month,80.37,1516.26,Mailed check,2,Fiber optic,No,Yes
CUST-05838,10,Month-to-month,22.67,225.23,Electronic check,0,No,No,Yes
CUST-05839,3,Month-to-month,48.16,147.01,Bank transfer (automatic),1,DSL,No,Yes
CUST-05840,10,Month-to-month,104.4,1014.87,Bank transfer (automatic),3,Fiber optic,No,No
CUST-05841,14,One year,84.78,1166.07,Mailed check,1,Fiber optic,No,No
CUST-05842,24,Month-to-month,23.98,591.90,Bank transfer (automatic),1,No,No,Yes
CUST-05843,34,Month-to-month,71.49,2447.41,Electronic check,2,DSL,Yes,Yes
CUST-05844,25,One year,118.06,3007.76,Mailed check,0,Fiber optic,No,No
CUST-05845,63,Two year,43.1,2761.21,Bank transfer (automatic),0,DSL,Yes,No
CUST-05846,54,One year,109.48,6040.66,Credit card (automatic),4,Fiber optic,No,Yes
CUST-05847,8,Month-to-month,21.86,176.05,Electronic check,1,No,Yes,No
CUST-05848,40,Month-to-month,46.97,1841.11,Mailed check,3,DSL,No,No
CUST-05849,14,One year,106.94,1504.95,Electronic check,1,Fiber optic,Yes,No
CUST-05850,56,Month-to-month,44.9,2488.19,Credit card (automatic),0,DSL,No,No
CUST-05851,11,Month-to-month,112.3,1255.96,Bank transfer (automatic),2,Fiber optic,Yes,Yes
CUST-05852,20,Month-to-month,100.83,2035.79,Mailed check,2,Fiber optic,Yes,No
CUST-05853,17,Month-to-month,49.37,820.69,Electronic check,0,DSL,No,Yes
CUST-05854,42,One year,103.19,4418.99,Bank transfer (automatic),0,Fiber optic,Yes,No
CUST-05855,12,Month-to-month,19.5,234.50,Bank transfer (automatic),1,No,No,No
CUST-05856,10,One year,63.08,636.37,Mailed check,0,DSL,No,No
CUST-05857,45,Two year,70.24,3110.80,Electronic check,1,Fiber optic,Yes,Yes
CUST-05858,17,One year,115.69,1979.36,Credit card (automatic),2,Fiber optic,No,No
CUST-05859,36,Month-to-month,44.83,1590.24,Electronic check,2,DSL,Yes,No
CUST-05860,46,Two year,106.55,4905.64,Credit card (automatic),3,Fiber optic,Yes,No
CUST-05861,41,Month-to-month,104.37,4276.80,Electronic check,5,Fiber optic,No,Yes
CUST-05862,41,Month-to-month,66.22,2752.67,Bank transfer (automatic),1,DSL,Yes,No
CUST-05863,21,Month-to-month,71.91,1472.56,Mailed check,1,Fiber optic,Yes,Yes
CUST-05864,63,Two year,101.96,6270.42,Electronic check,3,Fiber optic,Yes,No
CUST-05865,28,Month-to-month,99.87,2800.93,Mailed check,2,Fiber optic,Yes,No
CUST-05866,33,Two year,100.84,3248.88,Bank transfer (automatic),1,Fiber optic,No,No
CUST-05867,2,Month-to-month,96.24,195.92,Mailed check,0,Fiber optic,Yes,No
CUST-05868,69,Two year,20.73,1460.74,Electronic check,1,No,Yes,No
CUST-05869,21,Month-to-month,51.02,1057.78,Bank transfer (automatic),0,DSL,No,No
CUST-05870,6,Month-to-month,59.11,357.17,Credit card (automatic),0,DSL,No,Yes
CUST-05871,37,Month-to-month,56.51,2072.54,Credit card (automatic),3,DSL,No,No
CUST-05872,12,Month-to-month,103.53,1216.59,Credit card (automatic),1,Fiber optic,No,Yes
CUST-05873,57,One year,20.28,1189.17,Electronic check,1,No,Yes,No
CUST-05874,4,Month-to-month,108.6,441.88,Electronic check,5,Fiber optic,Yes,Yes
CUST-05875,31,Month-to-month,25.6,817.25,Electronic check,6,No,Yes,No
CUST-05876,6,Month-to-month,104.05,607.59,Credit card (automatic),4,Fiber optic,No,Yes
CUST-05877,43,One year,94.98,4027.64,Electronic check,2,Fiber optic,Yes,No
CUST-05878,15,Month-to-month,19.53,285.85,Credit card (automatic),0,No,Yes,Yes
CUST-05879,16,Two year,117.88,1876.53,Mailed check,2,Fiber optic,No,No
CUST-05880,31,Two year,83.29,2610.36,Electronic check,2,Fiber optic,Yes,No
CUST-05881,48,Month-to-month,97.71,4744.80,Bank transfer (automatic),2,Fiber optic,No,Yes
CUST-05882,1,Month-to-month,58.61,60.23,Electronic check,0,DSL,Yes,No
CUST-05883,51,Two year,79.72,4112.64,Bank transfer (automatic),0,Fiber optic,Yes,Yes
CUST-05884,65,One year,70.92,4627.38,Bank transfer (automatic),1,DSL,No,No
CUST-05885,16,Month-to-month,75.75,1186.96,Electronic check,3,Fiber optic,Yes,Yes
CUST-05886,47,Two year,90.95,4361.52,Credit card (automatic),5,Fiber optic,Yes,Yes
CUST-05887,53,One year,80.3,4206.14,Mailed check,2,Fiber optic,Yes,No
CUST-05888,2,Two year,62.5,123.20,Electronic check,4,DSL,Yes,Yes
CUST-05889,32,One year,111.96,3529.61,Bank transfer (automatic),1,Fiber optic,Yes,No
CUST-05890,2,Month-to-month,24.93,49.73,Credit card (automatic),1,No,No,No
CUST-05891,42,Two year,95.86,3908.15,Credit card (automatic),4,Fiber optic,No,No
CUST-05892,65,Month-to-month,51.3,3293.62,Credit card (automatic),1,DSL,Yes,No
CUST-05893,26,Two year,88.69,2322.56,Credit card (automatic),0,Fiber optic,No,Yes
CUST-05894,25,One year,67.57,1691.05,Bank transfer (automatic),0,DSL,Yes,No
CUST-05895,4,Month-to-month,84.03,329.62,Bank transfer (automatic),1,Fiber optic,No,Yes
CUST-05896,64,Two year,77.48,5016.29,Bank transfer (automatic),1,Fiber optic,Yes,No
CUST-05897,42,Two year,20.34,872.87,Credit card (automatic),3,No,Yes,No
CUST-05898,4,Month-to-month,46.92,191.32,Electronic check,2,DSL,Yes,Yes
CUST-05899,38,One year,52.57,2056.16,Mailed check,2,DSL,Yes,No
CUST-05900,16,One year,44.08,725.79,Electronic check,1,DSL,No,No
CUST-05901,3,Month-to-month,73.04,223.91,Bank transfer (automatic),2,Fiber optic,Yes,No
CUST-05902,30,Two year,24.69,744.50,Bank transfer (automatic),0,No,No,No
CUST-05903,20,Two year,78.69,1604.10,Credit card (automatic),1,Fiber optic,Yes,No
CUST-05904,29,Month-to-month,73.21,2184.93,Mailed check,2,DSL,Yes,No
CUST-05905,44,One year,118.55,5219.17,Credit card (automatic),2,Fiber optic,No,No
CUST-05906,71,Two year,56.71,3977.75,Bank transfer (automatic),3,DSL,Yes,No
CUST-05907,0,Month-to-month,58.8, ,Mailed check,2,DSL,Yes,Yes
CUST-05908,16,One year,83.94,1346.67,Bank transfer (automatic),3,Fiber optic,No,No
CUST-05909,6,Month-to-month,75.81,464.90,Mailed check,1,Fiber optic,No,No
CUST-05910,30,One year,101.05,3008.33,Credit card (automatic),2,Fiber optic,Yes,No
CUST-05911,1,One year,111.34,109.47,Electronic check,4,Fiber optic,No,Yes
CUST-05912,3,Month-to-month,66.87,200.74,Bank transfer (automatic),6,DSL,Yes,Yes
CUST-05913,24,Two year,46.48,1143.04,Mailed check,0,DSL,Yes,No
CUST-05914,13,Month-to-month,64.58,824.08,Electronic check,0,DSL,Yes,No
CUST-05915,19,Two year,101.16,1914.68,Electronic check,4,Fiber optic,Yes,Yes
CUST-05916,1,Two year,23.42,23.45,Bank transfer (automatic),0,No,Yes,No
CUST-05917,24,Two year,45.03,1076.98,Bank transfer (automatic),1,DSL,Yes,No
CUST-05918,16,Two year,104.03,1627.82,Bank transfer (automatic),3,Fiber optic,No,No
CUST-05919,20,Month-to-month,64.51,1258.55,Bank transfer (automatic),4,DSL,Yes,No
CUST-05920,28,Month-to-month,112.32,3098.15,Bank transfer (automatic),2,Fiber optic,No,No
CUST-05921,29,Month-to-month,48.51,1394.43,Electronic check,3,DSL,Yes,No
CUST-05922,8,Month-to-month,44.76,349.48,Electronic check,2,DSL,Yes,No
CUST-05923,3,Month-to-month,109.63,327.47,Credit card (automatic),0,Fiber optic,Yes,Yes
CUST-05924,35,Two year,75.02,2611.23,Credit card (automatic),3,Fiber optic,No,No
CUST-05925,19,One year,56.34,1082.59,Credit card (automatic),5,DSL,No,Yes
CUST-05926,40,Two year,24.77,989.24,Credit card (automatic),2,No,Yes,No
CUST-05927,20,Month-to-month,83.57,1698.18,Electronic check,5,Fiber optic,Yes,Yes
CUST-05928,12,Two year,91.53,1098.99,Mailed check,2,Fiber optic,Yes,No
CUST-05929,20,One year,64.86,1328.45,Mailed check,1,DSL,No,No
CUST-05930,10,One year,65.76,664.52,Electronic check,3,DSL,No,No
CUST-05931,0,Two year,64.12, ,Electronic check,3,DSL,Yes,No
CUST-05932,20,Two year,44.71,914.78,Electronic check,1,DSL,Yes,No
CUST-05933,49,One year,70.83,3378.21,Credit card (automatic),1,DSL,Yes,No
CUST-05934,6,One year,108.75,669.73,Credit card (automatic),3,Fiber optic,Yes,No
CUST-05935,40,Two year,75.09,2920.52,Electronic check,1,Fiber optic,No,No
CUST-05936,21,One year,69.42,1496.91,Credit card (automatic),1,DSL,Yes,No
CUST-05937,39,Two year,22.03,871.62,Mailed check,0,No,No,No
CUST-05938,32,Month-to-month,70.61,2296.82,Credit card (automatic),1,Fiber optic,Yes,Yes
CUST-05939,21,Month-to-month,23.46,483.95,Mailed check,2,No,Yes,Yes
CUST-05940,46,Two year,21.71,1009.34,Electronic check,1,No,Yes,No
CUST-05941,50,Two year,47.11,2373.07,Credit card (automatic),3,DSL,Yes,No
CUST-05942,2,Month-to-month,19.57,38.69,Electronic check,0,No,Yes,Yes
CUST-05943,51,One year,70.08,3565.96,Electronic check,6,DSL,No,No
CUST-05944,15,Month-to-month,116.08,1764.51,Credit card (automatic),0,Fiber optic,Yes,Yes
CUST-05945,5,Month-to-month,48.47,243.45,Bank transfer (automatic),2,DSL,Yes,Yes
CUST-05946,17,One year,21.27,356.19,Mailed check,2,No,No,No
CUST-05947,49,Two year,20.65,989.44,Credit card (automatic),0,No,No,No
CUST-05948,39,Two year,22.65,866.90,Bank transfer (automatic),2,No,Yes,No
CUST-05949,26,One year,79.52,2125.60,Mailed check,2,Fiber optic,Yes,No
CUST-05950,39,One year,63.58,2426.25,Electronic check,3,DSL,Yes,No
CUST-05951,6,Month-to-month,72.76,434.18,Bank transfer (automatic),2,DSL,Yes,No
CUST-05952,32,Month-to-month,65.84,2114.37,Credit card (automatic),2,DSL,Yes,Yes
CUST-05953,14,One year,79.47,1108.45,Bank transfer (automatic),2,Fiber optic,No,No
CUST-05954,32,Two year,106.51,3322.48,Bank transfer (automatic),3,Fiber optic,No,No
CUST-05955,11,One year,21.7,240.40,Credit card (automatic),3,No,No,No
CUST-05956,13,Month-to-month,19.1,245.38,Credit card (automatic),5,No,Yes,Yes
CUST-05957,34,One year,85.95,2970.53,Bank transfer (automatic),2,Fiber optic,Yes,No
CUST-05958,68,One year,51.29,3513.62,Electronic check,1,DSL,Yes,No
CUST-05959,11,Month-to-month,73.2,826.73,Electronic check,3,DSL,Yes,Yes
CUST-05960,3,Two year,19.95,58.53,Credit card (automatic),2,No,No,No
CUST-05961,58,Two year,61.13,3551.56,Credit card (automatic),1,DSL,No,No
CUST-05962,15,Month-to-month,66.24,1019.96,Bank transfer (automatic),1,DSL,Yes,Yes
CUST-05963,17,Month-to-month,18.67,317.09,Mailed check,2,No,No,No
CUST-05964,34,One year,47.63,1601.81,Mailed check,1,DSL,Yes,No
CUST-05965,31,Month-to-month,71.15,2250.88,Electronic check,3,DSL,Yes,Yes
CUST-05966,53,Two year,86.76,4477.53,Credit card (automatic),3,Fiber optic,Yes,No
CUST-05967,59,Month-to-month,23.52,1401.13,Mailed check,2,No,Yes,No
CUST-05968,37,Two year,70.14,2558.16,Bank transfer (automatic),1,DSL,No,No
CUST-05969,20,Two year,65.89,1290.19,Bank transfer (automatic),2,DSL,No,No
CUST-05970,13,One year,63.67,849.48,Credit card (automatic),2,DSL,No,Yes
CUST-05971,59,Two year,94.13,5634.60,Electronic check,1,Fiber optic,Yes,No
CUST-05972,25,Month-to-month,56.8,1452.04,Mailed check,0,DSL,No,No
CUST-05973,20,Month-to-month,77.29,1548.78,Credit card (automatic),3,Fiber optic,Yes,No
CUST-05974,38,One year,25.55,956.39,Bank transfer (automatic),3,No,Yes,No
CUST-05975,21,Two year,101.29,2136.79,Mailed check,2,Fiber optic,Yes,No
CUST-05976,1,Month-to-month,79.47,81.71,Bank transfer (automatic),3,Fiber optic,Yes,Yes
CUST-05977,8,Month-to-month,110.78,869.13,Bank transfer (automatic),0,Fiber optic,Yes,No
CUST-05978,4,Month-to-month,24.42,100.01,Bank transfer (automatic),2,No,No,No
CUST-05979,64,Two year,106.71,6805.38,Bank transfer (automatic),1,Fiber optic,Yes,Yes
CUST-05980,37,Two year,75.64,2787.46,Bank transfer (automatic),4,Fiber optic,Yes,Yes
CUST-05981,10,One year,70.87,707.66,Credit card (automatic),0,Fiber optic,No,Yes
CUST-05982,15,Two year,104.53,1600.90,Mailed check,1,Fiber optic,No,No
CUST-05983,62,Month-to-month,19.78,1231.93,Credit card (automatic),3,No,Yes,No
CUST-05984,23,Month-to-month,73.1,1706.32,Mailed check,1,DSL,No,Yes
CUST-05985,44,Two year,66.99,2964.10,Bank transfer (automatic),0,DSL,No,No
CUST-05986,28,Two year,88.25,2412.66,Electronic check,3,Fiber optic,Yes,No
CUST-05987,46,One year,93.77,4357.29,Bank transfer (automatic),4,Fiber optic,No,Yes
CUST-05988,1,Month-to-month,94.51,93.21,Mailed check,3,Fiber optic,No,Yes
CUST-05989,1,Month-to-month,88.47,86.26,Mailed check,4,Fiber optic,No,Yes
CUST-05990,44,One year,49.03,2114.61,Electronic check,2,DSL,Yes,Yes
CUST-05991,45,One year,118.47,5372.75,Electronic check,3,Fiber optic,Yes,No
CUST-05992,35,Month-to-month,69.77,2484.24,Mailed check,3,DSL,Yes,No
CUST-05993,52,Month-to-month,77.63,3995.13,Bank transfer (automatic),1,Fiber optic,Yes,No
CUST-05994,16,One year,71.69,1142.52,Electronic check,5,Fiber optic,Yes,Yes
CUST-05995,18,Month-to-month,86.79,1553.70,Electronic check,1,Fiber optic,No,No
CUST-05996,19,Two year,62.68,1189.23,Electronic check,1,DSL,No,No
CUST-05997,50,Two year,76.64,3826.02,Electronic check,0,DSL,No,No
CUST-05998,7,Month-to-month,47.32,321.37,Electronic check,2,DSL,No,Yes
CUST-05999,28,Month-to-month,58.52,1672.71,Electronic check,4,DSL,Yes,Yes
CUST-06000,22,One year,78.71,1718.93,Credit card (automatic),0,Fiber optic,Yes,No
CUST-06001,5,Month-to-month,18.77,94.98,Credit card (automatic),1,No,Yes,No
CUST-06002,10,Month-to-month,99.32,967.57,Credit card (automatic),3,Fiber optic,Yes,Yes
CUST-06003,25,One year,46.28,1184.97,Credit card (automatic),2,DSL,Yes,No
CUST-06004,63,One year,105.11,6750.52,Mailed check,1,Fiber optic,No,Yes
CUST-06005,39,Two year,62.65,2467.03,Mailed check,1,DSL,Yes,No
CUST-06006,8,Month-to-month,81.34,632.12,Credit card (automatic),2,Fiber optic,Yes,No
CUST-06007,35,Month-to-month,24.21,865.52,Credit card (automatic),2,No,Yes,No
CUST-06008,46,Two year,104.11,4853.61,Credit card (automatic),3,Fiber optic,Yes,Yes
CUST-06009,4,Month-to-month,65.3,268.20,Bank transfer (automatic),0,DSL,Yes,No
CUST-06010,70,Two year,50.28,3588.89,Bank transfer (automatic),1,DSL,Yes,No
CUST-06011,8,Month-to-month,68.22,560.57,Mailed check,1,DSL,Yes,No
CUST-06012,23,Month-to-month,62.18,1426.54,Mailed check,1,DSL,Yes,No
CUST-06013,21,Month-to-month,96.05,2057.06,Electronic check,2,Fiber optic,No,No
CUST-06014,2,Month-to-month,75.83,151.96,Electronic check,0,Fiber optic,Yes,Yes
CUST-06015,54,Two year,47.42,2632.10,Electronic check,1,DSL,Yes,No
CUST-06016,39,Two year,71.57,2713.16,Mailed check,2,Fiber optic,Yes,No
CUST-06017,66,Two year,81.97,5337.42,Electronic check,1,Fiber optic,Yes,No
CUST-06018,17,One year,60.46,1000.01,Mailed check,3,DSL,Yes,Yes
CUST-06019,44,One year,55.57,2441.04,Credit card (automatic),0,DSL,Yes,No
CUST-06020,2,Month-to-month,68.45,139.11,Credit card (automatic),1,DSL,No,Yes
CUST-06021,23,Month-to-month,89.87,2078.89,Electronic check,0,Fiber optic,No,No
CUST-06022,40,Two year,18.95,770.89,Credit card (automatic),1,No,No,No
CUST-06023,30,Month-to-month,105.32,3163.60,Mailed check,0,Fiber optic,Yes,No
CUST-06024,11,Month-to-month,49.2,526.71,Credit card (automatic),1,DSL,Yes,No
CUST-06025,15,Two year,20.61,315.56,Credit card (automatic),1,No,Yes,No
CUST-06026,26,One year,22.0,572.63,Bank transfer (automatic),0,No,Yes,No
CUST-06027,39,Month-to-month,97.02,3834.03,Bank transfer (automatic),1,Fiber optic,Yes,Yes
CUST-06028,40,Month-to-month,84.38,3333.57,Credit card (automatic),2,Fiber optic,Yes,No
CUST-06029,57,Two year,59.27,3479.12,Bank transfer (automatic),0,DSL,Yes,No
CUST-06030,0,Two year,44.93, ,Electronic check,1,DSL,Yes,No
CUST-06031,14,Month-to-month,48.33,672.16,Bank transfer (automatic),2,DSL,Yes,No
CUST-06032,21,Two year,99.2,2132.88,Electronic check,2,Fiber optic,Yes,No
CUST-06033,3,Month-to-month,70.22,206.59,Mailed check,3,Fiber optic,No,Yes
CUST-06034,9,Two year,19.63,178.60,Electronic check,1,No,No,No
CUST-06035,26,Two year,100.63,2613.74,Bank transfer (automatic),0,Fiber optic,No,No
CUST-06036,24,Two year,19.99,493.54,Mailed check,1,No,No,No
CUST-06037,10,Month-to-month,72.27,730.28,Bank transfer (automatic),0,DSL,Yes,Yes
CUST-06038,47,Month-to-month,89.14,4118.08,Credit card (automatic),1,Fiber optic,Yes,No
CUST-06039,13,Month-to-month,104.82,1350.78,Mailed check,4,Fiber optic,No,Yes
CUST-06040,22,One year,113.15,2492.20,Credit card (automatic),4,Fiber optic,No,Yes
CUST-06041,21,Month-to-month,91.85,1971.80,Electronic check,1,Fiber optic,No,No
CUST-06042,29,Month-to-month,102.91,2985.55,Credit card (automatic),2,Fiber optic,Yes,Yes
CUST-06043,23,Month-to-month,24.58,551.12,Mailed check,0,No,Yes,No
CUST-06044,49,One year,20.1,963.69,Credit card (automatic),2,No,Yes,No
CUST-06045,63,Two year,74.72,4694.97,Mailed check,2,DSL,No,No
CUST-06046,11,Two year,24.7,265.71,Bank transfer (automatic),3,No,No,No
CUST-06047,15,Two year,72.95,1088.81,Bank transfer (automatic),0,Fiber optic,No,No
CUST-06048,43,Two year,92.96,3950.59,Electronic check,1,Fiber optic,No,No
CUST-06049,19,Two year,46.55,859.32,Electronic check,3,DSL,No,No
CUST-06050,35,Two year,24.9,896.36,Bank transfer (automatic),1,No,Yes,No
CUST-06051,6,One year,20.05,122.14,Electronic check,1,No,No,Yes
CUST-06052,9,Two year,56.0,507.16,Bank transfer (automatic),2,DSL,Yes,No
CUST-06053,8,Month-to-month,76.64,605.50,Electronic check,4,DSL,No,Yes
CUST-06054,5,Two year,97.4,477.02,Mailed check,2,Fiber optic,Yes,No
CUST-06055,1,Month-to-month,25.2,25.05,Credit card (automatic),1,No,Yes,No
CUST-06056,0,Month-to-month,59.3, ,Electronic check,1,DSL,Yes,No
CUST-06057,34,One year,117.91,3891.62,Bank transfer (automatic),2,Fiber optic,Yes,No
CUST-06058,8,Month-to-month,116.57,935.04,Bank transfer (automatic),2,Fiber optic,No,No
CUST-06059,8,Month-to-month,70.98,550.92,Mailed check,0,Fiber optic,No,Yes
CUST-06060,31,One year,57.28,1753.81,Bank transfer (automatic),1,DSL,No,No
CUST-06061,5,Month-to-month,116.31,569.96,Mailed check,2,Fiber optic,No,No
CUST-06062,5,Month-to-month,109.69,561.12,Electronic check,3,Fiber optic,Yes,Yes
CUST-06063,55,Month-to-month,80.33,4514.14,Electronic check,4,Fiber optic,No,Yes
CUST-06064,15,One year,113.14,1725.45,Bank transfer (automatic),2,Fiber optic,Yes,Yes
CUST-06065,25,One year,19.76,500.67,Credit card (automatic),3,No,Yes,Yes
CUST-06066,54,Two year,25.27,1387.99,Credit card (automatic),0,No,Yes,No
CUST-06067,13,Month-to-month,18.87,239.58,Electronic check,1,No,Yes,Yes
CUST-06068,48,One year,116.13,5655.90,Electronic check,2,Fiber optic,No,No
CUST-06069,65,Two year,45.5,3019.40,Bank transfer (automatic),2,DSL,No,No
CUST-06070,20,Month-to-month,81.11,1598.40,Electronic check,1,Fiber optic,Yes,Yes
CUST-06071,35,Month-to-month,22.5,792.07,Bank transfer (automatic),1,No,Yes,No
CUST-06072,9,Month-to-month,19.66,177.56,Credit card (automatic),1,No,Yes,No
CUST-06073,9,Month-to-month,21.17,187.59,Mailed check,1,No,Yes,No
CUST-06074,19,Month-to-month,78.24,1445.48,Credit card (automatic),2,Fiber optic,Yes,No
CUST-06075,22,Two year,97.19,2189.70,Electronic check,3,Fiber optic,Yes,No
CUST-06076,0,Month-to-month,64.74, ,Electronic check,2,DSL,No,No
CUST-06077,32,Two year,80.75,2594.78,Mailed check,3,Fiber optic,Yes,No
CUST-06078,17,One year,20.44,346.53,Bank transfer (automatic),4,No,Yes,Yes
CUST-06079,50,One year,69.37,3544.37,Credit card (automatic),6,DSL,No,Yes
CUST-06080,43,Two year,74.22,3233.42,Electronic check,1,Fiber optic,No,Yes
CUST-06081,18,Month-to-month,21.65,382.09,Electronic check,0,No,No,Yes
CUST-06082,12,Month-to-month,53.06,636.61,Mailed check,4,DSL,Yes,No
CUST-06083,26,Two year,57.51,1507.90,Mailed check,1,DSL,Yes,No
CUST-06084,26,Two year,110.73,2914.87,Electronic check,4,Fiber optic,No,No
CUST-06085,23,Two year,78.14,1808.85,Electronic check,3,DSL,No,No
CUST-06086,10,Month-to-month,49.07,490.10,Electronic check,0,DSL,No,Yes
CUST-06087,15,One year,72.98,1062.21,Bank transfer (automatic),2,Fiber optic,Yes,No
CUST-06088,43,One year,79.6,3392.07,Electronic check,1,Fiber optic,Yes,No
CUST-06089,5,One year,74.26,373.36,Bank transfer (automatic),2,DSL,Yes,No
CUST-06090,71,Month-to-month,74.51,5276.80,Electronic check,1,DSL,Yes,No
CUST-06091,21,Two year,83.98,1712.40,Electronic check,2,Fiber optic,Yes,Yes
CUST-06092,22,Month-to-month,86.08,1839.83,Electronic check,1,Fiber optic,No,No
CUST-06093,4,Month-to-month,102.37,420.44,Mailed check,3,Fiber optic,Yes,No
CUST-06094,53,Month-to-month,86.66,4518.70,Credit card (automatic),2,Fiber optic,Yes,No
CUST-06095,61,Month-to-month,114.07,7065.62,Bank transfer (automatic),6,Fiber optic,Yes,No
CUST-06096,20,Month-to-month,24.26,488.55,Electronic check,0,No,Yes,No
CUST-06097,64,Month-to-month,87.44,5670.50,Bank transfer (automatic),8,Fiber optic,Yes,Yes
CUST-06098,46,Two year,77.89,3481.43,Electronic check,2,DSL,No,No
CUST-06099,54,Two year,106.32,5628.75,Electronic check,1,Fiber optic,No,No
CUST-06100,8,One year,70.07,564.94,Mailed check,1,DSL,Yes,No
CUST-06101,28,Month-to-month,77.46,2115.48,Bank transfer (automatic),0,DSL,Yes,No
CUST-06102,12,Month-to-month,58.18,709.26,Mailed check,0,DSL,Yes,No
CUST-06103,12,Month-to-month,18.56,229.15,Bank transfer (automatic),2,No,Yes,Yes
CUST-06104,22,One year,118.31,2604.41,Bank transfer (automatic),0,Fiber optic,No,No
CUST-06105,54,Two year,115.6,6197.81,Credit card (automatic),2,Fiber optic,Yes,No
CUST-06106,38,One year,77.67,2873.85,Credit card (automatic),2,DSL,No,No
CUST-06107,42,Two year,93.1,3840.87,Bank transfer (automatic),1,Fiber optic,Yes,No
CUST-06108,3,Two year,78.02,240.95,Bank transfer (automatic),4,Fiber optic,No,Yes
CUST-06109,1,Month-to-month,79.55,78.26,Mailed check,1,Fiber optic,Yes,No
CUST-06110,12,Month-to-month,93.07,1089.30,Credit card (automatic),3,Fiber optic,No,Yes
CUST-06111,22,One year,102.93,2321.46,Electronic check,1,Fiber optic,Yes,No
CUST-06112,30,One year,92.68,2799.33,Electronic check,0,Fiber optic,No,Yes
CUST-06113,5,Month-to-month,89.24,435.12,Electronic check,1,Fiber optic,Yes,No
CUST-06114,20,Month-to-month,116.97,2342.81,Electronic check,2,Fiber optic,Yes,No
CUST-06115,24,Month-to-month,66.08,1599.34,Electronic check,1,DSL,Yes,Yes
CUST-06116,49,Two year,89.86,4402.66,Bank transfer (automatic),0,Fiber optic,Yes,No
CUST-06117,60,Month-to-month,103.63,6286.24,Credit card (automatic),2,Fiber optic,Yes,No
CUST-06118,26,Month-to-month,24.19,620.30,Electronic check,3,No,No,No
CUST-06119,24,Two year,87.91,2050.22,Credit card (automatic),1,Fiber optic,No,No
CUST-06120,22,One year,59.79,1351.62,Electronic check,3,DSL,Yes,No
CUST-06121,53,Two year,101.29,5419.47,Bank transfer (automatic),2,Fiber optic,No,No
CUST-06122,3,Two year,65.71,193.24,Bank transfer (automatic),4,DSL,Yes,Yes
CUST-06123,15,Month-to-month,78.56,1143.90,Bank transfer (automatic),2,Fiber optic,Yes,No
CUST-06124,46,Month-to-month,60.59,2740.16,Electronic check,1,DSL,No,Yes
CUST-06125,3,Month-to-month,20.19,60.29,Mailed check,2,No,Yes,Yes
CUST-06126,7,Month-to-month,114.54,824.46,Electronic check,2,Fiber optic,No,Yes
CUST-06127,55,Month-to-month,94.2,5249.84,Electronic check,1,Fiber optic,Yes,Yes
CUST-06128,19,Two year,70.4,1320.32,Electronic check,1,DSL,Yes,No
CUST-06129,26,Two year,44.11,1169.70,Electronic check,1,DSL,Yes,No
CUST-06130,64,Two year,21.11,1366.83,Bank transfer (automatic),0,No,No,No
CUST-06131,51,Two year,19.44,992.39,Mailed check,1,No,Yes,No
CUST-06132,17,One year,89.16,1476.40,Mailed check,2,Fiber optic,Yes,No
CUST-06133,19,Month-to-month,108.76,2078.51,Bank transfer (automatic),1,Fiber optic,No,Yes
CUST-06134,27,Month-to-month,25.2,664.89,Electronic check,2,No,No,No
CUST-06135,27,One year,25.12,692.24,Mailed check,0,No,Yes,No
CUST-06136,17,Month-to-month,75.79,1262.45,Mailed check,3,Fiber optic,No,Yes
CUST-06137,30,Two year,84.7,2505.94,Electronic check,1,Fiber optic,Yes,No
CUST-06138,18,One year,66.54,1184.86,Mailed check,0,DSL,Yes,No
CUST-06139,1,Month-to-month,79.92,81.23,Mailed check,2,Fiber optic,Yes,No
CUST-06140,8,Month-to-month,18.64,148.57,Bank transfer (automatic),2,No,Yes,No
CUST-06141,22,One year,25.4,570.63,Electronic check,3,No,Yes,No
CUST-06142,2,Month-to-month,20.72,41.10,Bank transfer (automatic),0,No,No,Yes
CUST-06143,2,One year,90.47,178.32,Credit card (automatic),1,Fiber optic,Yes,Yes
CUST-06144,59,One year,20.29,1225.46,Electronic check,2,No,Yes,No
CUST-06145,41,One year,54.34,2271.44,Electronic check,3,DSL,Yes,Yes
CUST-06146,0,Month-to-month,117.0, ,Mailed check,3,Fiber optic,Yes,Yes
CUST-06147,17,Two year,79.35,1366.54,Electronic check,1,Fiber optic,Yes,No
CUST-06148,31,Month-to-month,60.52,1837.61,Bank transfer (automatic),1,DSL,No,No
CUST-06149,30,Month-to-month,65.73,1940.55,Electronic check,2,DSL,No,No
CUST-06150,14,Month-to-month,80.94,1163.78,Credit card (automatic),2,Fiber optic,Yes,No
CUST-06151,16,Month-to-month,104.89,1666.16,Electronic check,0,Fiber optic,No,No
CUST-06152,29,Two year,23.37,684.42,Bank transfer (automatic),3,No,No,No
CUST-06153,23,Two year,25.41,577.82,Bank transfer (automatic),1,No,No,No
CUST-06154,3,Month-to-month,59.26,176.28,Mailed check,3,DSL,No,No
CUST-06155,38,Two year,56.5,2123.14,Bank transfer (automatic),2,DSL,Yes,No
CUST-06156,49,Two year,55.64,2693.27,Electronic check,4,DSL,Yes,Yes
CUST-06157,42,Two year,20.98,905.45,Electronic check,1,No,No,No
CUST-06158,0,Month-to-month,18.53, ,Credit card (automatic),1,No,No,No
CUST-06159,14,One year,81.52,1166.69,Electronic check,2,Fiber optic,No,No
CUST-06160,1,Month-to-month,46.87,47.54,Bank transfer (automatic),3,DSL,No,Yes
CUST-06161,4,Month-to-month,74.55,299.35,Credit card (automatic),2,DSL,No,Yes
CUST-06162,49,Two year,44.55,2239.04,Electronic check,0,DSL,No,No
CUST-06163,4,Two year,87.8,357.18,Mailed check,3,Fiber optic,No,No
CUST-06164,31,One year,19.9,630.20,Electronic check,4,No,No,Yes
CUST-06165,60,Month-to-month,23.09,1406.22,Electronic check,2,No,Yes,No
CUST-06166,27,One year,85.91,2377.22,Electronic check,2,Fiber optic,Yes,No
CUST-06167,46,Two year,70.81,3275.89,Mailed check,0,Fiber optic,No,Yes
CUST-06168,36,Month-to-month,113.57,4106.47,Electronic check,4,Fiber optic,Yes,Yes
CUST-06169,23,Month-to-month,101.03,2328.88,Electronic check,1,Fiber optic,No,Yes
CUST-06170,60,Two year,70.07,4274.68,Bank transfer (automatic),6,Fiber optic,No,Yes
CUST-06171,4,Month-to-month,67.24,262.34,Electronic check,1,DSL,Yes,Yes
CUST-06172,51,Two year,80.55,4184.13,Electronic check,3,Fiber optic,Yes,No
CUST-06173,9,One year,77.58,691.84,Credit card (automatic),1,DSL,No,No
CUST-06174,47,Month-to-month,91.69,4403.70,Mailed check,0,Fiber optic,Yes,No
CUST-06175,4,Month-to-month,19.92,79.67,Credit card (automatic),1,No,Yes,No
CUST-06176,61,Month-to-month,43.6,2663.98,Electronic check,3,DSL,Yes,No
CUST-06177,33,Two year,44.64,1500.43,Bank transfer (automatic),2,DSL,No,No
CUST-06178,57,One year,44.55,2539.67,Credit card (automatic),0,DSL,No,No
CUST-06179,4,Month-to-month,18.49,73.20,Bank transfer (automatic),1,No,No,No
CUST-06180,6,Month-to-month,62.46,365.36,Credit card (automatic),1,DSL,No,No
CUST-06181,69,Month-to-month,73.32,5191.95,Electronic check,2,DSL,No,No
CUST-06182,38,Month-to-month,55.1,2123.34,Electronic check,1,DSL,No,No
CUST-06183,50,Two year,20.87,1051.27,Electronic check,3,No,No,No
CUST-06184,5,Month-to-month,46.29,234.87,Bank transfer (automatic),0,DSL,No,Yes
CUST-06185,24,Month-to-month,42.54,1034.72,Credit card (automatic),2,DSL,Yes,No
CUST-06186,44,Two year,116.4,4990.74,Mailed check,1,Fiber optic,No,No
CUST-06187,8,Month-to-month,21.68,169.41,Credit card (automatic),2,No,No,No
CUST-06188,49,One year,69.34,3409.23,Credit card (automatic),0,DSL,Yes,No
CUST-06189,55,Month-to-month,112.33,6267.18,Credit card (automatic),4,Fiber optic,Yes,Yes
CUST-06190,5,Month-to-month,46.58,230.12,Mailed check,1,DSL,Yes,No
CUST-06191,57,Two year,52.06,3043.22,Electronic check,2,DSL,No,No
CUST-06192,1,Month-to-month,94.47,92.62,Electronic check,3,Fiber optic,No,No
CUST-06193,57,Month-to-month,84.5,4898.80,Mailed check,2,Fiber optic,No,No
CUST-06194,56,One year,44.44,2435.29,Credit card (automatic),1,DSL,Yes,No
CUST-06195,0,Month-to-month,113.53, ,Mailed check,1,Fiber optic,Yes,No
CUST-06196,37,Two year,20.12,732.25,Electronic check,1,No,No,No
CUST-06197,64,Month-to-month,73.55,4684.88,Credit card (automatic),3,Fiber optic,No,No
CUST-06198,39,Month-to-month,57.87,2255.02,Electronic check,2,DSL,No,No
CUST-06199,2,Month-to-month,109.21,215.56,Electronic check,4,Fiber optic,Yes,Yes
CUST-06200,40,Two year,78.21,3070.84,Electronic check,1,Fiber optic,No,No
CUST-06201,59,Two year,58.4,3542.57,Electronic check,1,DSL,Yes,No
CUST-06202,56,Month-to-month,49.25,2819.36,Bank transfer (automatic),2,DSL,No,Yes
CUST-06203,10,Month-to-month,72.28,727.35,Credit card (automatic),4,DSL,No,Yes
CUST-06204,18,Month-to-month,95.49,1745.46,Electronic check,2,Fiber optic,No,Yes
CUST-06205,33,One year,22.59,741.74,Mailed check,3,No,Yes,No
CUST-06206,16,Month-to-month,106.44,1725.84,Bank transfer (automatic),2,Fiber optic,No,No
CUST-06207,15,One year,115.81,1713.49,Mailed check,2,Fiber optic,No,No
CUST-06208,42,One year,19.04,783.29,Mailed check,0,No,No,No
CUST-06209,14,One year,24.59,349.08,Electronic check,1,No,Yes,Yes
CUST-06210,18,Month-to-month,21.81,401.21,Bank transfer (automatic),1,No,No,No
CUST-06211,5,Month-to-month,101.22,497.77,Bank transfer (automatic),2,Fiber optic,No,No
CUST-06212,32,Month-to-month,111.57,3626.95,Credit card (automatic),3,Fiber optic,No,No
CUST-06213,12,Month-to-month,54.39,657.08,Mailed check,0,DSL,No,Yes
CUST-06214,0,Month-to-month,24.77, ,Credit card (automatic),2,No,Yes,No
CUST-06215,7,Two year,100.78,723.34,Credit card (automatic),1,Fiber optic,Yes,No
CUST-06216,38,Two year,83.6,3267.08,Electronic check,1,Fiber optic,Yes,No
CUST-06217,3,Month-to-month,114.84,347.57,Electronic check,0,Fiber optic,No,No
CUST-06218,54,Month-to-month,44.61,2430.67,Credit card (automatic),2,DSL,No,Yes
CUST-06219,2,Month-to-month,98.79,201.34,Bank transfer (automatic),0,Fiber optic,No,Yes
CUST-06220,26,Two year,70.82,1890.05,Electronic check,0,Fiber optic,Yes,No
CUST-06221,8,One year,45.47,356.95,Electronic check,4,DSL,No,Yes
CUST-06222,22,One year,74.88,1628.37,Electronic check,1,Fiber optic,Yes,Yes
CUST-06223,22,One year,24.96,544.68,Electronic check,0,No,Yes,Yes
CUST-06224,59,One year,62.84,3615.19,Bank transfer (automatic),1,DSL,No,No
CUST-06225,53,Month-to-month,82.68,4313.22,Electronic check,1,Fiber optic,Yes,Yes
CUST-06226,61,Month-to-month,56.72,3409.99,Electronic check,0,DSL,No,No
CUST-06227,25,One year,24.54,621.98,Electronic check,2,No,Yes,No
CUST-06228,18,Two year,97.79,1736.34,Credit card (automatic),2,Fiber optic,No,No
CUST-06229,70,Two year,43.65,3051.13,Bank transfer (automatic),2,DSL,No,No
CUST-06230,20,Two year,112.47,2313.89,Credit card (automatic),3,Fiber optic,No,No
CUST-06231,10,One year,96.25,971.24,Electronic check,7,Fiber optic,Yes,Yes
CUST-06232,1,Month-to-month,49.64,49.05,Credit card (automatic),1,DSL,No,No
CUST-06233,11,Month-to-month,68.53,760.22,Bank transfer (automatic),2,DSL,No,No
CUST-06234,12,Month-to-month,61.93,731.55,Electronic check,1,DSL,Yes,No
CUST-06235,54,One year,19.67,1043.06,Electronic check,3,No,No,Yes
CUST-06236,14,One year,23.13,321.67,Electronic check,1,No,Yes,No
CUST-06237,9,Month-to-month,23.06,203.12,Electronic check,2,No,Yes,No
CUST-06238,60,Two year,77.25,4608.27,Electronic check,5,DSL,Yes,Yes
CUST-06239,3,Two year,82.88,254.02,Bank transfer (automatic),1,Fiber optic,No,No
CUST-06240,13,Month-to-month,62.46,809.93,Electronic check,0,DSL,No,Yes
CUST-06241,2,Month-to-month,85.65,168.05,Mailed check,1,Fiber optic,No,Yes
CUST-06242,32,Two year,84.54,2667.74,Bank transfer (automatic),0,Fiber optic,No,No
CUST-06243,21,Month-to-month,94.65,1979.63,Credit card (automatic),1,Fiber optic,No,No
CUST-06244,43,Two year,68.52,2947.97,Credit card (automatic),1,DSL,Yes,No
CUST-06245,49,Two year,64.52,3193.31,Electronic check,0,DSL,No,No
CUST-06246,11,Month-to-month,19.13,214.94,Bank transfer (automatic),0,No,No,No
CUST-06247,0,Month-to-month,25.17, ,Electronic check,1,No,Yes,Yes
CUST-06248,9,Month-to-month,68.3,604.06,Electronic check,0,DSL,No,Yes
CUST-06249,21,One year,98.24,2096.30,Bank transfer (automatic),4,Fiber optic,Yes,Yes
CUST-06250,17,One year,77.03,1321.82,Credit card (automatic),2,Fiber optic,No,Yes
CUST-06251,49,Month-to-month,76.58,3726.75,Bank transfer (automatic),3,Fiber optic,Yes,Yes
CUST-06252,33,One year,53.18,1720.54,Credit card (automatic),0,DSL,Yes,No
CUST-06253,3,Month-to-month,25.17,76.67,Bank transfer (automatic),2,No,Yes,No
CUST-06254,52,One year,19.35,989.53,Bank transfer (automatic),2,No,Yes,No
CUST-06255,9,One year,101.92,916.85,Electronic check,4,Fiber optic,Yes,Yes
CUST-06256,1,Month-to-month,65.97,65.69,Mailed check,3,DSL,Yes,Yes
CUST-06257,4,Month-to-month,45.85,185.77,Credit card (automatic),0,DSL,Yes,No
CUST-06258,60,One year,104.48,6306.28,Bank transfer (automatic),3,Fiber optic,No,No
CUST-06259,1,Two year,21.82,21.49,Electronic check,0,No,No,No
CUST-06260,35,Month-to-month,94.41,3353.83,Bank transfer (automatic),3,Fiber optic,Yes,No
CUST-06261,32,Month-to-month,42.7,1381.41,Electronic check,2,DSL,Yes,No
CUST-06262,53,One year,75.14,4006.01,Credit card (automatic),0,DSL,Yes,No
CUST-06263,38,Two year,99.76,3689.56,Credit card (automatic),4,Fiber optic,No,Yes
CUST-06264,4,Month-to-month,22.78,93.59,Credit card (automatic),1,No,Yes,No
CUST-06265,42,Two year,56.66,2312.85,Electronic check,3,DSL,Yes,No
CUST-06266,66,Month-to-month,23.51,1579.41,Electronic check,4,No,No,No
CUST-06267,25,Month-to-month,72.82,1789.13,Credit card (automatic),1,DSL,No,No
CUST-06268,40,Month-to-month,60.52,2348.42,Mailed check,1,DSL,Yes,No
CUST-06269,11,One year,96.57,1032.63,Credit card (automatic),4,Fiber optic,Yes,No
CUST-06270,21,Month-to-month,50.08,1024.36,Credit card (automatic),2,DSL,Yes,No
CUST-06271,13,Month-to-month,55.36,736.36,Credit card (automatic),1,DSL,No,No
CUST-06272,46,One year,92.82,4333.87,Electronic check,3,Fiber optic,No,Yes
CUST-06273,30,Month-to-month,102.24,3066.60,Bank transfer (automatic),4,Fiber optic,Yes,Yes
CUST-06274,56,Month-to-month,76.42,4384.64,Credit card (automatic),3,DSL,No,No
CUST-06275,3,Month-to-month,19.28,57.99,Electronic check,1,No,Yes,Yes
CUST-06276,25,One year,61.76,1528.07,Bank transfer (automatic),2,DSL,Yes,No
CUST-06277,50,Month-to-month,22.83,1107.67,Mailed check,2,No,Yes,Yes
CUST-06278,0,Month-to-month,24.44, ,Electronic check,1,No,Yes,No
CUST-06279,68,Month-to-month,73.21,5067.47,Credit card (automatic),2,DSL,Yes,No
CUST-06280,1,Two year,102.21,105.07,Electronic check,4,Fiber optic,Yes,Yes
CUST-06281,24,One year,19.71,463.14,Electronic check,3,No,No,No
CUST-06282,15,Two year,70.89,1093.54,Electronic check,2,DSL,Yes,No
CUST-06283,48,Two year,63.56,3001.50,Mailed check,0,DSL,Yes,No
CUST-06284,0,Two year,77.49, ,Credit card (automatic),1,DSL,No,No
CUST-06285,61,Two year,116.47,7135.05,Electronic check,5,Fiber optic,Yes,Yes
CUST-06286,13,Month-to-month,96.89,1235.91,Credit card (automatic),3,Fiber optic,No,No
CUST-06287,12,Month-to-month,76.84,909.75,Bank transfer (automatic),1,DSL,Yes,Yes
CUST-06288,12,Month-to-month,18.44,227.76,Bank transfer (automatic),0,No,No,No
CUST-06289,15,Month-to-month,114.63,1709.72,Electronic check,2,Fiber optic,No,No
CUST-06290,63,One year,25.48,1588.32,Credit card (automatic),4,No,No,Yes
CUST-06291,3,Month-to-month,117.73,355.38,Electronic check,1,Fiber optic,No,No
CUST-06292,27,Two year,70.82,1861.00,Electronic check,2,DSL,No,No
CUST-06293,9,One year,78.81,696.50,Credit card (automatic),2,Fiber optic,No,Yes
CUST-06294,51,Two year,25.56,1338.28,Electronic check,2,No,Yes,No
CUST-06295,28,One year,90.86,2600.12,Bank transfer (automatic),2,Fiber optic,No,No
CUST-06296,56,One year,92.97,5198.91,Bank transfer (automatic),2,Fiber optic,No,No
CUST-06297,36,One year,18.36,671.10,Bank transfer (automatic),1,No,No,No
CUST-06298,8,Month-to-month,55.0,435.57,Electronic check,1,DSL,Yes,Yes
CUST-06299,9,Month-to-month,82.54,755.69,Bank transfer (automatic),1,Fiber optic,Yes,Yes
CUST-06300,2,Month-to-month,21.62,43.47,Bank transfer (automatic),2,No,No,Yes
CUST-06301,22,Two year,52.3,1121.69,Mailed check,1,DSL,No,No
CUST-06302,40,Two year,91.8,3690.70,Mailed check,3,Fiber optic,No,No
CUST-06303,61,One year,47.87,2904.60,Electronic check,2,DSL,Yes,No
CUST-06304,12,Month-to-month,116.41,1388.10,Electronic check,1,Fiber optic,No,No
CUST-06305,45,Month-to-month,23.23,1053.26,Electronic check,2,No,No,No
CUST-06306,25,Month-to-month,25.66,631.77,Credit card (automatic),0,No,No,No
CUST-06307,0,One year,70.23, ,Bank transfer (automatic),0,Fiber optic,Yes,Yes
CUST-06308,65,Month-to-month,110.75,7264.62,Electronic check,2,Fiber optic,Yes,No
CUST-06309,41,Month-to-month,18.88,791.05,Electronic check,2,No,Yes,No
CUST-06310,8,One year,107.72,878.68,Electronic check,2,Fiber optic,No,No
CUST-06311,1,Month-to-month,114.97,115.32,Electronic check,1,Fiber optic,Yes,Yes
CUST-06312,15,One year,76.86,1164.07,Electronic check,0,Fiber optic,Yes,No
CUST-06313,11,Month-to-month,77.3,831.24,Credit card (automatic),0,DSL,No,No
CUST-06314,43,One year,91.27,3887.65,Mailed check,3,Fiber optic,Yes,No
CUST-06315,27,Two year,86.78,2291.03,Electronic check,3,Fiber optic,Yes,Yes
CUST-06316,11,One year,24.22,271.36,Mailed check,1,No,No,Yes
CUST-06317,5,Two year,111.59,564.89,Electronic check,2,Fiber optic,Yes,No
CUST-06318,34,Two year,110.78,3725.78,Bank transfer (automatic),2,Fiber optic,No,Yes
CUST-06319,54,Month-to-month,65.21,3591.73,Electronic check,4,DSL,No,Yes
CUST-06320,33,Month-to-month,53.28,1777.72,Bank transfer (automatic),3,DSL,No,No
CUST-06321,24,One year,52.57,1256.05,Mailed check,1,DSL,No,No
CUST-06322,54,One year,81.15,4421.61,Mailed check,2,Fiber optic,Yes,No
CUST-06323,10,Month-to-month,77.14,778.78,Credit card (automatic),0,Fiber optic,Yes,No
CUST-06324,18,Two year,89.14,1561.14,Bank transfer (automatic),0,Fiber optic,Yes,Yes
CUST-06325,16,Two year,111.73,1820.27,Mailed check,2,Fiber optic,Yes,Yes
CUST-06326,48,Two year,78.76,3827.70,Electronic check,0,DSL,Yes,No
CUST-06327,63,One year,67.75,4176.13,Bank transfer (automatic),2,DSL,Yes,No
CUST-06328,24,Month-to-month,19.42,472.72,Bank transfer (automatic),2,No,No,No
CUST-06329,40,One year,102.84,4216.03,Electronic check,2,Fiber optic,No,No
CUST-06330,17,One year,52.52,899.86,Bank transfer (automatic),3,DSL,No,No
CUST-06331,22,Month-to-month,68.62,1551.48,Mailed check,3,DSL,No,Yes
CUST-06332,48,Month-to-month,81.52,3889.61,Credit card (automatic),2,Fiber optic,No,No
CUST-06333,34,Two year,78.0,2659.60,Mailed check,2,Fiber optic,No,No
CUST-06334,0,Month-to-month,100.93, ,Credit card (automatic),1,Fiber optic,No,Yes
CUST-06335,16,Two year,23.39,382.62,Credit card (automatic),3,No,Yes,No
CUST-06336,40,Two year,79.01,3136.03,Credit card (automatic),2,Fiber optic,Yes,No
CUST-06337,35,Two year,22.09,750.23,Electronic check,2,No,Yes,No
CUST-06338,1,One year,74.56,72.57,Electronic check,4,DSL,No,Yes
CUST-06339,27,Month-to-month,23.39,638.93,Bank transfer (automatic),0,No,No,No
CUST-06340,14,Month-to-month,102.95,1454.24,Electronic check,1,Fiber optic,Yes,Yes
CUST-06341,2,Two year,68.84,140.17,Bank transfer (automatic),2,DSL,No,No
CUST-06342,3,Month-to-month,55.24,161.69,Electronic check,3,DSL,Yes,Yes
CUST-06343,22,Month-to-month,50.0,1117.50,Electronic check,2,DSL,No,No
CUST-06344,43,One year,69.2,3024.56,Electronic check,1,DSL,Yes,No
CUST-06345,27,Month-to-month,72.05,1981.25,Mailed check,2,DSL,No,Yes
CUST-06346,0,Two year,113.67, ,Electronic check,3,Fiber optic,No,No
CUST-06347,27,Month-to-month,71.45,1876.73,Mailed check,2,DSL,Yes,Yes
CUST-06348,38,Month-to-month,55.1,2136.06,Mailed check,5,DSL,No,Yes
CUST-06349,7,Month-to-month,92.76,663.98,Credit card (automatic),0,Fiber optic,No,No
CUST-06350,43,One year,70.89,3062.97,Electronic check,3,DSL,Yes,No
CUST-06351,19,One year,96.21,1878.65,Credit card (automatic),1,Fiber optic,Yes,No
CUST-06352,7,Two year,62.78,439.85,Bank transfer (automatic),2,DSL,Yes,No
CUST-06353,30,One year,115.95,3544.05,Bank transfer (automatic),3,Fiber optic,Yes,No
CUST-06354,7,Month-to-month,116.68,800.96,Credit card (automatic),2,Fiber optic,Yes,Yes
CUST-06355,18,One year,70.21,1255.39,Electronic check,3,DSL,Yes,Yes
CUST-06356,65,Two year,24.32,1572.67,Mailed check,2,No,Yes,No
CUST-06357,1,Month-to-month,52.13,51.68,Bank transfer (automatic),3,DSL,Yes,No
CUST-06358,46,Month-to-month,98.95,4445.55,Bank transfer (automatic),1,Fiber optic,No,Yes
CUST-06359,8,Two year,93.3,742.02,Electronic check,1,Fiber optic,Yes,No
CUST-06360,5,Month-to-month,43.99,225.90,Electronic check,2,DSL,No,No
CUST-06361,15,Month-to-month,24.88,374.82,Bank transfer (automatic),2,No,Yes,No
CUST-06362,63,Month-to-month,84.42,5466.11,Credit card (automatic),1,Fiber optic,No,Yes
CUST-06363,3,Month-to-month,25.24,76.62,Bank transfer (automatic),2,No,No,No
CUST-06364,36,Two year,23.02,824.25,Electronic check,3,No,Yes,No
CUST-06365,3,Month-to-month,72.09,213.91,Bank transfer (automatic),0,DSL,Yes,No
CUST-06366,58,Two year,92.36,5227.94,Bank transfer (automatic),3,Fiber optic,Yes,Yes
CUST-06367,26,Month-to-month,49.32,1279.39,Bank transfer (automatic),1,DSL,No,No
CUST-06368,32,Month-to-month,24.81,809.68,Bank transfer (automatic),3,No,Yes,No
CUST-06369,9,Month-to-month,108.15,952.11,Bank transfer (automatic),2,Fiber optic,Yes,No
CUST-06370,3,Month-to-month,23.91,73.57,Bank transfer (automatic),3,No,Yes,Yes
CUST-06371,18,Two year,80.37,1463.27,Mailed check,2,Fiber optic,Yes,No
CUST-06372,11,Month-to-month,95.43,1063.32,Bank transfer (automatic),0,Fiber optic,No,No
CUST-06373,44,One year,20.67,915.68,Electronic check,0,No,No,No
CUST-06374,13,Two year,64.81,828.88,Bank transfer (automatic),0,DSL,No,No
CUST-06375,39,One year,61.88,2381.97,Bank transfer (automatic),1,DSL,Yes,No
CUST-06376,15,One year,78.65,1210.90,Mailed check,3,Fiber optic,Yes,No
CUST-06377,18,Two year,22.93,413.75,Bank transfer (automatic),2,No,Yes,No
CUST-06378,16,One year,71.86,1137.86,Credit card (automatic),4,Fiber optic,Yes,No
CUST-06379,18,One year,18.78,328.34,Electronic check,1,No,No,Yes
CUST-06380,17,One year,19.62,331.62,Bank transfer (automatic),0,No,Yes,No
CUST-06381,6,Month-to-month,98.22,575.13,Mailed check,1,Fiber optic,Yes,Yes
CUST-06382,19,Month-to-month,70.15,1309.24,Credit card (automatic),0,DSL,No,Yes
CUST-06383,8,Month-to-month,108.15,876.27,Electronic check,1,Fiber optic,No,No
CUST-06384,8,Month-to-month,83.49,650.42,Credit card (automatic),3,Fiber optic,No,Yes
CUST-06385,42,Month-to-month,88.73,3616.67,Credit card (automatic),0,Fiber optic,No,No
CUST-06386,2,Month-to-month,81.4,163.45,Electronic check,1,Fiber optic,Yes,Yes
CUST-06387,12,Month-to-month,43.82,529.33,Credit card (automatic),0,DSL,No,No
CUST-06388,23,One year,21.96,496.14,Electronic check,1,No,No,Yes
CUST-06389,51,Two year,62.34,3266.84,Credit card (automatic),3,DSL,No,No
CUST-06390,9,Month-to-month,76.54,701.65,Electronic check,0,DSL,Yes,No
CUST-06391,22,Month-to-month,104.7,2270.68,Credit card (automatic),1,Fiber optic,Yes,No
CUST-06392,13,Month-to-month,76.51,1022.70,Bank transfer (automatic),1,DSL,Yes,Yes
CUST-06393,24,Two year,52.67,1255.08,Credit card (automatic),1,DSL,Yes,No
CUST-06394,39,One year,23.68,901.15,Bank transfer (automatic),1,No,No,No
CUST-06395,61,Two year,64.28,3924.56,Bank transfer (automatic),2,DSL,No,Yes
CUST-06396,25,Two year,84.47,2157.10,Mailed check,0,Fiber optic,No,No
CUST-06397,10,Month-to-month,19.83,195.19,Electronic check,1,No,No,No
CUST-06398,4,Month-to-month,84.19,340.35,Electronic check,2,Fiber optic,No,Yes
CUST-06399,69,Two year,25.6,1782.04,Credit card (automatic),2,No,Yes,No
CUST-06400,32,Month-to-month,18.42,587.45,Mailed check,1,No,Yes,No
CUST-06401,20,One year,75.44,1506.09,Electronic check,1,DSL,No,No
CUST-06402,15,Month-to-month,107.62,1616.39,Credit card (automatic),3,Fiber optic,No,No
CUST-06403,25,One year,96.5,2352.86,Bank transfer (automatic),2,Fiber optic,Yes,No
CUST-06404,35,Month-to-month,111.84,3861.75,Electronic check,3,Fiber optic,No,Yes
CUST-06405,25,Two year,44.39,1087.64,Mailed check,1,DSL,No,No
CUST-06406,58,Two year,22.33,1283.91,Mailed check,2,No,Yes,No
CUST-06407,6,One year,20.39,124.83,Electronic check,1,No,Yes,No
CUST-06408,23,Month-to-month,42.86,987.82,Credit card (automatic),3,DSL,Yes,Yes
CUST-06409,71,Two year,100.18,7062.30,Mailed check,2,Fiber optic,Yes,No
CUST-06410,23,One year,23.18,542.76,Credit card (automatic),2,No,No,No
CUST-06411,21,Month-to-month,64.0,1347.95,Credit card (automatic),1,DSL,Yes,No
CUST-06412,17,Month-to-month,89.04,1490.69,Electronic check,2,Fiber optic,Yes,No
CUST-06413,13,Two year,24.28,309.82,Electronic check,2,No,Yes,Yes
CUST-06414,5,Two year,54.99,282.96,Mailed check,3,DSL,No,No
CUST-06415,60,One year,64.48,3775.19,Electronic check,3,DSL,No,Yes
CUST-06416,10,Month-to-month,25.72,263.74,Mailed check,1,No,Yes,Yes
CUST-06417,43,Two year,24.59,1069.34,Credit card (automatic),2,No,No,No
CUST-06418,11,Month-to-month,101.41,1097.78,Bank transfer (automatic),4,Fiber optic,No,No
CUST-06419,12,One year,102.87,1228.36,Mailed check,2,Fiber optic,Yes,No
CUST-06420,4,Month-to-month,111.0,452.96,Bank transfer (automatic),1,Fiber optic,No,No
CUST-06421,43,Two year,48.9,2090.37,Electronic check,2,DSL,Yes,No
CUST-06422,35,One year,75.37,2606.06,Credit card (automatic),3,Fiber optic,Yes,No
CUST-06423,17,Month-to-month,50.54,842.51,Bank transfer (automatic),1,DSL,Yes,No
CUST-06424,8,Month-to-month,106.3,828.73,Credit card (automatic),1,Fiber optic,No,No
CUST-06425,0,Month-to-month,107.52, ,Mailed check,3,Fiber optic,No,Yes
CUST-06426,29,Two year,18.46,549.51,Electronic check,2,No,No,No
CUST-06427,16,Month-to-month,44.68,721.99,Electronic check,2,DSL,No,No
CUST-06428,3,Month-to-month,117.85,347.69,Credit card (automatic),1,Fiber optic,Yes,No
CUST-06429,3,Month-to-month,93.99,282.78,Mailed check,0,Fiber optic,No,No
CUST-06430,52,Month-to-month,22.27,1184.61,Electronic check,0,No,No,No
CUST-06431,0,Month-to-month,99.84, ,Credit card (automatic),1,Fiber optic,No,Yes
CUST-06432,43,Two year,117.02,5039.81,Bank transfer (automatic),2,Fiber optic,Yes,No
CUST-06433,17,Month-to-month,48.31,810.90,Credit card (automatic),2,DSL,Yes,Yes
CUST-06434,51,Two year,65.54,3298.84,Credit card (automatic),1,DSL,Yes,No
CUST-06435,14,Month-to-month,73.7,1002.87,Electronic check,6,Fiber optic,Yes,No
CUST-06436,31,Two year,95.03,2861.45,Electronic check,2,Fiber optic,Yes,No
CUST-06437,36,One year,91.46,3282.91,Mailed check,2,Fiber optic,Yes,No
CUST-06438,62,Two year,52.26,3233.17,Credit card (automatic),1,DSL,No,No
CUST-06439,5,Month-to-month,58.54,296.52,Bank transfer (automatic),2,DSL,No,Yes
CUST-06440,26,Two year,104.04,2782.91,Electronic check,2,Fiber optic,Yes,No
CUST-06441,42,Month-to-month,111.0,4551.62,Electronic check,4,Fiber optic,Yes,No
CUST-06442,38,Month-to-month,71.07,2619.98,Mailed check,2,DSL,Yes,No
CUST-06443,9,Month-to-month,98.51,863.36,Bank transfer (automatic),2,Fiber optic,Yes,No
CUST-06444,40,Month-to-month,24.98,991.83,Electronic check,1,No,No,No
CUST-06445,45,Two year,103.83,4756.91,Electronic check,3,Fiber optic,Yes,No
CUST-06446,9,Month-to-month,110.87,982.59,Electronic check,2,Fiber optic,No,No
CUST-06447,22,Month-to-month,89.41,1924.67,Electronic check,5,Fiber optic,Yes,Yes
CUST-06448,38,One year,23.49,866.28,Mailed check,5,No,No,Yes
CUST-06449,17,Month-to-month,45.21,772.93,Credit card (automatic),0,DSL,Yes,No
CUST-06450,59,Two year,25.43,1499.90,Electronic check,1,No,No,No
CUST-06451,67,Two year,100.68,6820.00,Bank transfer (automatic),2,Fiber optic,No,No
CUST-06452,39,Two year,73.68,2899.73,Electronic check,0,DSL,Yes,No
CUST-06453,7,Month-to-month,93.66,662.17,Mailed check,2,Fiber optic,Yes,Yes
CUST-06454,16,Month-to-month,43.62,704.17,Electronic check,1,DSL,No,Yes
CUST-06455,39,Two year,93.99,3598.20,Credit card (automatic),2,Fiber optic,Yes,No
CUST-06456,52,Two year,105.38,5453.53,Bank transfer (automatic),0,Fiber optic,No,No
CUST-06457,37,One year,18.74,680.86,Electronic check,2,No,No,No
CUST-06458,7,Month-to-month,46.15,330.59,Bank transfer (automatic),0,DSL,Yes,No
CUST-06459,3,Month-to-month,18.66,56.26,Credit card (automatic),0,No,No,Yes
CUST-06460,40,Two year,75.84,3084.94,Credit card (automatic),0,Fiber optic,Yes,Yes
CUST-06461,18,Month-to-month,99.95,1774.66,Bank transfer (automatic),5,Fiber optic,Yes,Yes
CUST-06462,28,One year,24.81,708.33,Bank transfer (automatic),1,No,No,No
CUST-06463,38,Two year,92.96,3457.80,Electronic check,2,Fiber optic,Yes,No
CUST-06464,15,Month-to-month,109.43,1592.51,Bank transfer (automatic),2,Fiber optic,No,No
CUST-06465,15,Month-to-month,57.01,880.00,Credit card (automatic),1,DSL,No,No
CUST-06466,36,Two year,73.63,2577.45,Bank transfer (automatic),2,DSL,Yes,No
CUST-06467,27,Month-to-month,19.43,518.02,Electronic check,1,No,No,Yes
CUST-06468,7,Month-to-month,97.98,675.02,Bank transfer (automatic),2,Fiber optic,Yes,No
CUST-06469,58,Two year,22.15,1266.23,Mailed check,2,No,Yes,No
CUST-06470,34,Month-to-month,19.02,635.92,Bank transfer (automatic),3,No,Yes,Yes
CUST-06471,49,Month-to-month,51.17,2450.46,Credit card (automatic),1,DSL,No,No
CUST-06472,52,Month-to-month,21.88,1156.37,Electronic check,3,No,No,No
CUST-06473,28,One year,70.6,2006.91,Credit card (automatic),1,DSL,Yes,No
CUST-06474,31,Month-to-month,25.04,786.47,Electronic check,1,No,No,Yes
CUST-06475,45,Two year,23.77,1079.41,Electronic check,1,No,Yes,No
CUST-06476,3,Month-to-month,84.28,252.68,Bank transfer (automatic),1,Fiber optic,Yes,No
CUST-06477,36,One year,19.02,688.19,Bank transfer (automatic),1,No,No,No
CUST-06478,58,One year,61.62,3473.35,Mailed check,1,DSL,Yes,No
CUST-06479,4,Month-to-month,55.03,219.83,Electronic check,3,DSL,Yes,Yes
CUST-06480,1,One year,97.46,99.52,Credit card (automatic),0,Fiber optic,No,No
CUST-06481,2,One year,56.99,112.00,Mailed check,1,DSL,No,No
CUST-06482,47,Month-to-month,88.49,4210.91,Credit card (automatic),6,Fiber optic,No,Yes
CUST-06483,19,One year,114.46,2121.91,Credit card (automatic),0,Fiber optic,Yes,Yes
CUST-06484,17,One year,66.8,1106.80,Electronic check,2,DSL,No,No
CUST-06485,5,Month-to-month,102.65,520.61,Bank transfer (automatic),2,Fiber optic,No,Yes
CUST-06486,5,Month-to-month,47.37,234.12,Electronic check,1,DSL,No,Yes
CUST-06487,49,Month-to-month,21.17,1026.94,Electronic check,4,No,No,Yes
CUST-06488,35,One year,107.18,3762.97,Electronic check,4,Fiber optic,No,Yes
CUST-06489,1,Month-to-month,63.14,64.19,Electronic check,0,DSL,Yes,No
CUST-06490,64,Two year,59.26,3892.85,Electronic check,1,DSL,Yes,No
CUST-06491,42,Two year,25.55,1057.40,Mailed check,2,No,Yes,No
CUST-06492,19,Month-to-month,47.46,902.38,Electronic check,2,DSL,No,No
CUST-06493,5,Month-to-month,48.35,241.42,Electronic check,2,DSL,Yes,Yes
CUST-06494,25,One year,97.46,2409.48,Bank transfer (automatic),2,Fiber optic,Yes,No
CUST-06495,49,Two year,21.29,1060.96,Mailed check,3,No,Yes,No
CUST-06496,11,Two year,60.0,657.15,Mailed check,1,DSL,Yes,No
CUST-06497,64,Month-to-month,96.71,6169.67,Credit card (automatic),0,Fiber optic,Yes,No
CUST-06498,11,Month-to-month,19.21,205.33,Mailed check,1,No,Yes,No
CUST-06499,5,One year,83.17,416.30,Bank transfer (automatic),2,Fiber optic,Yes,Yes
CUST-06500,11,One year,96.19,1080.00,Mailed check,1,Fiber optic,No,No
CUST-06501,31,One year,19.7,603.02,Bank transfer (automatic),1,No,Yes,No
CUST-06502,24,Month-to-month,73.06,1800.47,Credit card (automatic),0,DSL,Yes,No
CUST-06503,8,Month-to-month,71.02,569.85,Bank transfer (automatic),4,DSL,Yes,Yes
CUST-06504,14,Month-to-month,97.7,1364.21,Mailed check,4,Fiber optic,No,Yes
CUST-06505,8,Month-to-month,94.13,753.34,Electronic check,1,Fiber optic,Yes,Yes
CUST-06506,19,Month-to-month,115.32,2166.67,Credit card (automatic),2,Fiber optic,No,No
CUST-06507,1,Month-to-month,69.89,70.71,Electronic check,0,DSL,Yes,No
CUST-06508,14,One year,71.86,1023.41,Bank transfer (automatic),2,Fiber optic,Yes,No
CUST-06509,27,One year,80.89,2121.62,Credit card (automatic),2,Fiber optic,No,No
CUST-06510,18,One year,18.8,345.45,Electronic check,1,No,No,Yes
CUST-06511,6,Month-to-month,25.71,149.89,Mailed check,1,No,Yes,No
CUST-06512,51,Two year,90.58,4685.51,Mailed check,3,Fiber optic,No,No
CUST-06513,4,Month-to-month,76.54,308.82,Electronic check,3,Fiber optic,No,Yes
CUST-06514,10,Month-to-month,20.94,211.43,Credit card (automatic),1,No,No,No
CUST-06515,34,One year,117.77,4024.76,Bank transfer (automatic),5,Fiber optic,No,Yes
CUST-06516,9,One year,47.71,441.58,Credit card (automatic),1,DSL,Yes,No
CUST-06517,65,Two year,20.93,1321.97,Credit card (automatic),1,No,Yes,No
CUST-06518,12,Month-to-month,52.54,639.75,Credit card (automatic),2,DSL,Yes,Yes
CUST-06519,5,Month-to-month,108.52,538.92,Credit card (automatic),3,Fiber optic,Yes,No
CUST-06520,54,Month-to-month,18.44,999.80,Bank transfer (automatic),1,No,Yes,No
CUST-06521,25,One year,76.96,1938.90,Bank transfer (automatic),1,DSL,No,Yes
CUST-06522,2,Month-to-month,112.35,219.94,Electronic check,1,Fiber optic,Yes,Yes
CUST-06523,13,Month-to-month,20.98,266.50,Mailed check,2,No,Yes,No
CUST-06524,31,Month-to-month,25.01,761.15,Bank transfer (automatic),4,No,No,Yes
CUST-06525,17,One year,90.75,1521.91,Electronic check,2,Fiber optic,No,No
CUST-06526,20,Two year,84.23,1670.04,Electronic check,1,Fiber optic,No,No
CUST-06527,9,One year,89.84,788.15,Bank transfer (automatic),3,Fiber optic,Yes,No
CUST-06528,40,Two year,24.44,972.11,Electronic check,1,No,Yes,No
CUST-06529,3,Month-to-month,62.93,193.56,Electronic check,0,DSL,No,Yes
CUST-06530,23,One year,80.59,1880.51,Electronic check,1,Fiber optic,Yes,No
CUST-06531,27,One year,73.4,2009.28,Electronic check,3,Fiber optic,No,Yes
CUST-06532,43,Two year,99.57,4246.43,Bank transfer (automatic),5,Fiber optic,Yes,Yes
CUST-06533,5,Month-to-month,24.39,122.68,Bank transfer (automatic),2,No,No,No
CUST-06534,0,Two year,24.67, ,Electronic check,0,No,Yes,No
CUST-06535,11,One year,72.45,786.11,Electronic check,2,DSL,Yes,No
CUST-06536,8,One year,22.1,175.59,Mailed check,2,No,Yes,No
CUST-06537,12,One year,88.41,1053.25,Bank transfer (automatic),1,Fiber optic,Yes,No
CUST-06538,37,One year,78.0,2933.78,Electronic check,1,DSL,Yes,Yes
CUST-06539,13,Month-to-month,25.17,327.64,Mailed check,1,No,Yes,No
CUST-06540,2,One year,106.66,212.00,Bank transfer (automatic),2,Fiber optic,No,Yes
CUST-06541,11,Month-to-month,21.48,231.59,Electronic check,1,No,Yes,Yes
CUST-06542,30,One year,77.93,2396.86,Bank transfer (automatic),1,DSL,Yes,No
CUST-06543,7,Month-to-month,56.11,389.38,Mailed check,0,DSL,No,No
CUST-06544,38,One year,103.37,3889.07,Mailed check,1,Fiber optic,Yes,No
CUST-06545,26,One year,20.46,527.64,Credit card (automatic),2,No,No,No
CUST-06546,36,One year,72.92,2586.82,Mailed check,3,DSL,No,No
CUST-06547,30,Month-to-month,111.93,3425.49,Mailed check,0,Fiber optic,No,No
CUST-06548,52,Month-to-month,61.03,3210.69,Electronic check,0,DSL,No,Yes
CUST-06549,31,Month-to-month,62.96,1973.78,Mailed check,4,DSL,Yes,Yes
CUST-06550,15,Month-to-month,25.36,380.59,Bank transfer (automatic),4,No,No,Yes
CUST-06551,13,Two year,76.93,982.79,Electronic check,4,Fiber optic,Yes,No
CUST-06552,14,Month-to-month,59.66,832.42,Electronic check,2,DSL,Yes,No
CUST-06553,36,One year,95.76,3519.39,Electronic check,1,Fiber optic,No,No
CUST-06554,3,Month-to-month,72.22,219.64,Bank transfer (automatic),0,DSL,Yes,No
CUST-06555,30,One year,70.81,2128.33,Credit card (automatic),0,DSL,Yes,Yes
CUST-06556,25,Two year,99.35,2529.59,Credit card (automatic),3,Fiber optic,Yes,No
CUST-06557,58,Month-to-month,77.59,4486.13,Bank transfer (automatic),2,Fiber optic,Yes,Yes
CUST-06558,11,Month-to-month,21.3,238.54,Credit card (automatic),2,No,No,No
CUST-06559,25,Month-to-month,18.93,474.73,Electronic check,1,No,No,No
CUST-06560,2,Month-to-month,77.33,152.70,Credit card (automatic),2,Fiber optic,No,No
CUST-06561,23,Month-to-month,50.74,1174.78,Credit card (automatic),0,DSL,Yes,No
CUST-06562,10,Month-to-month,20.75,210.04,Bank transfer (automatic),1,No,No,Yes
CUST-06563,57,One year,91.46,5272.76,Bank transfer (automatic),3,Fiber optic,Yes,No
CUST-06564,45,Two year,68.73,3135.01,Electronic check,2,DSL,No,No
CUST-06565,10,Month-to-month,71.13,728.04,Credit card (automatic),2,Fiber optic,Yes,No
CUST-06566,17,Two year,24.79,412.79,Mailed check,3,No,No,No
CUST-06567,44,Month-to-month,78.61,3501.42,Credit card (automatic),3,DSL,No,No
CUST-06568,4,One year,117.0,478.10,Electronic check,3,Fiber optic,Yes,No
CUST-06569,9,Month-to-month,90.72,810.24,Electronic check,2,Fiber optic,Yes,Yes
CUST-06570,6,One year,89.47,533.65,Bank transfer (automatic),1,Fiber optic,Yes,No
CUST-06571,29,Month-to-month,61.51,1750.11,Credit card (automatic),2,DSL,Yes,No
CUST-06572,16,One year,66.69,1071.63,Electronic check,3,DSL,No,Yes
CUST-06573,20,Month-to-month,83.53,1715.27,Mailed check,4,Fiber optic,Yes,Yes
CUST-06574,13,Month-to-month,101.93,1301.55,Credit card (automatic),4,Fiber optic,Yes,Yes
CUST-06575,12,Month-to-month,85.08,1040.01,Electronic check,3,Fiber optic,Yes,Yes
CUST-06576,16,One year,102.21,1607.50,Electronic check,1,Fiber optic,Yes,No
CUST-06577,53,One year,23.15,1200.78,Bank transfer (automatic),0,No,No,No
CUST-06578,38,One year,42.53,1625.11,Credit card (automatic),3,DSL,Yes,No
CUST-06579,4,Month-to-month,24.78,99.93,Bank transfer (automatic),3,No,Yes,Yes
CUST-06580,18,One year,79.39,1452.46,Electronic check,1,Fiber optic,No,No
CUST-06581,6,Month-to-month,118.4,712.75,Credit card (automatic),4,Fiber optic,No,Yes
CUST-06582,5,Month-to-month,22.38,111.28,Bank transfer (automatic),1,No,Yes,No
CUST-06583,26,Month-to-month,56.57,1439.66,Mailed check,1,DSL,No,No
CUST-06584,27,Two year,45.84,1234.16,Credit card (automatic),1,DSL,Yes,No
CUST-06585,50,One year,67.29,3419.71,Bank transfer (automatic),2,DSL,No,Yes
CUST-06586,30,Two year,55.6,1711.28,Electronic check,2,DSL,No,No
CUST-06587,57,Month-to-month,77.55,4468.16,Credit card (automatic),0,DSL,No,No
CUST-06588,8,Month-to-month,73.7,600.61,Electronic check,0,DSL,No,No
CUST-06589,25,Month-to-month,76.07,1923.43,Credit card (automatic),1,Fiber optic,No,Yes
CUST-06590,55,One year,59.16,3202.24,Electronic check,0,DSL,No,Yes
CUST-06591,41,Two year,91.65,3835.38,Electronic check,3,Fiber optic,No,No
CUST-06592,18,Two year,104.55,1911.01,Credit card (automatic),0,Fiber optic,Yes,No
CUST-06593,1,Month-to-month,20.3,19.95,Electronic check,2,No,No,Yes
CUST-06594,1,Month-to-month,72.94,72.96,Credit card (automatic),2,DSL,Yes,Yes
CUST-06595,11,Month-to-month,25.31,285.66,Electronic check,2,No,Yes,No
CUST-06596,9,Month-to-month,96.93,881.80,Credit card (automatic),2,Fiber optic,No,Yes
CUST-06597,16,One year,25.2,412.89,Credit card (automatic),2,No,Yes,No
CUST-06598,30,One year,54.34,1606.72,Bank transfer (automatic),1,DSL,No,No
CUST-06599,2,Month-to-month,85.47,174.29,Electronic check,2,Fiber optic,Yes,No
CUST-06600,46,Two year,23.68,1068.33,Electronic check,1,No,Yes,No
CUST-06601,23,Month-to-month,21.58,504.53,Credit card (automatic),1,No,Yes,No
CUST-06602,15,Two year,52.55,795.84,Electronic check,3,DSL,No,Yes
CUST-06603,3,Month-to-month,85.09,260.01,Bank transfer (automatic),2,Fiber optic,Yes,Yes
CUST-06604,30,Month-to-month,110.58,3368.31,Electronic check,2,Fiber optic,Yes,No
CUST-06605,19,Two year,101.54,1925.54,Credit card (automatic),5,Fiber optic,Yes,Yes
CUST-06606,9,Month-to-month,24.19,223.01,Bank transfer (automatic),3,No,No,Yes
CUST-06607,38,Two year,57.53,2171.82,Electronic check,2,DSL,No,No
CUST-06608,21,Month-to-month,76.67,1603.69,Credit card (automatic),1,DSL,No,No
CUST-06609,32,Two year,74.92,2434.96,Credit card (automatic),0,DSL,Yes,No
CUST-06610,9,Month-to-month,43.8,401.49,Bank transfer (automatic),2,DSL,No,Yes
CUST-06611,16,Two year,87.79,1390.78,Bank transfer (automatic),0,Fiber optic,No,No
CUST-06612,56,Two year,45.19,2536.46,Credit card (automatic),0,DSL,Yes,No
CUST-06613,11,Month-to-month,20.03,216.29,Electronic check,2,No,No,No
CUST-06614,27,Month-to-month,76.19,2003.83,Credit card (automatic),1,DSL,Yes,No
CUST-06615,70,Month-to-month,24.97,1735.57,Electronic check,2,No,Yes,Yes
CUST-06616,69,Two year,72.73,5152.21,Bank transfer (automatic),1,Fiber optic,No,No
CUST-06617,33,Two year,71.74,2334.43,Mailed check,3,Fiber optic,Yes,No
CUST-06618,30,Month-to-month,66.01,1925.70,Mailed check,3,DSL,Yes,No
CUST-06619,6,Month-to-month,51.08,309.15,Mailed check,1,DSL,Yes,No
CUST-06620,19,Two year,42.58,803.16,Bank transfer (automatic),2,DSL,Yes,No
CUST-06621,2,Month-to-month,72.82,147.74,Bank transfer (automatic),0,DSL,No,No
CUST-06622,20,Month-to-month,21.13,416.49,Mailed check,1,No,Yes,No
CUST-06623,35,One year,21.38,757.59,Credit card (automatic),3,No,Yes,No
CUST-06624,25,Month-to-month,75.32,1923.83,Credit card (automatic),1,Fiber optic,Yes,Yes
CUST-06625,43,One year,93.17,4005.68,Electronic check,3,Fiber optic,No,No
CUST-06626,20,Two year,107.84,2215.66,Bank transfer (automatic),2,Fiber optic,Yes,No
CUST-06627,5,Month-to-month,53.41,271.91,Bank transfer (automatic),2,DSL,Yes,No
CUST-06628,51,Two year,24.46,1242.97,Electronic check,2,No,Yes,No
CUST-06629,53,Month-to-month,101.7,5336.53,Credit card (automatic),1,Fiber optic,No,Yes
CUST-06630,18,Month-to-month,90.24,1672.38,Electronic check,2,Fiber optic,No,No
CUST-06631,21,One year,94.6,2038.09,Bank transfer (automatic),1,Fiber optic,No,No
CUST-06632,11,Month-to-month,75.45,841.47,Bank transfer (automatic),0,Fiber optic,Yes,Yes
CUST-06633,6,Month-to-month,113.58,675.53,Mailed check,2,Fiber optic,No,Yes
CUST-06634,52,Two year,113.58,5762.30,Electronic check,2,Fiber optic,No,No
CUST-06635,4,Month-to-month,56.42,220.70,Electronic check,1,DSL,Yes,Yes
CUST-06636,68,One year,102.12,7052.20,Credit card (automatic),3,Fiber optic,Yes,No
CUST-06637,8,Month-to-month,107.28,866.08,Bank transfer (automatic),3,Fiber optic,Yes,Yes
CUST-06638,10,Month-to-month,72.56,715.23,Mailed check,1,DSL,Yes,No
CUST-06639,21,Month-to-month,105.33,2156.67,Bank transfer (automatic),2,Fiber optic,No,No
CUST-06640,9,Month-to-month,94.43,874.72,Electronic check,0,Fiber optic,No,Yes
CUST-06641,42,Two year,67.9,2884.30,Credit card (automatic),1,DSL,Yes,No
CUST-06642,16,One year,76.99,1195.52,Credit card (automatic),2,DSL,No,No
CUST-06643,34,Month-to-month,21.79,725.72,Electronic check,0,No,No,Yes
CUST-06644,2,One year,73.99,149.10,Bank transfer (automatic),1,Fiber optic,Yes,Yes
CUST-06645,28,Month-to-month,109.42,2995.87,Electronic check,0,Fiber optic,No,No
CUST-06646,4,Month-to-month,68.75,272.85,Mailed check,1,DSL,No,No
CUST-06647,59,One year,53.31,3176.69,Electronic check,3,DSL,No,No
CUST-06648,13,Month-to-month,98.68,1244.63,Bank transfer (automatic),1,Fiber optic,No,No
CUST-06649,29,Two year,73.55,2069.30,Electronic check,2,Fiber optic,No,No
CUST-06650,23,One year,93.35,2130.05,Bank transfer (automatic),1,Fiber optic,No,Yes
CUST-06651,17,One year,89.45,1564.78,Electronic check,1,Fiber optic,Yes,No
CUST-06652,8,Month-to-month,82.23,645.94,Electronic check,2,Fiber optic,Yes,Yes
CUST-06653,0,Month-to-month,48.1, ,Electronic check,1,DSL,Yes,No
CUST-06654,56,Two year,86.76,4842.49,Mailed check,1,Fiber optic,Yes,No
CUST-06655,28,Month-to-month,115.64,3272.77,Mailed check,1,Fiber optic,Yes,No
CUST-06656,70,Month-to-month,61.2,4253.77,Bank transfer (automatic),1,DSL,Yes,Yes
CUST-06657,37,Month-to-month,49.82,1854.23,Mailed check,2,DSL,Yes,Yes
CUST-06658,62,Month-to-month,110.73,6676.91,Bank transfer (automatic),2,Fiber optic,Yes,Yes
CUST-06659,62,Two year,83.13,5158.79,Credit card (automatic),3,Fiber optic,No,Yes
CUST-06660,15,Two year,109.13,1616.41,Credit card (automatic),3,Fiber optic,No,No
CUST-06661,3,Month-to-month,70.81,217.86,Electronic check,1,Fiber optic,No,No
CUST-06662,1,One year,25.18,25.22,Mailed check,3,No,No,No
CUST-06663,11,Month-to-month,96.06,1045.95,Electronic check,2,Fiber optic,No,Yes
CUST-06664,23,One year,23.97,543.48,Bank transfer (automatic),2,No,No,No
CUST-06665,49,Two year,85.32,4077.68,Bank transfer (automatic),2,Fiber optic,Yes,Yes
CUST-06666,1,Month-to-month,73.29,73.69,Electronic check,3,DSL,Yes,Yes
CUST-06667,1,Month-to-month,67.68,66.39,Electronic check,1,DSL,Yes,Yes
CUST-06668,17,Month-to-month,44.21,769.74,Bank transfer (automatic),1,DSL,Yes,Yes
CUST-06669,1,Month-to-month,43.98,45.15,Mailed check,2,DSL,Yes,Yes
CUST-06670,20,Two year,87.6,1748.23,Bank transfer (automatic),2,Fiber optic,No,No
CUST-06671,33,Two year,72.53,2375.01,Electronic check,0,Fiber optic,Yes,No
CUST-06672,60,Two year,18.57,1109.00,Mailed check,0,No,Yes,No
CUST-06673,47,One year,21.08,980.22,Credit card (automatic),0,No,No,No
CUST-06674,28,Two year,81.25,2332.46,Electronic check,5,Fiber optic,No,Yes
CUST-06675,21,Month-to-month,87.1,1878.08,Electronic check,0,Fiber optic,No,No
CUST-06676,66,Two year,57.19,3749.55,Credit card (automatic),1,DSL,No,Yes
CUST-06677,22,One year,18.89,424.92,Credit card (automatic),2,No,Yes,No
CUST-06678,12,Month-to-month,64.56,780.64,Mailed check,1,DSL,No,No
CUST-06679,46,Two year,20.86,978.98,Bank transfer (automatic),1,No,No,No
CUST-06680,25,One year,107.09,2680.63,Electronic check,1,Fiber optic,Yes,No
CUST-06681,57,One year,118.32,6589.24,Electronic check,2,Fiber optic,Yes,No
CUST-06682,28,Month-to-month,88.6,2470.88,Electronic check,4,Fiber optic,No,Yes
CUST-06683,59,Two year,69.51,4102.84,Mailed check,3,DSL,Yes,No
CUST-06684,5,Month-to-month,20.46,103.57,Bank transfer (automatic),0,No,Yes,Yes
CUST-06685,14,One year,109.55,1559.82,Electronic check,3,Fiber optic,No,Yes
CUST-06686,12,Month-to-month,67.36,789.64,Electronic check,1,DSL,No,Yes
CUST-06687,24,One year,20.12,487.27,Bank transfer (automatic),1,No,No,No
CUST-06688,8,Month-to-month,59.27,474.14,Electronic check,1,DSL,Yes,No
CUST-06689,3,Month-to-month,109.3,328.89,Credit card (automatic),3,Fiber optic,No,No
CUST-06690,21,One year,104.59,2154.04,Mailed check,1,Fiber optic,No,No
CUST-06691,63,Month-to-month,43.65,2683.86,Credit card (automatic),0,DSL,Yes,No
CUST-06692,13,Two year,18.26,234.65,Bank transfer (automatic),2,No,Yes,No
CUST-06693,11,Month-to-month,23.9,259.61,Electronic check,1,No,No,No
CUST-06694,48,Month-to-month,21.65,1027.17,Credit card (automatic),0,No,Yes,No
CUST-06695,7,Month-to-month,61.12,440.58,Electronic check,2,DSL,Yes,Yes
CUST-06696,8,Month-to-month,117.03,938.39,Credit card (automatic),0,Fiber optic,Yes,No
CUST-06697,26,Month-to-month,76.45,2035.77,Bank transfer (automatic),3,Fiber optic,No,No
CUST-06698,46,One year,71.57,3325.18,Bank transfer (automatic),2,Fiber optic,No,No
CUST-06699,29,One year,79.21,2240.52,Electronic check,2,Fiber optic,Yes,No
CUST-06700,10,Month-to-month,68.44,680.84,Mailed check,2,DSL,Yes,No
CUST-06701,27,Two year,19.62,532.03,Bank transfer (automatic),2,No,Yes,No
CUST-06702,46,Two year,95.77,4468.72,Mailed check,3,Fiber optic,No,Yes
CUST-06703,59,Two year,111.71,6648.49,Mailed check,2,Fiber optic,No,No
CUST-06704,2,Month-to-month,73.09,149.09,Bank transfer (automatic),1,DSL,Yes,No
CUST-06705,54,Two year,19.83,1082.95,Electronic check,0,No,Yes,No
CUST-06706,8,Month-to-month,113.74,883.75,Credit card (automatic),5,Fiber optic,Yes,Yes
CUST-06707,29,Month-to-month,118.45,3348.11,Electronic check,2,Fiber optic,Yes,No
CUST-06708,21,Month-to-month,77.95,1654.37,Electronic check,1,DSL,Yes,Yes
CUST-06709,1,Month-to-month,113.45,113.94,Credit card (automatic),2,Fiber optic,No,No
CUST-06710,28,Month-to-month,18.72,515.07,Mailed check,0,No,Yes,No
CUST-06711,31,One year,65.33,1998.00,Credit card (automatic),1,DSL,No,No
CUST-06712,12,One year,21.55,256.56,Bank transfer (automatic),2,No,No,No
CUST-06713,6,Two year,20.34,122.31,Credit card (automatic),2,No,No,No
CUST-06714,58,Two year,85.38,5100.29,Mailed check,1,Fiber optic,Yes,No
CUST-06715,15,Month-to-month,115.98,1787.46,Bank transfer (automatic),0,Fiber optic,Yes,No
CUST-06716,40,One year,116.41,4646.99,Electronic check,3,Fiber optic,No,No
CUST-06717,22,Month-to-month,74.94,1670.89,Electronic check,2,Fiber optic,Yes,No
CUST-06718,67,One year,79.93,5252.36,Credit card (automatic),3,Fiber optic,Yes,No
CUST-06719,29,One year,25.13,721.96,Mailed check,2,No,Yes,Yes
CUST-06720,51,One year,99.93,5221.80,Bank transfer (automatic),4,Fiber optic,No,No
CUST-06721,3,Month-to-month,23.55,69.10,Electronic check,2,No,No,Yes
CUST-06722,24,One year,55.15,1351.64,Credit card (automatic),1,DSL,Yes,No
CUST-06723,10,Month-to-month,51.28,499.10,Bank transfer (automatic),1,DSL,Yes,Yes
CUST-06724,10,One year,58.72,580.04,Credit card (automatic),4,DSL,Yes,Yes
CUST-06725,12,One year,20.81,246.25,Electronic check,1,No,Yes,No
CUST-06726,30,Month-to-month,116.05,3501.39,Bank transfer (automatic),3,Fiber optic,No,No
CUST-06727,68,One year,78.04,5219.88,Electronic check,2,Fiber optic,Yes,No
CUST-06728,0,Month-to-month,118.35, ,Bank transfer (automatic),3,Fiber optic,Yes,Yes
CUST-06729,3,Month-to-month,75.49,222.40,Electronic check,2,DSL,Yes,Yes
CUST-06730,4,Month-to-month,97.84,394.04,Electronic check,4,Fiber optic,No,No
CUST-06731,6,Month-to-month,54.96,338.43,Bank transfer (automatic),2,DSL,Yes,No
CUST-06732,24,Month-to-month,68.84,1602.95,Electronic check,3,DSL,Yes,No
CUST-06733,13,Two year,60.0,800.73,Electronic check,5,DSL,Yes,Yes
CUST-06734,46,One year,88.28,4018.18,Mailed check,3,Fiber optic,No,No
CUST-06735,28,One year,20.74,570.25,Mailed check,1,No,Yes,Yes
CUST-06736,2,Month-to-month,73.91,147.19,Credit card (automatic),3,Fiber optic,Yes,No
CUST-06737,1,Month-to-month,58.32,60.06,Electronic check,1,DSL,No,Yes
CUST-06738,2,Month-to-month,82.08,164.84,Electronic check,1,Fiber optic,Yes,No
CUST-06739,32,Month-to-month,18.4,603.45,Credit card (automatic),0,No,No,No
CUST-06740,43,Two year,81.37,3539.40,Credit card (automatic),2,Fiber optic,Yes,No
CUST-06741,12,Month-to-month,20.01,241.84,Electronic check,0,No,No,No
CUST-06742,17,Month-to-month,53.5,890.60,Bank transfer (automatic),1,DSL,No,Yes
CUST-06743,16,One year,116.09,1849.71,Electronic check,1,Fiber optic,No,Yes
CUST-06744,34,Month-to-month,75.25,2561.34,Credit card (automatic),1,DSL,Yes,No
CUST-06745,23,Two year,43.67,1023.38,Bank transfer (automatic),0,DSL,Yes,No
CUST-06746,43,Month-to-month,81.61,3569.94,Mailed check,3,Fiber optic,No,Yes
CUST-06747,40,One year,21.57,882.72,Credit card (automatic),1,No,No,No
CUST-06748,3,One year,83.54,255.58,Electronic check,1,Fiber optic,No,Yes
CUST-06749,38,Two year,89.27,3464.64,Electronic check,1,Fiber optic,No,No
CUST-06750,22,Month-to-month,110.49,2358.40,Bank transfer (automatic),2,Fiber optic,Yes,No
CUST-06751,33,One year,22.52,728.83,Bank transfer (automatic),2,No,Yes,No
CUST-06752,44,Two year,57.76,2480.84,Electronic check,2,DSL,No,No
CUST-06753,1,Month-to-month,60.18,58.78,Electronic check,1,DSL,Yes,No
CUST-06754,50,Two year,83.39,4070.88,Credit card (automatic),4,Fiber optic,No,No
CUST-06755,6,Month-to-month,50.14,300.20,Credit card (automatic),1,DSL,Yes,Yes
CUST-06756,5,One year,50.23,250.04,Electronic check,0,DSL,No,No
CUST-06757,7,Two year,71.57,498.26,Credit card (automatic),2,DSL,No,No
CUST-06758,27,One year,19.7,522.69,Bank transfer (automatic),0,No,Yes,No
CUST-06759,39,Month-to-month,75.67,2939.00,Mailed check,1,DSL,No,Yes
CUST-06760,10,Month-to-month,21.62,211.40,Mailed check,2,No,Yes,No
CUST-06761,15,Two year,96.01,1464.58,Mailed check,2,Fiber optic,Yes,No
CUST-06762,67,One year,22.83,1557.83,Mailed check,2,No,Yes,No
CUST-06763,35,Two year,53.65,1916.36,Electronic check,0,DSL,Yes,Yes
CUST-06764,18,Month-to-month,113.66,2106.51,Electronic check,4,Fiber optic,No,No
CUST-06765,6,Two year,64.64,377.05,Bank transfer (automatic),1,DSL,Yes,No
CUST-06766,19,Two year,75.24,1435.53,Mailed check,1,DSL,No,No
CUST-06767,17,Two year,60.97,1020.48,Bank transfer (automatic),0,DSL,Yes,No
CUST-06768,1,Month-to-month,71.9,71.48,Mailed check,1,Fiber optic,No,No
CUST-06769,43,Two year,43.63,1913.61,Mailed check,2,DSL,Yes,No
CUST-06770,15,One year,85.0,1254.52,Mailed check,1,Fiber optic,Yes,No
CUST-06771,0,Month-to-month,111.31, ,Bank transfer (automatic),2,Fiber optic,Yes,Yes
CUST-06772,28,Two year,20.25,580.05,Electronic check,3,No,No,No
CUST-06773,12,Month-to-month,93.62,1140.71,Credit card (automatic),1,Fiber optic,Yes,No
CUST-06774,19,Month-to-month,19.76,371.74,Credit card (automatic),4,No,No,Yes
CUST-06775,0,Month-to-month,69.8, ,Bank transfer (automatic),1,DSL,Yes,No
CUST-06776,61,Two year,102.65,6190.14,Mailed check,3,Fiber optic,No,No
CUST-06777,43,Two year,25.02,1061.93,Bank transfer (automatic),4,No,Yes,Yes
CUST-06778,7,Month-to-month,55.42,377.52,Bank transfer (automatic),3,DSL,No,Yes
CUST-06779,17,Month-to-month,118.01,1951.26,Bank transfer (automatic),2,Fiber optic,No,Yes
CUST-06780,6,Two year,112.79,664.24,Mailed check,4,Fiber optic,Yes,No
CUST-06781,7,Month-to-month,91.86,652.20,Mailed check,3,Fiber optic,No,No
CUST-06782,16,Month-to-month,111.94,1817.93,Credit card (automatic),1,Fiber optic,Yes,No
CUST-06783,35,Two year,21.44,757.21,Electronic check,1,No,Yes,No
CUST-06784,54,Two year,108.39,5887.63,Electronic check,2,Fiber optic,No,No
CUST-06785,31,Month-to-month,20.95,633.02,Credit card (automatic),0,No,Yes,Yes
CUST-06786,44,Two year,51.79,2223.78,Bank transfer (automatic),1,DSL,No,No
CUST-06787,7,Two year,23.78,167.60,Mailed check,2,No,Yes,No
CUST-06788,21,Two year,117.02,2490.34,Electronic check,3,Fiber optic,No,No
CUST-06789,3,Month-to-month,105.41,309.25,Bank transfer (automatic),2,Fiber optic,Yes,Yes
CUST-06790,46,Month-to-month,78.04,3534.46,Credit card (automatic),2,DSL,Yes,No
CUST-06791,12,Month-to-month,25.15,301.92,Bank transfer (automatic),0,No,Yes,Yes
CUST-06792,65,One year,90.78,5789.69,Electronic check,5,Fiber optic,Yes,No
CUST-06793,7,Month-to-month,22.04,150.74,Bank transfer (automatic),0,No,Yes,No
CUST-06794,57,Two year,79.28,4619.91,Electronic check,3,Fiber optic,Yes,No
CUST-06795,36,Month-to-month,58.49,2070.87,Mailed check,4,DSL,No,Yes
CUST-06796,21,One year,107.4,2194.99,Electronic check,1,Fiber optic,No,No
CUST-06797,4,Two year,95.47,391.18,Electronic check,1,Fiber optic,No,Yes
CUST-06798,4,Month-to-month,77.93,303.45,Electronic check,3,DSL,No,Yes
CUST-06799,28,One year,75.6,2147.23,Bank transfer (automatic),1,Fiber optic,Yes,Yes
CUST-06800,5,Month-to-month,60.98,311.90,Bank transfer (automatic),1,DSL,No,No
CUST-06801,5,Month-to-month,95.94,476.36,Electronic check,3,Fiber optic,Yes,Yes
CUST-06802,3,Month-to-month,19.37,57.58,Credit card (automatic),0,No,No,Yes
CUST-06803,14,Month-to-month,24.23,333.01,Credit card (automatic),2,No,Yes,Yes
CUST-06804,10,Month-to-month,72.28,717.51,Electronic check,2,DSL,Yes,Yes
CUST-06805,11,One year,75.16,824.08,Bank transfer (automatic),0,DSL,No,No
CUST-06806,61,Month-to-month,76.61,4568.50,Bank transfer (automatic),1,DSL,Yes,Yes
CUST-06807,65,Two year,69.71,4453.99,Electronic check,0,DSL,No,No
CUST-06808,2,One year,111.03,220.38,Mailed check,1,Fiber optic,No,Yes
CUST-06809,5,Month-to-month,45.16,224.00,Bank transfer (automatic),0,DSL,No,No
CUST-06810,32,One year,88.71,2777.22,Bank transfer (automatic),2,Fiber optic,Yes,No
CUST-06811,26,One year,83.89,2243.00,Mailed check,2,Fiber optic,No,Yes
CUST-06812,10,Month-to-month,108.7,1112.07,Mailed check,1,Fiber optic,No,No
CUST-06813,31,Month-to-month,53.73,1704.60,Bank transfer (automatic),0,DSL,No,No
CUST-06814,29,Month-to-month,94.43,2680.11,Credit card (automatic),3,Fiber optic,Yes,Yes
CUST-06815,27,Month-to-month,21.43,578.13,Credit card (automatic),1,No,No,No
CUST-06816,3,Month-to-month,106.98,324.51,Credit card (automatic),3,Fiber optic,No,No
CUST-06817,1,Month-to-month,98.12,95.43,Mailed check,2,Fiber optic,No,No
CUST-06818,36,Two year,89.24,3120.56,Credit card (automatic),2,Fiber optic,Yes,No
CUST-06819,27,One year,47.27,1252.72,Electronic check,2,DSL,Yes,No
CUST-06820,14,Month-to-month,48.44,672.80,Mailed check,1,DSL,No,Yes
CUST-06821,6,Two year,68.76,403.47,Bank transfer (automatic),0,DSL,Yes,No
CUST-06822,24,One year,71.63,1685.26,Credit card (automatic),1,Fiber optic,Yes,No
CUST-06823,33,One year,21.54,724.33,Mailed check,3,No,Yes,Yes
CUST-06824,62,One year,23.72,1496.87,Bank transfer (automatic),1,No,No,No
CUST-06825,14,Two year,87.78,1249.26,Electronic check,4,Fiber optic,Yes,Yes
CUST-06826,35,One year,66.18,2280.23,Bank transfer (automatic),3,DSL,Yes,Yes
CUST-06827,45,One year,107.49,4755.33,Bank transfer (automatic),2,Fiber optic,No,Yes
CUST-06828,36,Two year,112.9,4158.90,Electronic check,3,Fiber optic,Yes,No
CUST-06829,10,Month-to-month,80.94,827.24,Bank transfer (automatic),2,Fiber optic,Yes,Yes
CUST-06830,48,Month-to-month,68.13,3244.27,Bank transfer (automatic),3,DSL,No,No
CUST-06831,19,Two year,22.44,428.33,Electronic check,2,No,Yes,No
CUST-06832,24,Month-to-month,21.69,527.29,Mailed check,1,No,No,No
CUST-06833,3,Month-to-month,90.4,278.26,Credit card (automatic),2,Fiber optic,Yes,No
CUST-06834,5,Month-to-month,74.27,361.54,Bank transfer (automatic),2,DSL,Yes,Yes
CUST-06835,3,Month-to-month,78.74,237.23,Electronic check,3,Fiber optic,Yes,No
CUST-06836,3,Two year,107.95,331.95,Electronic check,3,Fiber optic,Yes,No
CUST-06837,4,Month-to-month,45.29,178.57,Bank transfer (automatic),1,DSL,No,No
CUST-06838,49,Two year,22.36,1067.77,Electronic check,1,No,Yes,No
CUST-06839,21,One year,19.45,399.23,Electronic check,2,No,No,No
CUST-06840,42,One year,92.4,3786.50,Credit card (automatic),1,Fiber optic,No,No
CUST-06841,23,Month-to-month,60.06,1346.08,Electronic check,4,DSL,Yes,No
CUST-06842,50,Month-to-month,105.69,5179.72,Bank transfer (automatic),1,Fiber optic,No,No
CUST-06843,15,Two year,50.11,759.69,Electronic check,2,DSL,No,No
CUST-06844,50,Two year,84.38,4098.82,Credit card (automatic),5,Fiber optic,Yes,No
CUST-06845,27,One year,94.42,2521.66,Electronic check,1,Fiber optic,Yes,No
CUST-06846,2,Month-to-month,23.92,47.78,Credit card (automatic),1,No,Yes,No
CUST-06847,25,Month-to-month,96.54,2367.32,Bank transfer (automatic),3,Fiber optic,Yes,Yes
CUST-06848,54,Two year,24.21,1278.14,Electronic check,2,No,No,Yes
CUST-06849,36,Two year,101.91,3571.68,Bank transfer (automatic),3,Fiber optic,Yes,No
CUST-06850,69,Two year,114.81,8158.87,Electronic check,3,Fiber optic,Yes,No
CUST-06851,63,Two year,66.84,4121.86,Bank transfer (automatic),0,DSL,Yes,No
CUST-06852,50,Two year,86.89,4392.11,Bank transfer (automatic),1,Fiber optic,Yes,No
CUST-06853,25,Month-to-month,19.01,480.04,Mailed check,3,No,No,No
CUST-06854,15,Month-to-month,68.14,1028.44,Electronic check,0,DSL,Yes,No
CUST-06855,0,Two year,117.9, ,Electronic check,4,Fiber optic,Yes,Yes
CUST-06856,24,Two year,21.91,534.34,Electronic check,0,No,No,No
CUST-06857,49,One year,19.26,935.94,Mailed check,2,No,No,Yes
CUST-06858,4,Month-to-month,85.62,344.21,Electronic check,1,Fiber optic,Yes,No
CUST-06859,37,Two year,21.33,773.47,Electronic check,1,No,Yes,No
CUST-06860,17,One year,19.28,325.31,Electronic check,0,No,Yes,No
CUST-06861,24,Two year,86.19,2127.41,Electronic check,4,Fiber optic,Yes,Yes
CUST-06862,23,One year,108.94,2524.91,Credit card (automatic),2,Fiber optic,Yes,No
CUST-06863,22,One year,54.04,1165.58,Electronic check,2,DSL,No,Yes
CUST-06864,0,Month-to-month,25.74, ,Bank transfer (automatic),0,No,Yes,Yes
CUST-06865,5,Month-to-month,53.09,272.18,Mailed check,0,DSL,No,Yes
CUST-06866,62,Month-to-month,46.11,2845.36,Electronic check,3,DSL,No,Yes
CUST-06867,3,Month-to-month,108.43,322.56,Credit card (automatic),2,Fiber optic,No,No
CUST-06868,36,Month-to-month,19.16,686.29,Electronic check,3,No,No,Yes
CUST-06869,6,Month-to-month,72.32,433.17,Credit card (automatic),1,Fiber optic,No,Yes
CUST-06870,30,Month-to-month,89.31,2654.81,Bank transfer (automatic),1,Fiber optic,Yes,No
CUST-06871,3,Month-to-month,75.32,221.68,Bank transfer (automatic),0,DSL,No,Yes
CUST-06872,3,Month-to-month,63.27,185.79,Credit card (automatic),0,DSL,No,No
CUST-06873,8,Month-to-month,114.74,919.62,Credit card (automatic),1,Fiber optic,Yes,No
CUST-06874,31,One year,112.58,3434.44,Mailed check,3,Fiber optic,No,No
CUST-06875,39,Month-to-month,73.7,2941.09,Bank transfer (automatic),4,Fiber optic,No,Yes
CUST-06876,10,Month-to-month,72.72,745.03,Credit card (automatic),0,Fiber optic,No,No
CUST-06877,37,Month-to-month,20.48,750.20,Electronic check,3,No,Yes,Yes
CUST-06878,15,One year,113.05,1662.59,Bank transfer (automatic),2,Fiber optic,No,Yes
CUST-06879,0,Month-to-month,22.04, ,Electronic check,0,No,Yes,Yes
CUST-06880,25,Month-to-month,25.43,646.25,Electronic check,2,No,Yes,No
CUST-06881,8,Month-to-month,53.37,416.74,Credit card (automatic),0,DSL,Yes,Yes
CUST-06882,17,One year,58.75,1022.00,Bank transfer (automatic),2,DSL,Yes,No
CUST-06883,26,One year,43.44,1121.84,Bank transfer (automatic),3,DSL,No,No
CUST-06884,66,One year,74.3,4825.66,Mailed check,2,DSL,Yes,No
CUST-06885,49,Two year,19.45,973.26,Electronic check,3,No,No,No
CUST-06886,12,One year,78.41,949.01,Credit card (automatic),2,DSL,Yes,No
CUST-06887,9,Month-to-month,84.84,741.82,Bank transfer (automatic),1,Fiber optic,Yes,Yes
CUST-06888,45,One year,116.08,5370.80,Electronic check,1,Fiber optic,Yes,No
CUST-06889,46,One year,102.68,4859.37,Electronic check,3,Fiber optic,No,No
CUST-06890,17,Month-to-month,98.03,1700.90,Bank transfer (automatic),3,Fiber optic,No,Yes
CUST-06891,28,Month-to-month,19.15,546.91,Electronic check,1,No,Yes,No
CUST-06892,19,Month-to-month,75.08,1393.23,Electronic check,1,Fiber optic,Yes,No
CUST-06893,27,One year,82.96,2185.86,Electronic check,1,Fiber optic,No,No
CUST-06894,45,Two year,55.51,2432.14,Credit card (automatic),1,DSL,No,No
CUST-06895,68,Two year,100.08,6732.31,Bank transfer (automatic),0,Fiber optic,Yes,Yes
CUST-06896,2,Month-to-month,78.18,153.67,Mailed check,6,Fiber optic,No,No
CUST-06897,4,Month-to-month,103.76,410.58,Electronic check,2,Fiber optic,Yes,Yes
CUST-06898,5,One year,72.73,367.08,Bank transfer (automatic),1,Fiber optic,No,No
CUST-06899,55,Two year,73.99,4012.79,Bank transfer (automatic),2,DSL,No,No
CUST-06900,58,One year,74.43,4313.24,Electronic check,2,DSL,No,No
CUST-06901,1,Month-to-month,24.97,25.24,Electronic check,2,No,Yes,No
CUST-06902,48,Two year,57.96,2724.22,Electronic check,2,DSL,Yes,Yes
CUST-06903,21,One year,47.24,1021.29,Mailed check,1,DSL,Yes,No
CUST-06904,39,Two year,94.84,3780.47,Electronic check,3,Fiber optic,No,No
CUST-06905,50,Two year,106.97,5424.22,Mailed check,2,Fiber optic,No,No
CUST-06906,12,Month-to-month,83.11,1026.57,Credit card (automatic),2,Fiber optic,Yes,No
CUST-06907,20,Two year,23.25,453.42,Electronic check,1,No,Yes,No
CUST-06908,59,Two year,70.92,4071.88,Mailed check,1,Fiber optic,Yes,No
CUST-06909,57,Two year,109.62,6157.18,Mailed check,4,Fiber optic,No,Yes
CUST-06910,11,Month-to-month,19.88,216.53,Electronic check,3,No,Yes,No
CUST-06911,22,Month-to-month,114.48,2543.53,Credit card (automatic),1,Fiber optic,No,No
CUST-06912,61,Two year,96.44,6058.44,Bank transfer (automatic),1,Fiber optic,No,No
CUST-06913,4,Month-to-month,56.17,230.18,Bank transfer (automatic),4,DSL,Yes,Yes
CUST-06914,39,One year,69.34,2728.70,Electronic check,0,DSL,No,No
CUST-06915,20,One year,20.6,404.73,Credit card (automatic),1,No,Yes,Yes
CUST-06916,2,Month-to-month,23.61,47.38,Credit card (automatic),1,No,No,No
CUST-06917,51,One year,85.24,4413.10,Bank transfer (automatic),1,Fiber optic,Yes,No
CUST-06918,26,One year,73.34,1940.22,Electronic check,0,DSL,Yes,No
CUST-06919,41,Month-to-month,117.83,4972.98,Electronic check,1,Fiber optic,Yes,Yes
CUST-06920,37,Two year,102.07,3678.10,Electronic check,4,Fiber optic,No,Yes
CUST-06921,61,One year,96.23,6025.83,Mailed check,3,Fiber optic,No,Yes
CUST-06922,49,Month-to-month,92.42,4437.65,Bank transfer (automatic),2,Fiber optic,Yes,Yes
CUST-06923,48,One year,76.32,3693.10,Mailed check,1,DSL,Yes,No
CUST-06924,22,Month-to-month,91.34,2030.14,Bank transfer (automatic),2,Fiber optic,No,Yes
CUST-06925,59,One year,71.99,4189.24,Credit card (automatic),4,DSL,Yes,Yes
CUST-06926,4,Month-to-month,70.19,274.98,Electronic check,1,Fiber optic,Yes,Yes
CUST-06927,32,Month-to-month,113.51,3591.21,Bank transfer (automatic),1,Fiber optic,Yes,No
CUST-06928,49,Two year,21.15,1023.68,Electronic check,3,No,Yes,No
CUST-06929,11,Month-to-month,52.64,589.18,Bank transfer (automatic),0,DSL,Yes,No
CUST-06930,35,Month-to-month,47.99,1650.51,Electronic check,1,DSL,Yes,No
CUST-06931,40,Two year,73.49,2979.96,Electronic check,1,Fiber optic,Yes,No
CUST-06932,10,Month-to-month,113.01,1106.32,Electronic check,1,Fiber optic,Yes,Yes
CUST-06933,14,Two year,86.17,1199.33,Bank transfer (automatic),0,Fiber optic,Yes,No
CUST-06934,2,Month-to-month,117.41,230.16,Bank transfer (automatic),3,Fiber optic,No,No
CUST-06935,3,Month-to-month,57.82,177.91,Electronic check,1,DSL,Yes,Yes
CUST-06936,71,Two year,116.2,8401.17,Credit card (automatic),4,Fiber optic,No,Yes
CUST-06937,1,Month-to-month,102.09,99.13,Credit card (automatic),3,Fiber optic,Yes,No
CUST-06938,13,One year,77.51,999.05,Electronic check,3,Fiber optic,Yes,No
CUST-06939,19,Month-to-month,84.92,1598.84,Electronic check,0,Fiber optic,Yes,Yes
CUST-06940,43,Month-to-month,76.75,3295.85,Bank transfer (automatic),3,DSL,Yes,No
CUST-06941,57,One year,58.12,3256.76,Credit card (automatic),2,DSL,No,No
CUST-06942,24,One year,18.67,448.99,Mailed check,1,No,No,No
CUST-06943,41,Two year,86.59,3511.71,Credit card (automatic),3,Fiber optic,No,No
CUST-06944,69,Two year,74.4,5107.07,Credit card (automatic),1,DSL,Yes,No
CUST-06945,8,Two year,118.63,944.22,Electronic check,1,Fiber optic,No,No
CUST-06946,35,Month-to-month,43.58,1552.63,Bank transfer (automatic),2,DSL,Yes,No
CUST-06947,5,Month-to-month,59.65,300.18,Mailed check,0,DSL,No,Yes
CUST-06948,62,One year,81.99,5033.30,Electronic check,3,Fiber optic,No,No
CUST-06949,5,Month-to-month,78.23,398.57,Bank transfer (automatic),0,DSL,Yes,No
CUST-06950,1,Month-to-month,56.48,55.69,Bank transfer (automatic),2,DSL,Yes,Yes
CUST-06951,5,One year,115.51,566.36,Electronic check,1,Fiber optic,No,No
CUST-06952,18,Month-to-month,64.73,1137.40,Electronic check,0,DSL,No,No
CUST-06953,4,Month-to-month,113.48,458.83,Electronic check,2,Fiber optic,Yes,No
CUST-06954,21,Month-to-month,25.37,525.77,Bank transfer (automatic),2,No,Yes,No
CUST-06955,15,One year,46.32,691.05,Electronic check,3,DSL,Yes,No
CUST-06956,4,One year,79.83,327.34,Bank transfer (automatic),2,Fiber optic,Yes,No
CUST-06957,37,One year,20.24,747.19,Bank transfer (automatic),3,No,Yes,No
CUST-06958,53,One year,96.09,5010.47,Mailed check,0,Fiber optic,No,No
CUST-06959,41,Month-to-month,20.06,833.48,Mailed check,1,No,No,Yes
CUST-06960,27,Month-to-month,115.52,3165.59,Bank transfer (automatic),4,Fiber optic,Yes,Yes
CUST-06961,39,One year,78.81,3164.02,Mailed check,2,Fiber optic,Yes,No
CUST-06962,46,Two year,48.73,2189.85,Mailed check,0,DSL,Yes,No
CUST-06963,14,Month-to-month,19.39,267.87,Bank transfer (automatic),1,No,No,No
CUST-06964,2,Month-to-month,91.25,179.24,Electronic check,2,Fiber optic,Yes,No
CUST-06965,1,Month-to-month,44.15,44.30,Mailed check,1,DSL,Yes,Yes
CUST-06966,31,Month-to-month,103.15,3280.85,Electronic check,4,Fiber optic,Yes,Yes
CUST-06967,40,One year,20.12,807.96,Credit card (automatic),1,No,Yes,No
CUST-06968,12,Month-to-month,76.48,903.87,Electronic check,3,DSL,Yes,Yes
CUST-06969,59,Two year,19.6,1149.19,Mailed check,1,No,Yes,No
CUST-06970,2,Month-to-month,73.84,150.10,Electronic check,0,Fiber optic,Yes,Yes
CUST-06971,0,Month-to-month,21.27, ,Mailed check,0,No,Yes,Yes
CUST-06972,4,Month-to-month,81.96,328.03,Bank transfer (automatic),2,Fiber optic,Yes,No
CUST-06973,2,Month-to-month,112.37,220.81,Electronic check,3,Fiber optic,Yes,Yes
CUST-06974,67,Two year,22.15,1501.54,Electronic check,8,No,No,No
CUST-06975,38,Two year,93.24,3585.16,Bank transfer (automatic),2,Fiber optic,Yes,No
CUST-06976,7,Month-to-month,70.83,509.51,Credit card (automatic),0,DSL,Yes,No
CUST-06977,22,Month-to-month,66.26,1488.66,Credit card (automatic),1,DSL,Yes,No
CUST-06978,3,Month-to-month,70.47,215.82,Bank transfer (automatic),4,Fiber optic,Yes,No
CUST-06979,29,Month-to-month,103.42,3071.53,Electronic check,1,Fiber optic,No,No
CUST-06980,40,Month-to-month,104.73,4220.59,Credit card (automatic),4,Fiber optic,Yes,Yes
CUST-06981,6,Two year,19.56,117.20,Electronic check,1,No,Yes,No
CUST-06982,1,Month-to-month,104.58,101.74,Electronic check,2,Fiber optic,No,Yes
CUST-06983,4,Month-to-month,118.45,470.81,Mailed check,2,Fiber optic,Yes,Yes
CUST-06984,1,Month-to-month,53.2,53.20,Bank transfer (automatic),1,DSL,No,Yes
CUST-06985,16,Two year,43.9,721.09,Electronic check,0,DSL,Yes,No
CUST-06986,21,Month-to-month,111.46,2346.77,Electronic check,1,Fiber optic,Yes,No
CUST-06987,41,Two year,49.96,2060.05,Bank transfer (automatic),2,DSL,No,No
CUST-06988,27,Month-to-month,107.95,2937.92,Electronic check,2,Fiber optic,No,Yes
CUST-06989,46,Two year,89.84,4237.13,Bank transfer (automatic),1,Fiber optic,Yes,No
CUST-06990,42,Two year,75.4,3146.72,Electronic check,2,DSL,No,No
CUST-06991,10,Month-to-month,115.92,1188.06,Mailed check,3,Fiber optic,Yes,Yes
CUST-06992,13,Two year,21.22,277.20,Mailed check,1,No,Yes,No
CUST-06993,64,One year,78.2,4871.42,Bank transfer (automatic),2,DSL,Yes,No
CUST-06994,10,Month-to-month,71.35,709.37,Electronic check,1,Fiber optic,Yes,Yes
CUST-06995,62,Two year,97.74,5909.72,Electronic check,4,Fiber optic,Yes,Yes
CUST-06996,1,One year,106.02,104.18,Electronic check,2,Fiber optic,No,No
CUST-06997,54,Two year,21.46,1149.23,Mailed check,2,No,No,Yes
CUST-06998,34,Month-to-month,23.19,810.30,Bank transfer (automatic),0,No,Yes,No
CUST-06999,9,Month-to-month,84.99,768.93,Credit card (automatic),0,Fiber optic,No,No
CUST-07000,53,One year,45.32,2471.61,Bank transfer (automatic),2,DSL,Yes,No
CUST-07001,15,Month-to-month,24.51,363.39,Bank transfer (automatic),0,No,Yes,Yes
CUST-07002,5,One year,53.29,269.15,Electronic check,2,DSL,No,No
CUST-07003,23,Month-to-month,49.62,1144.51,Credit card (automatic),1,DSL,Yes,No
CUST-07004,13,Month-to-month,79.74,1029.84,Electronic check,1,Fiber optic,Yes,No
CUST-07005,29,Two year,24.42,725.52,Bank transfer (automatic),1,No,Yes,No
CUST-07006,61,One year,18.74,1141.10,Credit card (automatic),2,No,Yes,No
CUST-07007,16,Month-to-month,94.27,1498.64,Mailed check,1,Fiber optic,Yes,No
CUST-07008,26,Two year,49.57,1268.84,Credit card (automatic),7,DSL,Yes,Yes
CUST-07009,29,One year,101.77,2994.28,Bank transfer (automatic),3,Fiber optic,Yes,No
CUST-07010,34,One year,71.58,2450.14,Credit card (automatic),2,DSL,Yes,No
CUST-07011,32,One year,97.38,3067.96,Bank transfer (automatic),4,Fiber optic,No,Yes
CUST-07012,46,Two year,22.86,1071.79,Bank transfer (automatic),2,No,No,No
CUST-07013,43,One year,22.93,1012.53,Electronic check,2,No,No,No
CUST-07014,11,Month-to-month,97.93,1089.46,Electronic check,4,Fiber optic,No,Yes
CUST-07015,20,One year,50.47,1004.67,Electronic check,2,DSL,Yes,No
CUST-07016,29,Month-to-month,101.86,3005.62,Bank transfer (automatic),1,Fiber optic,No,No
CUST-07017,53,Month-to-month,24.06,1279.33,Mailed check,1,No,Yes,No
CUST-07018,24,Month-to-month,110.18,2569.42,Mailed check,4,Fiber optic,Yes,Yes
CUST-07019,38,Month-to-month,45.39,1740.82,Electronic check,1,DSL,Yes,No
CUST-07020,59,Month-to-month,89.39,5356.26,Credit card (automatic),3,Fiber optic,Yes,No
CUST-07021,4,Month-to-month,88.0,347.55,Mailed check,2,Fiber optic,No,Yes
CUST-07022,28,One year,115.02,3181.45,Electronic check,2,Fiber optic,Yes,No
CUST-07023,42,Two year,66.5,2764.35,Electronic check,0,DSL,Yes,No
CUST-07024,5,Two year,93.05,470.25,Electronic check,3,Fiber optic,Yes,No
CUST-07025,14,One year,77.43,1066.02,Credit card (automatic),3,DSL,Yes,No
CUST-07026,19,Month-to-month,77.84,1497.56,Mailed check,4,Fiber optic,Yes,Yes
CUST-07027,47,One year,87.63,4023.32,Electronic check,2,Fiber optic,Yes,No
CUST-07028,4,Month-to-month,22.97,91.96,Credit card (automatic),0,No,No,No
CUST-07029,37,One year,94.87,3563.97,Credit card (automatic),3,Fiber optic,No,No
CUST-07030,12,Month-to-month,98.79,1197.41,Bank transfer (automatic),0,Fiber optic,Yes,No
CUST-07031,31,Two year,23.96,748.25,Credit card (automatic),2,No,Yes,No
CUST-07032,12,Month-to-month,103.93,1264.57,Credit card (automatic),1,Fiber optic,Yes,No
CUST-07033,42,One year,23.18,951.46,Bank transfer (automatic),0,No,Yes,No
CUST-07034,3,One year,68.54,205.98,Mailed check,0,DSL,Yes,No
CUST-07035,26,Two year,24.11,639.03,Credit card (automatic),0,No,No,No
CUST-07036,11,Month-to-month,80.26,879.59,Electronic check,0,Fiber optic,Yes,No
CUST-07037,5,One year,103.55,509.34,Credit card (automatic),0,Fiber optic,Yes,Yes
CUST-07038,10,Month-to-month,102.39,998.84,Electronic check,1,Fiber optic,Yes,No
CUST-07039,5,Two year,68.16,347.84,Bank transfer (automatic),1,DSL,No,No
CUST-07040,42,Month-to-month,51.4,2215.66,Credit card (automatic),3,DSL,Yes,No
CUST-07041,58,Month-to-month,83.71,4892.18,Bank transfer (automatic),3,Fiber optic,No,Yes
CUST-07042,18,Month-to-month,24.03,419.76,Bank transfer (automatic),1,No,No,No
CUST-07043,54,One year,21.08,1107.34,Mailed check,1,No,No,No
CUST-07044,28,Month-to-month,115.0,3156.62,Credit card (automatic),0,Fiber optic,Yes,Yes
CUST-07045,7,Month-to-month,75.54,513.27,Electronic check,3,Fiber optic,No,Yes
CUST-07046,31,One year,78.41,2433.47,Credit card (automatic),2,Fiber optic,Yes,Yes
CUST-07047,50,One year,19.64,968.90,Electronic check,0,No,Yes,No
CUST-07048,23,Two year,52.89,1193.54,Bank transfer (automatic),2,DSL,No,No
CUST-07049,30,Month-to-month,25.0,745.60,Bank transfer (automatic),0,No,No,Yes
CUST-07050,66,Month-to-month,88.36,5713.49,Electronic check,1,Fiber optic,Yes,Yes
CUST-07051,2,Month-to-month,21.71,43.65,Credit card (automatic),4,No,No,Yes
CUST-07052,35,Month-to-month,57.89,1974.76,Electronic check,1,DSL,No,Yes
CUST-07053,0,Month-to-month,109.33, ,Mailed check,4,Fiber optic,Yes,Yes
CUST-07054,24,Two year,56.2,1328.60,Credit card (automatic),2,DSL,No,No
CUST-07055,60,Month-to-month,24.49,1433.27,Mailed check,1,No,Yes,Yes
CUST-07056,24,One year,93.5,2297.57,Credit card (automatic),1,Fiber optic,No,No
CUST-07057,28,Month-to-month,51.36,1422.07,Electronic check,2,DSL,Yes,No
CUST-07058,3,Two year,58.18,177.20,Electronic check,1,DSL,Yes,No
CUST-07059,29,Month-to-month,89.34,2533.19,Electronic check,3,Fiber optic,No,Yes
CUST-07060,40,Two year,51.29,2085.39,Electronic check,1,DSL,No,No
CUST-07061,12,One year,19.17,229.83,Credit card (automatic),2,No,Yes,No
CUST-07062,24,Month-to-month,24.56,598.11,Electronic check,0,No,No,No
CUST-07063,29,Month-to-month,61.27,1775.54,Electronic check,1,DSL,No,No
CUST-07064,24,One year,51.34,1207.90,Electronic check,2,DSL,Yes,No
CUST-07065,35,One year,90.77,3106.36,Bank transfer (automatic),0,Fiber optic,Yes,No
CUST-07066,12,Month-to-month,99.54,1174.54,Mailed check,2,Fiber optic,Yes,No
CUST-07067,10,Month-to-month,23.65,236.00,Bank transfer (automatic),1,No,No,No
CUST-07068,5,Two year,100.23,500.97,Mailed check,2,Fiber optic,Yes,No
CUST-07069,41,Two year,81.41,3335.81,Electronic check,1,Fiber optic,No,No
CUST-07070,18,Month-to-month,75.38,1365.13,Mailed check,2,Fiber optic,Yes,Yes
CUST-07071,13,Two year,73.6,934.94,Credit card (automatic),3,Fiber optic,Yes,No
CUST-07072,41,One year,46.43,1944.47,Credit card (automatic),1,DSL,Yes,No
CUST-07073,34,One year,20.84,724.02,Bank transfer (automatic),1,No,No,No
CUST-07074,0,Month-to-month,87.3, ,Mailed check,0,Fiber optic,Yes,No
CUST-07075,10,One year,117.69,1185.43,Bank transfer (automatic),3,Fiber optic,Yes,No
CUST-07076,47,One year,18.42,882.39,Electronic check,1,No,Yes,No
CUST-07077,39,Two year,65.51,2508.56,Electronic check,0,DSL,Yes,No
CUST-07078,21,One year,22.08,463.62,Electronic check,3,No,No,Yes
CUST-07079,33,Two year,19.34,624.13,Electronic check,2,No,Yes,No
CUST-07080,43,Two year,25.37,1095.12,Credit card (automatic),0,No,Yes,No
CUST-07081,72,Two year,109.54,8115.58,Mailed check,2,Fiber optic,Yes,No
CUST-07082,63,Two year,80.77,4994.77,Credit card (automatic),2,Fiber optic,Yes,No
CUST-07083,1,Month-to-month,53.13,52.15,Electronic check,2,DSL,Yes,Yes
CUST-07084,5,Month-to-month,49.78,253.57,Credit card (automatic),2,DSL,No,Yes
CUST-07085,26,Month-to-month,53.73,1388.93,Credit card (automatic),2,DSL,No,Yes
CUST-07086,35,One year,50.8,1753.08,Electronic check,1,DSL,No,No
CUST-07087,9,Month-to-month,51.89,458.76,Electronic check,4,DSL,Yes,Yes
CUST-07088,48,One year,95.18,4588.20,Credit card (automatic),2,Fiber optic,No,No
CUST-07089,27,Month-to-month,54.79,1481.69,Bank transfer (automatic),1,DSL,No,Yes
CUST-07090,25,Two year,93.88,2405.83,Electronic check,3,Fiber optic,No,No
CUST-07091,47,Two year,71.5,3355.74,Electronic check,2,Fiber optic,No,No
CUST-07092,8,Month-to-month,69.49,558.80,Credit card (automatic),1,DSL,Yes,No
CUST-07093,12,Month-to-month,76.29,914.52,Electronic check,0,DSL,Yes,No
CUST-07094,2,Month-to-month,78.77,160.89,Credit card (automatic),2,DSL,No,Yes
CUST-07095,28,Two year,49.8,1362.78,Bank transfer (automatic),1,DSL,No,No
CUST-07096,30,Month-to-month,88.72,2651.01,Bank transfer (automatic),4,Fiber optic,No,Yes
CUST-07097,4,One year,77.94,318.65,Mailed check,0,DSL,Yes,No
CUST-07098,5,Month-to-month,80.34,390.58,Electronic check,0,Fiber optic,Yes,No
CUST-07099,52,Two year,62.14,3280.46,Bank transfer (automatic),0,DSL,Yes,No
CUST-07100,31,Two year,71.59,2187.42,Bank transfer (automatic),3,DSL,Yes,No
CUST-07101,17,One year,71.39,1233.81,Electronic check,3,Fiber optic,Yes,No
CUST-07102,6,One year,75.12,453.21,Electronic check,2,Fiber optic,No,No
CUST-07103,4,Month-to-month,49.65,197.48,Credit card (automatic),0,DSL,Yes,No
CUST-07104,0,Month-to-month,59.08, ,Bank transfer (automatic),1,DSL,Yes,No
CUST-07105,71,Two year,70.74,5108.22,Credit card (automatic),1,Fiber optic,No,No
CUST-07106,18,Month-to-month,21.48,380.62,Electronic check,4,No,No,Yes
CUST-07107,6,Month-to-month,19.46,116.09,Mailed check,0,No,Yes,No
CUST-07108,29,Month-to-month,111.42,3158.58,Bank transfer (automatic),1,Fiber optic,Yes,No
CUST-07109,26,Month-to-month,60.2,1535.29,Electronic check,0,DSL,Yes,No
CUST-07110,39,Two year,45.09,1759.47,Electronic check,1,DSL,No,No
CUST-07111,34,Month-to-month,92.56,3098.61,Bank transfer (automatic),1,Fiber optic,No,Yes
CUST-07112,27,One year,59.98,1584.99,Credit card (automatic),0,DSL,No,No
CUST-07113,39,One year,53.41,2074.82,Electronic check,1,DSL,Yes,Yes
CUST-07114,8,One year,21.01,164.80,Credit card (automatic),1,No,No,Yes
CUST-07115,41,Month-to-month,77.83,3263.94,Electronic check,2,DSL,Yes,Yes
CUST-07116,9,Month-to-month,51.5,474.28,Electronic check,3,DSL,Yes,Yes
CUST-07117,3,Month-to-month,67.13,206.32,Electronic check,2,DSL,No,Yes
CUST-07118,3,One year,102.23,315.18,Bank transfer (automatic),1,Fiber optic,No,No
CUST-07119,20,Month-to-month,90.59,1784.29,Bank transfer (automatic),2,Fiber optic,No,Yes
CUST-07120,19,One year,115.44,2202.05,Electronic check,0,Fiber optic,No,No
CUST-07121,8,One year,107.52,849.63,Bank transfer (automatic),1,Fiber optic,Yes,No
CUST-07122,67,Month-to-month,71.03,4666.15,Credit card (automatic),2,Fiber optic,Yes,No
CUST-07123,36,Two year,93.67,3325.98,Mailed check,2,Fiber optic,Yes,No
CUST-07124,3,Month-to-month,19.1,56.70,Bank transfer (automatic),1,No,No,No
CUST-07125,4,One year,52.94,211.25,Mailed check,3,DSL,Yes,No
CUST-07126,0,One year,51.19, ,Bank transfer (automatic),4,DSL,Yes,Yes
CUST-07127,43,One year,106.83,4496.97,Credit card (automatic),2,Fiber optic,Yes,No
CUST-07128,13,One year,20.12,254.89,Bank transfer (automatic),0,No,Yes,No
CUST-07129,13,One year,118.4,1528.97,Mailed check,1,Fiber optic,Yes,No
CUST-07130,71,One year,76.25,5436.51,Credit card (automatic),2,Fiber optic,No,No
CUST-07131,48,One year,90.07,4404.75,Credit card (automatic),0,Fiber optic,No,No
CUST-07132,41,Two year,93.86,3847.59,Electronic check,2,Fiber optic,No,No
CUST-07133,24,Month-to-month,91.1,2212.31,Bank transfer (automatic),5,Fiber optic,Yes,Yes
CUST-07134,30,Two year,45.9,1406.91,Electronic check,2,DSL,Yes,No
CUST-07135,1,Month-to-month,81.01,81.87,Electronic check,2,Fiber optic,No,No
CUST-07136,36,One year,22.16,782.45,Bank transfer (automatic),2,No,No,No
CUST-07137,55,One year,108.99,6045.17,Credit card (automatic),2,Fiber optic,No,No
CUST-07138,54,Two year,23.41,1300.57,Credit card (automatic),2,No,Yes,No
CUST-07139,61,Two year,22.33,1388.02,Electronic check,3,No,Yes,No
CUST-07140,15,One year,117.66,1769.86,Electronic check,3,Fiber optic,No,No
CUST-07141,12,Month-to-month,107.1,1314.99,Bank transfer (automatic),1,Fiber optic,No,No
CUST-07142,56,One year,24.75,1348.89,Bank transfer (automatic),2,No,Yes,No
CUST-07143,27,Month-to-month,42.96,1179.40,Mailed check,3,DSL,Yes,No
CUST-07144,18,Month-to-month,50.37,914.02,Mailed check,1,DSL,No,Yes
CUST-07145,68,One year,105.09,7009.35,Bank transfer (automatic),0,Fiber optic,Yes,No
CUST-07146,9,Two year,52.63,481.64,Mailed check,3,DSL,No,No
CUST-07147,9,Month-to-month,87.26,805.82,Electronic check,0,Fiber optic,Yes,No
CUST-07148,11,Month-to-month,64.0,714.77,Electronic check,2,DSL,No,Yes
CUST-07149,3,One year,22.32,67.77,Electronic check,2,No,Yes,No
CUST-07150,11,Month-to-month,19.91,222.29,Electronic check,2,No,No,No
CUST-07151,26,One year,24.84,630.81,Credit card (automatic),3,No,Yes,No
CUST-07152,1,Month-to-month,22.96,23.50,Electronic check,2,No,Yes,Yes
CUST-07153,14,Month-to-month,23.39,329.93,Electronic check,2,No,Yes,Yes
CUST-07154,39,One year,72.66,2797.50,Credit card (automatic),2,DSL,No,No
CUST-07155,4,Two year,74.99,292.29,Credit card (automatic),1,Fiber optic,Yes,No
CUST-07156,32,Two year,59.75,1941.96,Electronic check,1,DSL,Yes,No
CUST-07157,14,Month-to-month,74.21,1048.70,Credit card (automatic),0,Fiber optic,No,No
CUST-07158,7,Month-to-month,45.17,319.31,Electronic check,2,DSL,Yes,Yes
CUST-07159,21,One year,105.16,2203.32,Bank transfer (automatic),5,Fiber optic,Yes,Yes
CUST-07160,9,Month-to-month,71.25,655.13,Bank transfer (automatic),1,DSL,Yes,No
CUST-07161,7,Month-to-month,72.56,520.17,Mailed check,0,Fiber optic,No,Yes
CUST-07162,36,Month-to-month,24.57,887.88,Credit card (automatic),4,No,Yes,Yes
CUST-07163,17,Month-to-month,20.36,352.16,Electronic check,2,No,Yes,No
CUST-07164,30,Month-to-month,23.16,706.83,Mailed check,2,No,Yes,No
CUST-07165,12,Month-to-month,103.43,1254.53,Bank transfer (automatic),3,Fiber optic,Yes,No
CUST-07166,0,Month-to-month,103.95, ,Credit card (automatic),3,Fiber optic,No,Yes
CUST-07167,17,Month-to-month,22.6,381.69,Electronic check,7,No,No,Yes
CUST-07168,9,Month-to-month,46.62,416.85,Bank transfer (automatic),1,DSL,Yes,Yes
CUST-07169,34,One year,46.57,1556.31,Mailed check,1,DSL,No,No
CUST-07170,62,Two year,19.31,1163.91,Mailed check,2,No,Yes,No
CUST-07171,28,One year,76.02,2111.17,Mailed check,1,DSL,Yes,No
CUST-07172,14,Two year,80.26,1134.39,Credit card (automatic),1,Fiber optic,Yes,No
CUST-07173,16,Two year,48.07,764.73,Electronic check,1,DSL,Yes,No
CUST-07174,44,One year,78.48,3479.57,Credit card (automatic),2,DSL,No,No
CUST-07175,52,Two year,70.21,3722.25,Mailed check,1,Fiber optic,Yes,No
CUST-07176,26,Month-to-month,107.86,2812.90,Bank transfer (automatic),2,Fiber optic,Yes,No
CUST-07177,28,Month-to-month,111.2,3095.51,Credit card (automatic),1,Fiber optic,No,No
CUST-07178,59,Two year,23.22,1331.82,Mailed check,1,No,Yes,No
CUST-07179,20,Month-to-month,117.52,2334.41,Credit card (automatic),1,Fiber optic,No,No
CUST-07180,5,Month-to-month,54.64,275.07,Electronic check,2,DSL,Yes,No
CUST-07181,70,One year,74.29,5316.15,Bank transfer (automatic),0,Fiber optic,Yes,No
CUST-07182,35,Month-to-month,20.06,693.17,Mailed check,4,No,No,Yes
CUST-07183,65,Month-to-month,74.83,4825.06,Bank transfer (automatic),2,Fiber optic,No,No
CUST-07184,11,Month-to-month,93.74,1024.73,Electronic check,3,Fiber optic,No,Yes
CUST-07185,27,Month-to-month,77.62,2131.41,Mailed check,1,DSL,Yes,No
CUST-07186,20,One year,95.23,1927.83,Mailed check,4,Fiber optic,Yes,Yes
CUST-07187,8,One year,85.86,670.31,Credit card (automatic),1,Fiber optic,Yes,Yes
CUST-07188,2,Month-to-month,75.49,149.19,Mailed check,4,DSL,Yes,Yes
CUST-07189,42,One year,64.83,2788.25,Electronic check,0,DSL,No,No
CUST-07190,42,Two year,115.34,4909.49,Mailed check,1,Fiber optic,Yes,No
CUST-07191,61,Two year,77.63,4829.57,Mailed check,0,DSL,No,No
CUST-07192,18,One year,25.27,458.57,Electronic check,2,No,No,No
CUST-07193,4,Month-to-month,67.7,276.07,Electronic check,2,DSL,Yes,Yes
CUST-07194,14,Two year,60.77,863.27,Credit card (automatic),2,DSL,Yes,No
CUST-07195,58,Two year,84.15,4956.76,Credit card (automatic),5,Fiber optic,Yes,Yes
CUST-07196,39,One year,76.76,2989.16,Credit card (automatic),0,DSL,Yes,No
CUST-07197,38,Two year,96.57,3689.51,Bank transfer (automatic),1,Fiber optic,No,Yes
CUST-07198,44,One year,25.72,1143.07,Credit card (automatic),1,No,No,No
CUST-07199,10,Month-to-month,25.14,245.73,Mailed check,2,No,No,Yes
CUST-07200,56,Two year,56.29,3228.87,Mailed check,0,DSL,No,No
CUST-07201,6,Month-to-month,24.82,147.19,Credit card (automatic),2,No,No,No
CUST-07202,14,Month-to-month,61.96,855.54,Electronic check,2,DSL,Yes,No
CUST-07203,0,Month-to-month,106.2, ,Electronic check,4,Fiber optic,Yes,Yes
CUST-07204,29,One year,60.01,1737.97,Bank transfer (automatic),0,DSL,No,No
CUST-07205,14,One year,118.23,1674.26,Electronic check,3,Fiber optic,No,Yes
CUST-07206,4,Month-to-month,89.45,360.44,Mailed check,5,Fiber optic,Yes,Yes
CUST-07207,7,One year,45.99,322.22,Credit card (automatic),1,DSL,Yes,No
CUST-07208,21,One year,73.74,1511.00,Electronic check,1,DSL,Yes,No
CUST-07209,53,One year,106.86,5817.90,Bank transfer (automatic),2,Fiber optic,No,No
CUST-07210,39,One year,47.09,1781.59,Bank transfer (automatic),1,DSL,No,No
CUST-07211,31,One year,22.04,680.41,Electronic check,2,No,Yes,No
CUST-07212,0,Month-to-month,67.2, ,Electronic check,2,DSL,Yes,No
CUST-07213,4,Month-to-month,89.98,367.36,Bank transfer (automatic),3,Fiber optic,No,No
CUST-07214,29,Month-to-month,75.58,2128.75,Credit card (automatic),1,DSL,Yes,No
CUST-07215,0,Month-to-month,25.32, ,Bank transfer (automatic),1,No,No,No
CUST-07216,49,One year,112.34,5539.03,Electronic check,1,Fiber optic,No,No
CUST-07217,15,One year,95.88,1474.46,Mailed check,3,Fiber optic,Yes,No
CUST-07218,14,Month-to-month,21.65,296.57,Bank transfer (automatic),1,No,Yes,No
CUST-07219,18,Two year,63.8,1145.05,Bank transfer (automatic),2,DSL,Yes,No
CUST-07220,52,One year,22.13,1181.68,Electronic check,1,No,Yes,Yes
CUST-07221,1,Month-to-month,46.09,47.15,Electronic check,2,DSL,Yes,No
CUST-07222,6,Month-to-month,108.42,633.43,Credit card (automatic),1,Fiber optic,No,Yes
CUST-07223,11,Month-to-month,115.88,1273.54,Electronic check,3,Fiber optic,No,Yes
CUST-07224,7,Month-to-month,93.92,674.63,Credit card (automatic),1,Fiber optic,No,Yes
CUST-07225,67,One year,73.0,4955.32,Electronic check,0,Fiber optic,Yes,No
CUST-07226,14,Month-to-month,20.67,289.45,Electronic check,0,No,Yes,No
CUST-07227,42,Two year,46.96,1913.75,Bank transfer (automatic),1,DSL,Yes,No
CUST-07228,4,One year,78.19,313.09,Electronic check,1,DSL,No,No
CUST-07229,47,One year,19.28,929.00,Credit card (automatic),1,No,No,No
CUST-07230,8,Month-to-month,73.93,593.04,Electronic check,3,Fiber optic,Yes,Yes
CUST-07231,50,One year,61.5,3010.87,Bank transfer (automatic),2,DSL,Yes,No
CUST-07232,19,Month-to-month,44.87,865.11,Mailed check,1,DSL,No,Yes
CUST-07233,51,Two year,23.01,1167.17,Electronic check,1,No,Yes,Yes
CUST-07234,23,Month-to-month,112.37,2602.16,Bank transfer (automatic),2,Fiber optic,Yes,No
CUST-07235,17,Two year,51.61,903.13,Credit card (automatic),2,DSL,No,No
CUST-07236,5,Month-to-month,115.2,590.95,Credit card (automatic),3,Fiber optic,No,Yes
CUST-07237,17,Month-to-month,66.02,1122.11,Mailed check,0,DSL,No,No
CUST-07238,66,One year,48.42,3148.69,Credit card (automatic),0,DSL,No,No
CUST-07239,3,Month-to-month,23.08,67.26,Credit card (automatic),2,No,No,No
CUST-07240,5,Month-to-month,73.55,365.72,Mailed check,0,Fiber optic,Yes,No
CUST-07241,50,One year,55.22,2701.22,Electronic check,0,DSL,No,No
CUST-07242,38,One year,70.78,2645.29,Electronic check,2,Fiber optic,Yes,No
CUST-07243,14,One year,91.53,1297.51,Credit card (automatic),2,Fiber optic,No,No
CUST-07244,14,Month-to-month,72.79,997.13,Credit card (automatic),4,DSL,No,No
CUST-07245,27,Month-to-month,23.48,652.20,Bank transfer (automatic),1,No,Yes,Yes
CUST-07246,38,One year,79.69,2965.35,Mailed check,2,Fiber optic,Yes,No
CUST-07247,56,Two year,78.91,4523.87,Mailed check,2,Fiber optic,No,No
CUST-07248,39,Two year,104.33,4029.87,Mailed check,3,Fiber optic,Yes,No
CUST-07249,8,Month-to-month,66.75,537.89,Mailed check,0,DSL,Yes,No
CUST-07250,3,Month-to-month,76.93,231.25,Bank transfer (automatic),3,Fiber optic,Yes,No
CUST-07251,35,Two year,23.29,793.12,Electronic check,2,No,No,No
CUST-07252,23,Month-to-month,108.06,2526.44,Electronic check,3,Fiber optic,Yes,No
CUST-07253,32,Month-to-month,107.36,3367.45,Electronic check,3,Fiber optic,Yes,Yes
CUST-07254,30,One year,57.26,1687.12,Bank transfer (automatic),0,DSL,Yes,No
CUST-07255,17,Month-to-month,72.13,1227.53,Credit card (automatic),3,DSL,Yes,Yes
CUST-07256,50,Month-to-month,21.17,1028.13,Mailed check,2,No,Yes,Yes
CUST-07257,61,Two year,23.09,1425.63,Electronic check,1,No,Yes,No
CUST-07258,20,Two year,23.95,471.18,Electronic check,2,No,Yes,No
CUST-07259,11,Month-to-month,70.0,771.25,Electronic check,3,DSL,No,No
CUST-07260,9,One year,86.91,766.55,Credit card (automatic),3,Fiber optic,Yes,No
CUST-07261,3,Month-to-month,97.83,296.95,Electronic check,4,Fiber optic,Yes,Yes
CUST-07262,19,Month-to-month,64.85,1196.28,Credit card (automatic),2,DSL,Yes,Yes
CUST-07263,44,One year,20.01,871.68,Credit card (automatic),3,No,No,No
CUST-07264,20,Two year,70.4,1406.47,Credit card (automatic),1,Fiber optic,Yes,No
CUST-07265,35,Month-to-month,74.84,2567.40,Bank transfer (automatic),1,Fiber optic,No,No
CUST-07266,36,Month-to-month,43.76,1528.19,Electronic check,0,DSL,Yes,No
CUST-07267,30,Month-to-month,84.56,2597.32,Mailed check,4,Fiber optic,No,Yes
CUST-07268,29,Two year,85.89,2541.50,Electronic check,5,Fiber optic,Yes,Yes
CUST-07269,39,Two year,24.74,938.75,Electronic check,1,No,Yes,No
CUST-07270,9,Month-to-month,19.19,175.40,Bank transfer (automatic),2,No,Yes,Yes
CUST-07271,33,Two year,79.02,2569.17,Bank transfer (automatic),1,Fiber optic,Yes,No
CUST-07272,45,Two year,65.07,2846.04,Electronic check,2,DSL,No,No
CUST-07273,49,Two year,59.58,2924.61,Electronic check,2,DSL,Yes,No
CUST-07274,16,One year,25.7,421.44,Electronic check,2,No,No,No
CUST-07275,38,One year,107.15,4000.29,Credit card (automatic),2,Fiber optic,Yes,No
CUST-07276,2,Month-to-month,52.34,102.65,Credit card (automatic),2,DSL,Yes,No
CUST-07277,14,Month-to-month,23.66,339.50,Bank transfer (automatic),3,No,Yes,No
CUST-07278,14,One year,81.13,1113.10,Credit card (automatic),3,Fiber optic,Yes,No
CUST-07279,14,Month-to-month,23.36,317.43,Bank transfer (automatic),3,No,Yes,Yes
CUST-07280,4,Month-to-month,18.52,75.67,Credit card (automatic),0,No,No,No
CUST-07281,19,Two year,19.75,365.03,Credit card (automatic),1,No,No,No
CUST-07282,43,Two year,75.0,3183.41,Credit card (automatic),1,Fiber optic,No,No
CUST-07283,4,Month-to-month,90.91,358.32,Bank transfer (automatic),1,Fiber optic,No,No
CUST-07284,50,Month-to-month,62.64,3160.45,Credit card (automatic),2,DSL,No,Yes
CUST-07285,33,Month-to-month,20.2,655.87,Mailed check,2,No,Yes,Yes
CUST-07286,15,Month-to-month,25.59,380.83,Electronic check,4,No,Yes,Yes
CUST-07287,21,Two year,57.45,1221.93,Electronic check,1,DSL,Yes,No
CUST-07288,62,Two year,62.95,3902.04,Mailed check,0,DSL,Yes,No
CUST-07289,40,Two year,92.6,3740.29,Electronic check,0,Fiber optic,Yes,No
CUST-07290,70,Month-to-month,73.92,5071.26,Electronic check,3,DSL,No,No
CUST-07291,0,Month-to-month,88.07, ,Mailed check,1,Fiber optic,No,Yes
CUST-07292,1,Month-to-month,76.83,78.90,Bank transfer (automatic),1,DSL,Yes,No
CUST-07293,21,Month-to-month,109.24,2297.37,Credit card (automatic),1,Fiber optic,No,No
CUST-07294,2,Month-to-month,45.25,87.86,Bank transfer (automatic),1,DSL,Yes,No
CUST-07295,65,Month-to-month,74.65,4813.49,Credit card (automatic),2,DSL,Yes,Yes
CUST-07296,52,Month-to-month,49.11,2590.36,Bank transfer (automatic),1,DSL,Yes,Yes
CUST-07297,28,Month-to-month,44.67,1240.17,Mailed check,0,DSL,Yes,No
CUST-07298,8,One year,19.91,158.94,Electronic check,1,No,Yes,No
CUST-07299,64,One year,74.15,4652.26,Electronic check,1,Fiber optic,No,No
CUST-07300,38,Two year,100.33,3753.90,Credit card (automatic),4,Fiber optic,Yes,Yes
CUST-07301,10,Month-to-month,91.82,892.32,Electronic check,1,Fiber optic,Yes,Yes
CUST-07302,46,One year,93.15,4293.64,Electronic check,4,Fiber optic,No,No
CUST-07303,28,Month-to-month,22.87,643.52,Credit card (automatic),4,No,No,No
CUST-07304,65,Two year,94.3,5993.11,Bank transfer (automatic),1,Fiber optic,Yes,No
CUST-07305,45,One year,25.69,1145.02,Bank transfer (automatic),0,No,Yes,No
CUST-07306,51,Two year,22.93,1166.93,Credit card (automatic),2,No,Yes,No
CUST-07307,5,Month-to-month,98.58,507.23,Mailed check,3,Fiber optic,No,Yes
CUST-07308,41,One year,57.58,2348.28,Credit card (automatic),3,DSL,Yes,No
CUST-07309,11,Month-to-month,58.75,638.39,Bank transfer (automatic),1,DSL,No,Yes
CUST-07310,23,Month-to-month,25.67,591.66,Electronic check,0,No,Yes,No
CUST-07311,5,One year,70.27,354.47,Bank transfer (automatic),3,Fiber optic,Yes,No
CUST-07312,29,Month-to-month,19.42,563.00,Mailed check,1,No,No,No
CUST-07313,16,Month-to-month,20.82,331.71,Electronic check,2,No,No,Yes
CUST-07314,11,Month-to-month,75.42,833.59,Credit card (automatic),5,DSL,No,Yes
CUST-07315,10,Month-to-month,115.72,1160.06,Credit card (automatic),2,Fiber optic,Yes,Yes
CUST-07316,0,Month-to-month,72.81, ,Electronic check,2,Fiber optic,No,Yes
CUST-07317,36,Month-to-month,19.31,687.49,Credit card (automatic),0,No,Yes,No
CUST-07318,59,Month-to-month,113.01,6638.84,Credit card (automatic),4,Fiber optic,No,No
CUST-07319,44,One year,52.41,2283.81,Mailed check,2,DSL,Yes,No
CUST-07320,38,Two year,89.55,3394.13,Electronic check,1,Fiber optic,Yes,No
CUST-07321,14,Month-to-month,18.28,261.24,Mailed check,0,No,Yes,No
CUST-07322,29,One year,60.39,1752.54,Mailed check,4,DSL,Yes,Yes
CUST-07323,23,One year,24.74,564.51,Mailed check,1,No,Yes,Yes
CUST-07324,45,Two year,20.98,966.67,Bank transfer (automatic),0,No,No,No
CUST-07325,13,Two year,74.57,958.97,Credit card (automatic),1,DSL,Yes,No
CUST-07326,57,Month-to-month,20.85,1192.34,Electronic check,1,No,Yes,No
CUST-07327,15,Two year,102.09,1530.66,Credit card (automatic),2,Fiber optic,No,No
CUST-07328,1,One year,84.31,86.51,Credit card (automatic),2,Fiber optic,No,No
CUST-07329,5,Month-to-month,61.24,303.49,Credit card (automatic),1,DSL,Yes,No
CUST-07330,68,Two year,72.65,5000.49,Mailed check,2,DSL,Yes,No
CUST-07331,68,Two year,24.61,1687.54,Electronic check,0,No,Yes,Yes
CUST-07332,16,One year,18.82,292.12,Bank transfer (automatic),2,No,Yes,No
CUST-07333,11,Month-to-month,76.33,850.52,Credit card (automatic),0,DSL,Yes,No
CUST-07334,44,Two year,22.16,981.52,Mailed check,2,No,No,No
CUST-07335,26,Month-to-month,80.69,2083.59,Electronic check,0,Fiber optic,No,No
CUST-07336,53,Two year,110.53,5982.60,Electronic check,3,Fiber optic,No,No
CUST-07337,35,Month-to-month,65.62,2253.77,Electronic check,1,DSL,Yes,Yes
CUST-07338,36,Month-to-month,94.77,3479.71,Bank transfer (automatic),3,Fiber optic,Yes,No
CUST-07339,13,Two year,109.57,1466.78,Credit card (automatic),3,Fiber optic,No,No
CUST-07340,51,One year,79.94,4063.67,Bank transfer (automatic),1,Fiber optic,Yes,No
CUST-07341,8,Month-to-month,63.65,507.74,Electronic check,1,DSL,Yes,Yes
CUST-07342,17,Month-to-month,116.89,2026.24,Credit card (automatic),2,Fiber optic,Yes,Yes
CUST-07343,46,Month-to-month,23.03,1063.27,Bank transfer (automatic),2,No,No,Yes
CUST-07344,41,One year,64.3,2619.36,Electronic check,2,DSL,Yes,No
CUST-07345,12,One year,71.44,852.82,Bank transfer (automatic),0,Fiber optic,Yes,Yes
CUST-07346,39,Two year,78.9,3001.20,Mailed check,5,Fiber optic,No,Yes
CUST-07347,22,Two year,22.84,502.88,Credit card (automatic),2,No,No,No
CUST-07348,25,Two year,104.25,2559.46,Credit card (automatic),2,Fiber optic,Yes,No
CUST-07349,9,Two year,113.87,1037.14,Electronic check,5,Fiber optic,No,Yes
CUST-07350,31,One year,74.22,2341.38,Electronic check,3,DSL,Yes,Yes
CUST-07351,70,Month-to-month,87.54,6117.24,Electronic check,4,Fiber optic,No,No
CUST-07352,4,One year,67.61,267.65,Mailed check,1,DSL,No,Yes
CUST-07353,62,Two year,59.39,3705.14,Credit card (automatic),0,DSL,Yes,No
CUST-07354,1,Month-to-month,93.26,90.51,Credit card (automatic),4,Fiber optic,Yes,Yes
CUST-07355,11,Month-to-month,25.34,280.03,Bank transfer (automatic),1,No,Yes,Yes
CUST-07356,4,Month-to-month,105.72,427.60,Mailed check,1,Fiber optic,No,No
CUST-07357,12,Month-to-month,117.2,1384.47,Electronic check,3,Fiber optic,Yes,Yes
CUST-07358,41,Two year,24.06,1003.27,Electronic check,3,No,Yes,No
CUST-07359,59,Month-to-month,105.37,6267.65,Electronic check,0,Fiber optic,No,Yes
CUST-07360,27,Two year,58.06,1563.76,Electronic check,2,DSL,No,No
CUST-07361,24,One year,19.05,444.34,Electronic check,1,No,Yes,No
CUST-07362,29,One year,100.73,2838.50,Credit card (automatic),5,Fiber optic,Yes,Yes
CUST-07363,25,One year,92.83,2261.46,Electronic check,0,Fiber optic,No,No
CUST-07364,56,One year,64.0,3604.82,Bank transfer (automatic),0,DSL,Yes,No
CUST-07365,30,Two year,52.78,1594.55,Credit card (automatic),2,DSL,Yes,No
CUST-07366,15,Month-to-month,79.56,1202.56,Electronic check,5,Fiber optic,No,No
CUST-07367,6,Month-to-month,52.15,304.03,Electronic check,1,DSL,No,No
CUST-07368,12,Month-to-month,102.06,1235.50,Electronic check,4,Fiber optic,Yes,Yes
CUST-07369,1,Month-to-month,116.46,115.62,Electronic check,3,Fiber optic,No,No
CUST-07370,18,Month-to-month,78.61,1424.00,Credit card (automatic),1,DSL,Yes,Yes
CUST-07371,47,Month-to-month,109.42,5244.03,Credit card (automatic),2,Fiber optic,No,No
CUST-07372,17,Two year,77.36,1277.64,Mailed check,0,DSL,No,No
CUST-07373,0,One year,20.38, ,Credit card (automatic),2,No,Yes,No
CUST-07374,19,Two year,70.17,1361.49,Bank transfer (automatic),3,Fiber optic,Yes,No
CUST-07375,5,One year,79.46,394.15,Bank transfer (automatic),2,Fiber optic,No,No
CUST-07376,2,One year,23.01,46.22,Bank transfer (automatic),0,No,No,No
CUST-07377,39,Two year,75.24,2982.31,Credit card (automatic),1,DSL,Yes,No
CUST-07378,10,Two year,75.8,767.78,Credit card (automatic),1,DSL,Yes,No
CUST-07379,41,Month-to-month,24.48,974.53,Credit card (automatic),1,No,Yes,No
CUST-07380,19,Month-to-month,70.25,1330.99,Bank transfer (automatic),2,DSL,Yes,No
CUST-07381,34,Month-to-month,20.53,710.85,Bank transfer (automatic),1,No,Yes,Yes
CUST-07382,8,Month-to-month,74.28,583.87,Electronic check,3,Fiber optic,Yes,Yes
CUST-07383,40,Month-to-month,61.62,2525.07,Electronic check,1,DSL,Yes,No
CUST-07384,27,Month-to-month,54.7,1473.95,Electronic check,1,DSL,No,Yes
CUST-07385,49,Two year,47.17,2355.70,Electronic check,3,DSL,Yes,No
CUST-07386,15,One year,92.34,1414.55,Bank transfer (automatic),2,Fiber optic,Yes,Yes
CUST-07387,27,One year,22.19,588.60,Credit card (automatic),2,No,No,No
CUST-07388,20,Two year,24.06,494.00,Electronic check,5,No,Yes,Yes
CUST-07389,50,Two year,109.4,5555.35,Mailed check,3,Fiber optic,No,No
CUST-07390,28,One year,59.55,1659.05,Credit card (automatic),3,DSL,Yes,Yes
CUST-07391,49,Month-to-month,114.89,5742.74,Credit card (automatic),1,Fiber optic,No,Yes
CUST-07392,57,Two year,108.45,6036.93,Electronic check,1,Fiber optic,No,No
CUST-07393,0,Month-to-month,58.24, ,Electronic check,3,DSL,No,Yes
CUST-07394,22,Month-to-month,55.25,1184.52,Bank transfer (automatic),1,DSL,No,No
CUST-07395,9,Month-to-month,54.07,495.23,Credit card (automatic),5,DSL,Yes,Yes
CUST-07396,13,Month-to-month,59.38,761.74,Credit card (automatic),0,DSL,Yes,No
CUST-07397,36,Two year,54.52,2007.02,Mailed check,0,DSL,No,No
CUST-07398,12,Month-to-month,92.86,1084.37,Bank transfer (automatic),0,Fiber optic,No,Yes
CUST-07399,11,Month-to-month,98.14,1057.95,Electronic check,2,Fiber optic,Yes,Yes
CUST-07400,3,One year,48.54,147.82,Mailed check,1,DSL,No,No
CUST-07401,1,Two year,71.54,73.24,Bank transfer (automatic),3,DSL,Yes,No
CUST-07402,52,One year,46.6,2444.92,Bank transfer (automatic),5,DSL,Yes,Yes
CUST-07403,34,One year,57.22,1996.56,Mailed check,1,DSL,Yes,No
CUST-07404,37,Month-to-month,19.49,718.84,Electronic check,0,No,Yes,No
CUST-07405,64,One year,53.56,3492.83,Credit card (automatic),0,DSL,No,No
CUST-07406,9,Month-to-month,21.69,192.33,Credit card (automatic),2,No,No,No
CUST-07407,11,Month-to-month,106.5,1205.33,Bank transfer (automatic),1,Fiber optic,Yes,Yes
CUST-07408,28,Month-to-month,65.33,1812.80,Electronic check,1,DSL,No,No
CUST-07409,28,Two year,87.59,2515.93,Bank transfer (automatic),2,Fiber optic,Yes,No
CUST-07410,26,Month-to-month,64.01,1637.09,Electronic check,3,DSL,Yes,No
CUST-07411,31,Two year,20.47,619.04,Bank transfer (automatic),1,No,Yes,No
CUST-07412,55,One year,110.88,6048.49,Mailed check,3,Fiber optic,Yes,Yes
CUST-07413,43,One year,93.55,3904.28,Bank transfer (automatic),4,Fiber optic,No,Yes
CUST-07414,13,One year,68.59,867.20,Electronic check,1,DSL,Yes,No
CUST-07415,34,Month-to-month,85.21,2972.30,Credit card (automatic),1,Fiber optic,Yes,No
CUST-07416,6,Month-to-month,103.02,634.71,Bank transfer (automatic),1,Fiber optic,No,No
CUST-07417,45,One year,25.2,1100.84,Credit card (automatic),1,No,No,No
CUST-07418,61,Two year,75.25,4461.73,Bank transfer (automatic),3,Fiber optic,Yes,No
CUST-07419,63,Two year,98.79,6211.87,Bank transfer (automatic),0,Fiber optic,No,No
CUST-07420,44,Two year,94.42,4065.12,Bank transfer (automatic),1,Fiber optic,No,No
CUST-07421,67,Month-to-month,22.31,1504.05,Mailed check,4,No,No,Yes
CUST-07422,2,Month-to-month,49.58,101.63,Credit card (automatic),4,DSL,Yes,Yes
CUST-07423,21,Month-to-month,71.32,1533.83,Credit card (automatic),0,Fiber optic,Yes,No
CUST-07424,34,Two year,73.47,2527.56,Electronic check,1,Fiber optic,Yes,Yes
CUST-07425,48,Two year,83.85,4060.36,Credit card (automatic),2,Fiber optic,No,No
CUST-07426,22,Month-to-month,111.65,2455.73,Bank transfer (automatic),0,Fiber optic,No,Yes
CUST-07427,9,Month-to-month,24.3,217.28,Mailed check,3,No,Yes,No
CUST-07428,37,Two year,118.53,4504.63,Credit card (automatic),2,Fiber optic,No,No
CUST-07429,51,Two year,23.8,1231.71,Electronic check,0,No,Yes,No
CUST-07430,3,Two year,87.12,267.27,Credit card (automatic),4,Fiber optic,No,Yes
CUST-07431,2,One year,25.14,51.23,Electronic check,2,No,Yes,No
CUST-07432,23,One year,71.28,1687.45,Electronic check,2,DSL,Yes,Yes
CUST-07433,29,Two year,104.07,3062.21,Credit card (automatic),4,Fiber optic,No,No
CUST-07434,0,Month-to-month,96.14, ,Bank transfer (automatic),0,Fiber optic,No,Yes
CUST-07435,13,One year,104.96,1365.69,Credit card (automatic),2,Fiber optic,No,No
CUST-07436,0,Month-to-month,116.74, ,Electronic check,1,Fiber optic,No,No
CUST-07437,42,Month-to-month,24.72,1067.24,Credit card (automatic),2,No,No,No
CUST-07438,1,Month-to-month,79.48,81.59,Electronic check,6,Fiber optic,Yes,Yes
CUST-07439,7,Two year,74.76,510.92,Bank transfer (automatic),3,Fiber optic,No,Yes
CUST-07440,39,Two year,70.81,2697.35,Electronic check,1,Fiber optic,Yes,No
CUST-07441,16,Two year,23.6,373.53,Mailed check,0,No,Yes,No
CUST-07442,26,Two year,52.65,1393.48,Mailed check,1,DSL,Yes,Yes
CUST-07443,11,Month-to-month,105.01,1177.16,Credit card (automatic),3,Fiber optic,No,No
CUST-07444,11,Month-to-month,19.63,218.13,Bank transfer (automatic),0,No,Yes,No
CUST-07445,11,Month-to-month,58.4,653.10,Electronic check,1,DSL,Yes,Yes
CUST-07446,42,Month-to-month,18.35,787.34,Mailed check,3,No,Yes,No
CUST-07447,25,Month-to-month,75.3,1854.85,Mailed check,1,Fiber optic,Yes,No
CUST-07448,3,Month-to-month,45.46,133.72,Credit card (automatic),3,DSL,Yes,Yes
CUST-07449,10,Month-to-month,24.18,241.84,Electronic check,2,No,No,Yes
CUST-07450,60,Two year,75.42,4569.89,Credit card (automatic),1,DSL,No,No
CUST-07451,2,One year,78.51,159.09,Credit card (automatic),1,Fiber optic,No,Yes
CUST-07452,11,One year,95.57,1023.98,Electronic check,0,Fiber optic,Yes,No
CUST-07453,68,Month-to-month,47.97,3259.12,Electronic check,3,DSL,No,Yes
CUST-07454,12,One year,107.99,1292.76,Bank transfer (automatic),1,Fiber optic,Yes,No
CUST-07455,47,Two year,110.01,5033.92,Bank transfer (automatic),2,Fiber optic,Yes,No
CUST-07456,0,Month-to-month,71.08, ,Electronic check,3,DSL,Yes,Yes
CUST-07457,45,One year,51.65,2313.10,Bank transfer (automatic),0,DSL,Yes,Yes
CUST-07458,9,Month-to-month,54.79,506.83,Bank transfer (automatic),0,DSL,Yes,No
CUST-07459,18,Month-to-month,50.09,879.62,Electronic check,1,DSL,Yes,No
CUST-07460,71,Two year,70.16,4885.49,Mailed check,1,Fiber optic,Yes,No
CUST-07461,0,Month-to-month,73.15, ,Credit card (automatic),2,Fiber optic,No,No
CUST-07462,5,Month-to-month,78.4,386.59,Credit card (automatic),1,DSL,No,No
CUST-07463,5,Month-to-month,25.1,125.26,Bank transfer (automatic),1,No,No,No
CUST-07464,18,One year,73.87,1328.20,Bank transfer (automatic),2,Fiber optic,Yes,No
CUST-07465,25,Two year,59.29,1481.32,Credit card (automatic),2,DSL,No,No
CUST-07466,21,Month-to-month,117.51,2512.36,Mailed check,3,Fiber optic,No,No
CUST-07467,35,Two year,72.66,2584.26,Electronic check,0,Fiber optic,Yes,No
CUST-07468,21,Month-to-month,102.6,2189.20,Credit card (automatic),4,Fiber optic,No,No
CUST-07469,21,One year,46.38,977.37,Electronic check,1,DSL,No,No
CUST-07470,62,Two year,86.96,5435.35,Bank transfer (automatic),4,Fiber optic,No,Yes
CUST-07471,41,Two year,72.29,2890.69,Mailed check,1,Fiber optic,Yes,No
CUST-07472,39,Two year,99.17,3897.75,Electronic check,4,Fiber optic,No,No
CUST-07473,53,Month-to-month,68.07,3545.44,Mailed check,3,DSL,No,No
CUST-07474,58,Month-to-month,72.02,4208.34,Electronic check,2,Fiber optic,Yes,No
CUST-07475,5,Month-to-month,94.58,485.91,Electronic check,3,Fiber optic,No,Yes
CUST-07476,62,Two year,20.49,1271.42,Bank transfer (automatic),0,No,No,No
CUST-07477,67,One year,104.58,6801.77,Bank transfer (automatic),3,Fiber optic,No,No
CUST-07478,27,Two year,61.07,1605.86,Electronic check,3,DSL,No,No
CUST-07479,62,Two year,43.11,2599.82,Electronic check,1,DSL,Yes,No
CUST-07480,2,One year,52.16,105.05,Mailed check,0,DSL,Yes,No
CUST-07481,2,Month-to-month,93.76,182.39,Bank transfer (automatic),1,Fiber optic,Yes,No
CUST-07482,69,Two year,74.7,5157.09,Credit card (automatic),3,Fiber optic,Yes,No
CUST-07483,27,Month-to-month,113.17,2981.01,Mailed check,1,Fiber optic,Yes,Yes
CUST-07484,3,Month-to-month,113.71,339.71,Credit card (automatic),1,Fiber optic,Yes,Yes
CUST-07485,5,Month-to-month,46.6,235.27,Credit card (automatic),3,DSL,Yes,Yes
CUST-07486,59,Month-to-month,24.87,1504.46,Bank transfer (automatic),1,No,Yes,No
CUST-07487,16,Month-to-month,22.54,352.16,Bank transfer (automatic),1,No,No,No
CUST-07488,29,Month-to-month,24.74,727.38,Electronic check,1,No,Yes,Yes
CUST-07489,28,Month-to-month,100.6,2831.90,Electronic check,3,Fiber optic,Yes,Yes
CUST-07490,12,Month-to-month,114.7,1409.40,Credit card (automatic),2,Fiber optic,Yes,Yes
CUST-07491,41,Two year,21.7,900.50,Bank transfer (automatic),1,No,Yes,No
CUST-07492,0,Month-to-month,25.74, ,Bank transfer (automatic),0,No,Yes,No
CUST-07493,34,Month-to-month,111.8,3766.67,Bank transfer (automatic),2,Fiber optic,No,Yes
CUST-07494,20,Month-to-month,65.41,1332.87,Bank transfer (automatic),1,DSL,Yes,No
CUST-07495,50,Two year,89.11,4453.65,Bank transfer (automatic),4,Fiber optic,Yes,No
CUST-07496,41,Month-to-month,100.02,4048.81,Electronic check,1,Fiber optic,No,Yes
CUST-07497,62,Two year,23.72,1493.82,Credit card (automatic),2,No,No,No
CUST-07498,56,Two year,20.82,1158.05,Mailed check,1,No,Yes,No
CUST-07499,38,Month-to-month,22.31,858.62,Bank transfer (automatic),2,No,Yes,No
CUST-07500,40,One year,113.4,4480.79,Mailed check,0,Fiber optic,Yes,No
CUST-07501,30,One year,25.39,773.88,Bank transfer (automatic),2,No,No,Yes
CUST-07502,3,Month-to-month,65.0,200.43,Bank transfer (automatic),2,DSL,No,Yes
CUST-07503,9,One year,19.38,179.00,Bank transfer (automatic),2,No,No,No
CUST-07504,3,Month-to-month,24.0,71.44,Bank transfer (automatic),4,No,Yes,No
CUST-07505,62,Two year,51.51,3154.23,Electronic check,0,DSL,No,No
CUST-07506,9,Month-to-month,44.86,400.71,Bank transfer (automatic),5,DSL,Yes,Yes
CUST-07507,22,One year,21.03,451.48,Electronic check,3,No,Yes,No
CUST-07508,11,Two year,83.1,890.00,Mailed check,1,Fiber optic,Yes,No
CUST-07509,51,Two year,95.1,4864.74,Credit card (automatic),2,Fiber optic,Yes,No
CUST-07510,15,Month-to-month,42.59,657.82,Electronic check,2,DSL,Yes,No
CUST-07511,45,Month-to-month,23.35,1071.83,Electronic check,2,No,Yes,No
CUST-07512,25,Month-to-month,91.53,2271.60,Credit card (automatic),3,Fiber optic,Yes,No
CUST-07513,5,Month-to-month,20.2,102.54,Credit card (automatic),3,No,Yes,Yes
CUST-07514,0,Month-to-month,20.28, ,Electronic check,1,No,No,Yes
CUST-07515,62,Month-to-month,44.04,2786.17,Electronic check,2,DSL,Yes,No
CUST-07516,38,One year,80.85,3074.91,Credit card (automatic),4,Fiber optic,No,Yes
CUST-07517,43,Two year,46.81,1965.03,Bank transfer (automatic),0,DSL,No,Yes
CUST-07518,23,One year,91.28,2116.69,Bank transfer (automatic),4,Fiber optic,Yes,Yes
CUST-07519,40,One year,94.09,3728.89,Mailed check,3,Fiber optic,Yes,No
CUST-07520,0,Month-to-month,72.48, ,Credit card (automatic),2,DSL,No,Yes
CUST-07521,5,Month-to-month,97.58,473.99,Electronic check,2,Fiber optic,Yes,No
CUST-07522,45,Two year,63.88,2912.67,Bank transfer (automatic),2,DSL,No,No
CUST-07523,0,Month-to-month,46.04, ,Credit card (automatic),4,DSL,Yes,No
CUST-07524,10,Month-to-month,87.09,854.88,Electronic check,1,Fiber optic,Yes,No
CUST-07525,21,Two year,108.83,2303.62,Electronic check,4,Fiber optic,Yes,No
CUST-07526,32,Month-to-month,63.77,2042.66,Electronic check,4,DSL,Yes,Yes
CUST-07527,7,Month-to-month,56.16,391.00,Electronic check,2,DSL,Yes,Yes
CUST-07528,1,Month-to-month,91.01,90.20,Bank transfer (automatic),4,Fiber optic,No,No
CUST-07529,68,One year,75.65,5020.92,Electronic check,4,Fiber optic,No,Yes
CUST-07530,28,Month-to-month,71.28,1936.08,Bank transfer (automatic),1,Fiber optic,No,Yes
CUST-07531,38,One year,19.33,750.79,Mailed check,2,No,No,No
CUST-07532,37,Two year,53.3,1996.56,Bank transfer (automatic),1,DSL,Yes,No
CUST-07533,3,Month-to-month,20.37,59.33,Credit card (automatic),0,No,Yes,No
CUST-07534,31,Month-to-month,23.52,712.77,Electronic check,0,No,Yes,No
CUST-07535,18,Month-to-month,48.34,847.06,Bank transfer (automatic),0,DSL,No,Yes
CUST-07536,12,Month-to-month,70.13,824.05,Mailed check,2,DSL,No,Yes
CUST-07537,47,Two year,104.57,4954.41,Bank transfer (automatic),5,Fiber optic,No,Yes
CUST-07538,12,Month-to-month,77.38,902.13,Bank transfer (automatic),1,Fiber optic,No,No
CUST-07539,43,Month-to-month,23.2,997.68,Credit card (automatic),1,No,No,No
CUST-07540,39,One year,20.71,813.63,Bank transfer (automatic),0,No,Yes,No
CUST-07541,12,Two year,46.37,541.60,Bank transfer (automatic),2,DSL,Yes,No
CUST-07542,16,Month-to-month,65.18,1048.90,Bank transfer (automatic),2,DSL,Yes,No
CUST-07543,12,One year,24.2,290.33,Electronic check,3,No,Yes,No
CUST-07544,45,One year,116.92,5134.72,Credit card (automatic),3,Fiber optic,Yes,Yes
CUST-07545,21,Two year,62.53,1313.23,Bank transfer (automatic),2,DSL,No,No
CUST-07546,52,Two year,63.12,3241.72,Electronic check,2,DSL,No,No
CUST-07547,12,One year,92.58,1105.21,Credit card (automatic),2,Fiber optic,No,Yes
CUST-07548,19,One year,53.73,1020.55,Electronic check,3,DSL,Yes,No
CUST-07549,29,Two year,76.98,2169.29,Bank transfer (automatic),2,Fiber optic,Yes,No
CUST-07550,9,Two year,84.63,771.22,Electronic check,1,Fiber optic,No,Yes
CUST-07551,0,Month-to-month,54.66, ,Bank transfer (automatic),2,DSL,No,No
CUST-07552,46,Two year,105.89,4910.52,Credit card (automatic),1,Fiber optic,Yes,No
CUST-07553,4,Month-to-month,76.27,298.35,Credit card (automatic),1,Fiber optic,No,No
CUST-07554,16,Month-to-month,79.11,1245.44,Credit card (automatic),1,Fiber optic,Yes,No
CUST-07555,67,One year,77.89,5074.70,Credit card (automatic),1,DSL,Yes,No
CUST-07556,22,Month-to-month,73.46,1603.35,Bank transfer (automatic),2,Fiber optic,No,No
CUST-07557,26,Month-to-month,25.22,664.61,Credit card (automatic),2,No,No,Yes
CUST-07558,46,Two year,47.83,2200.14,Mailed check,1,DSL,No,Yes
CUST-07559,42,Two year,22.27,941.39,Electronic check,2,No,Yes,No
CUST-07560,11,One year,21.22,232.53,Credit card (automatic),1,No,Yes,No
CUST-07561,49,Two year,21.25,1043.65,Mailed check,1,No,No,Yes
CUST-07562,13,One year,23.51,303.46,Bank transfer (automatic),2,No,No,No
CUST-07563,4,One year,101.98,396.09,Bank transfer (automatic),2,Fiber optic,Yes,No
CUST-07564,0,Month-to-month,115.97, ,Electronic check,0,Fiber optic,No,Yes
CUST-07565,15,One year,23.64,361.37,Mailed check,1,No,No,No
CUST-07566,15,Month-to-month,99.59,1532.49,Mailed check,1,Fiber optic,No,No
CUST-07567,10,Month-to-month,78.57,797.90,Bank transfer (automatic),2,Fiber optic,No,Yes
CUST-07568,59,Month-to-month,59.85,3627.92,Bank transfer (automatic),0,DSL,Yes,No
CUST-07569,66,One year,21.98,1457.41,Credit card (automatic),1,No,Yes,Yes
CUST-07570,56,One year,23.04,1318.39,Bank transfer (automatic),0,No,Yes,Yes
CUST-07571,5,One year,21.0,105.15,Electronic check,2,No,Yes,No
CUST-07572,15,One year,77.09,1173.21,Mailed check,1,Fiber optic,No,Yes
CUST-07573,64,Two year,74.48,4718.29,Electronic check,2,DSL,Yes,No
CUST-07574,20,Two year,43.68,876.18,Credit card (automatic),2,DSL,Yes,No
CUST-07575,2,Month-to-month,19.26,38.73,Credit card (automatic),0,No,No,No
CUST-07576,8,Month-to-month,59.1,484.64,Credit card (automatic),2,DSL,No,Yes
CUST-07577,12,One year,24.92,293.77,Bank transfer (automatic),2,No,Yes,No
CUST-07578,8,Month-to-month,75.0,616.64,Electronic check,4,Fiber optic,Yes,Yes
CUST-07579,20,Two year,23.78,487.54,Credit card (automatic),1,No,Yes,No
CUST-07580,13,Month-to-month,20.4,263.03,Electronic check,2,No,Yes,Yes
CUST-07581,8,Month-to-month,73.7,577.13,Mailed check,2,Fiber optic,No,No
CUST-07582,31,Month-to-month,113.63,3500.92,Electronic check,2,Fiber optic,Yes,Yes
CUST-07583,62,Two year,25.54,1587.30,Bank transfer (automatic),3,No,Yes,No
CUST-07584,41,Two year,47.3,1947.24,Mailed check,2,DSL,Yes,No
CUST-07585,48,Two year,113.68,5612.33,Bank transfer (automatic),1,Fiber optic,Yes,No
CUST-07586,39,Two year,23.11,891.89,Credit card (automatic),3,No,Yes,No
CUST-07587,51,One year,79.82,3981.69,Electronic check,2,Fiber optic,No,No
CUST-07588,32,Month-to-month,66.94,2113.82,Electronic check,1,DSL,Yes,No
CUST-07589,26,Two year,72.03,1822.72,Bank transfer (automatic),0,DSL,Yes,No
CUST-07590,11,Month-to-month,21.95,246.21,Credit card (automatic),4,No,Yes,No
CUST-07591,16,Two year,25.07,405.26,Electronic check,1,No,Yes,No
CUST-07592,48,One year,61.74,2960.09,Bank transfer (automatic),1,DSL,Yes,No
CUST-07593,26,One year,19.64,505.14,Electronic check,3,No,No,Yes
CUST-07594,2,Month-to-month,104.58,208.59,Bank transfer (automatic),3,Fiber optic,Yes,No
CUST-07595,45,Two year,23.33,1081.18,Electronic check,0,No,Yes,No
CUST-07596,38,Month-to-month,101.22,3735.73,Electronic check,1,Fiber optic,No,Yes
CUST-07597,52,One year,24.85,1262.22,Electronic check,1,No,Yes,Yes
CUST-07598,14,Month-to-month,95.74,1319.23,Credit card (automatic),3,Fiber optic,No,Yes
CUST-07599,12,Month-to-month,68.13,832.95,Bank transfer (automatic),4,DSL,Yes,No
CUST-07600,52,Month-to-month,25.41,1296.66,Mailed check,2,No,No,No
CUST-07601,43,Two year,76.72,3394.76,Bank transfer (automatic),2,Fiber optic,No,No
CUST-07602,34,One year,88.84,2939.30,Electronic check,0,Fiber optic,No,No
CUST-07603,46,Two year,80.67,3752.72,Bank transfer (automatic),2,Fiber optic,Yes,No
CUST-07604,15,Month-to-month,85.79,1268.73,Credit card (automatic),0,Fiber optic,Yes,No
CUST-07605,54,Two year,61.09,3383.97,Credit card (automatic),4,DSL,Yes,Yes
CUST-07606,50,Month-to-month,73.27,3607.04,Bank transfer (automatic),4,DSL,Yes,Yes
CUST-07607,32,Two year,89.48,2938.36,Credit card (automatic),3,Fiber optic,No,No
CUST-07608,35,Two year,62.81,2161.10,Mailed check,2,DSL,Yes,No
CUST-07609,3,Month-to-month,109.6,327.94,Credit card (automatic),5,Fiber optic,No,Yes
CUST-07610,8,Month-to-month,115.25,903.91,Electronic check,2,Fiber optic,Yes,No
CUST-07611,23,Two year,87.05,1957.53,Bank transfer (automatic),1,Fiber optic,No,No
CUST-07612,14,Month-to-month,48.98,679.29,Credit card (automatic),1,DSL,Yes,No
CUST-07613,27,Month-to-month,98.38,2602.83,Bank transfer (automatic),1,Fiber optic,No,Yes
CUST-07614,18,One year,75.11,1346.07,Electronic check,1,DSL,No,No
CUST-07615,25,Month-to-month,20.11,499.06,Bank transfer (automatic),1,No,Yes,No
CUST-07616,16,One year,94.35,1507.34,Electronic check,4,Fiber optic,No,Yes
CUST-07617,1,Month-to-month,60.19,61.09,Mailed check,1,DSL,Yes,No
CUST-07618,25,One year,115.2,2922.77,Credit card (automatic),5,Fiber optic,Yes,Yes
CUST-07619,2,Month-to-month,59.12,121.44,Bank transfer (automatic),1,DSL,Yes,No
CUST-07620,57,Month-to-month,22.27,1238.09,Electronic check,0,No,Yes,Yes
CUST-07621,14,Two year,47.53,657.23,Bank transfer (automatic),4,DSL,No,Yes
CUST-07622,0,Month-to-month,59.18, ,Electronic check,1,DSL,Yes,Yes
CUST-07623,32,Month-to-month,54.94,1740.31,Electronic check,1,DSL,No,No
CUST-07624,22,Two year,80.81,1775.89,Electronic check,6,Fiber optic,Yes,Yes
CUST-07625,28,Two year,94.8,2653.24,Credit card (automatic),3,Fiber optic,Yes,No
CUST-07626,0,Month-to-month,24.03, ,Mailed check,1,No,Yes,No
CUST-07627,36,Month-to-month,48.93,1795.55,Electronic check,0,DSL,Yes,No
CUST-07628,36,One year,47.65,1721.72,Credit card (automatic),1,DSL,No,No
CUST-07629,8,Two year,47.02,381.42,Bank transfer (automatic),2,DSL,Yes,No
CUST-07630,13,Two year,107.2,1399.48,Electronic check,2,Fiber optic,No,No
CUST-07631,66,Two year,71.19,4626.90,Electronic check,2,DSL,No,No
CUST-07632,53,One year,74.85,4084.48,Electronic check,1,DSL,Yes,No
CUST-07633,53,One year,25.48,1372.72,Bank transfer (automatic),2,No,Yes,No
CUST-07634,3,Month-to-month,21.08,62.96,Credit card (automatic),2,No,Yes,No
CUST-07635,20,One year,86.6,1737.52,Credit card (automatic),1,Fiber optic,No,No
CUST-07636,35,Month-to-month,118.33,4125.45,Credit card (automatic),3,Fiber optic,No,No
CUST-07637,67,One year,47.67,3102.50,Electronic check,1,DSL,No,No
CUST-07638,59,One year,72.03,4146.78,Bank transfer (automatic),3,Fiber optic,No,No
CUST-07639,3,Month-to-month,88.78,259.33,Credit card (automatic),1,Fiber optic,No,No
CUST-07640,39,Month-to-month,74.29,2869.85,Credit card (automatic),1,Fiber optic,No,No
CUST-07641,20,Month-to-month,88.68,1814.12,Electronic check,4,Fiber optic,Yes,Yes
CUST-07642,12,Month-to-month,90.07,1085.89,Bank transfer (automatic),2,Fiber optic,Yes,No
CUST-07643,44,Two year,101.14,4404.96,Electronic check,4,Fiber optic,Yes,Yes
CUST-07644,23,One year,106.28,2460.46,Electronic check,2,Fiber optic,Yes,No
CUST-07645,11,Two year,23.11,250.06,Credit card (automatic),3,No,Yes,No
CUST-07646,1,Month-to-month,104.48,103.14,Bank transfer (automatic),1,Fiber optic,Yes,Yes
CUST-07647,29,Month-to-month,55.93,1638.31,Credit card (automatic),1,DSL,Yes,Yes
CUST-07648,18,One year,59.12,1045.33,Electronic check,2,DSL,No,No
CUST-07649,21,Two year,104.83,2226.43,Credit card (automatic),0,Fiber optic,No,No
CUST-07650,34,Month-to-month,19.36,671.47,Mailed check,0,No,Yes,No
CUST-07651,29,One year,68.42,1939.86,Electronic check,1,DSL,No,No
CUST-07652,2,One year,116.39,228.13,Electronic check,2,Fiber optic,Yes,No
CUST-07653,28,Two year,78.56,2180.71,Mailed check,1,Fiber optic,No,No
CUST-07654,21,Month-to-month,89.23,1825.86,Mailed check,3,Fiber optic,No,No
CUST-07655,29,Month-to-month,22.61,657.75,Electronic check,2,No,Yes,Yes
CUST-07656,14,One year,105.01,1490.12,Credit card (automatic),3,Fiber optic,Yes,Yes
CUST-07657,9,Two year,82.29,730.99,Mailed check,2,Fiber optic,No,Yes
CUST-07658,6,Two year,63.78,388.42,Mailed check,0,DSL,Yes,No
CUST-07659,45,One year,115.58,5160.44,Bank transfer (automatic),2,Fiber optic,Yes,No
CUST-07660,19,Month-to-month,55.51,1054.90,Mailed check,3,DSL,No,Yes
CUST-07661,23,One year,63.21,1443.85,Electronic check,2,DSL,Yes,No
CUST-07662,26,Month-to-month,100.42,2667.90,Electronic check,2,Fiber optic,No,Yes
CUST-07663,8,One year,113.26,925.37,Bank transfer (automatic),1,Fiber optic,Yes,No
CUST-07664,43,Month-to-month,20.58,907.27,Mailed check,2,No,Yes,Yes
CUST-07665,4,Month-to-month,74.28,291.78,Electronic check,1,DSL,No,No
CUST-07666,34,Month-to-month,67.01,2278.56,Bank transfer (automatic),1,DSL,Yes,No
CUST-07667,15,Month-to-month,68.6,1043.10,Bank transfer (automatic),2,DSL,Yes,No
CUST-07668,37,Month-to-month,44.91,1662.76,Credit card (automatic),1,DSL,No,No
CUST-07669,24,One year,20.92,509.37,Bank transfer (automatic),1,No,Yes,No
CUST-07670,8,Month-to-month,75.75,606.36,Electronic check,2,Fiber optic,Yes,Yes
CUST-07671,68,Month-to-month,62.94,4348.70,Electronic check,1,DSL,No,No
CUST-07672,14,Month-to-month,72.99,1011.68,Mailed check,1,DSL,No,Yes
CUST-07673,9,Month-to-month,57.42,516.00,Electronic check,2,DSL,No,No
CUST-07674,31,Two year,19.94,614.99,Mailed check,0,No,No,No
CUST-07675,28,Month-to-month,84.85,2323.98,Electronic check,4,Fiber optic,No,Yes
CUST-07676,14,Month-to-month,22.55,323.87,Credit card (automatic),1,No,Yes,No
CUST-07677,21,One year,24.01,496.08,Bank transfer (automatic),2,No,Yes,No
CUST-07678,38,Two year,103.63,3822.49,Electronic check,3,Fiber optic,No,No
CUST-07679,61,Month-to-month,115.93,7150.29,Mailed check,1,Fiber optic,Yes,No
CUST-07680,42,Month-to-month,24.88,1034.09,Bank transfer (automatic),1,No,No,No
CUST-07681,10,Month-to-month,75.11,745.03,Electronic check,5,Fiber optic,Yes,Yes
CUST-07682,9,Month-to-month,104.3,963.85,Credit card (automatic),2,Fiber optic,Yes,Yes
CUST-07683,37,Two year,56.83,2163.19,Electronic check,0,DSL,Yes,No
CUST-07684,31,Month-to-month,86.39,2607.78,Credit card (automatic),1,Fiber optic,Yes,No
CUST-07685,33,Month-to-month,59.82,1919.63,Electronic check,1,DSL,Yes,Yes
CUST-07686,70,One year,107.36,7628.74,Mailed check,5,Fiber optic,No,Yes
CUST-07687,6,Two year,57.67,355.46,Electronic check,1,DSL,No,No
CUST-07688,24,Month-to-month,72.39,1705.23,Credit card (automatic),3,DSL,Yes,No
CUST-07689,30,One year,21.79,671.35,Credit card (automatic),0,No,Yes,No
CUST-07690,26,Two year,18.7,477.59,Credit card (automatic),0,No,No,No
CUST-07691,22,One year,65.44,1457.75,Mailed check,1,DSL,Yes,No
CUST-07692,7,Month-to-month,108.06,736.47,Electronic check,3,Fiber optic,No,Yes
CUST-07693,33,Month-to-month,54.0,1756.92,Electronic check,1,DSL,No,No
CUST-07694,37,Two year,50.59,1858.97,Bank transfer (automatic),2,DSL,Yes,No
CUST-07695,23,Month-to-month,101.21,2341.42,Mailed check,3,Fiber optic,Yes,Yes
CUST-07696,19,One year,20.89,406.60,Electronic check,2,No,No,No
CUST-07697,20,Month-to-month,114.16,2329.17,Electronic check,2,Fiber optic,Yes,Yes
CUST-07698,8,Month-to-month,24.0,190.90,Electronic check,1,No,Yes,Yes
CUST-07699,11,One year,92.48,1019.01,Bank transfer (automatic),4,Fiber optic,No,Yes
CUST-07700,20,One year,25.57,516.93,Bank transfer (automatic),2,No,No,No
CUST-07701,20,Month-to-month,55.04,1070.18,Bank transfer (automatic),1,DSL,No,No
CUST-07702,24,Two year,58.68,1404.22,Electronic check,2,DSL,No,No
CUST-07703,29,Two year,66.12,1935.08,Electronic check,2,DSL,Yes,No
CUST-07704,62,Two year,61.14,3893.43,Electronic check,1,DSL,Yes,No
CUST-07705,13,Two year,86.79,1149.52,Electronic check,1,Fiber optic,Yes,Yes
CUST-07706,4,One year,57.71,226.24,Mailed check,1,DSL,Yes,Yes
CUST-07707,2,Month-to-month,24.73,50.12,Electronic check,3,No,No,No
CUST-07708,56,One year,19.74,1082.45,Mailed check,0,No,No,No
CUST-07709,24,Month-to-month,20.63,493.58,Electronic check,2,No,No,No
CUST-07710,10,Month-to-month,49.73,502.66,Electronic check,4,DSL,Yes,Yes
CUST-07711,32,Month-to-month,61.14,1944.35,Electronic check,2,DSL,No,Yes
CUST-07712,29,One year,19.46,569.05,Credit card (automatic),1,No,Yes,No
CUST-07713,8,Two year,78.34,643.29,Bank transfer (automatic),1,Fiber optic,Yes,No
CUST-07714,0,Month-to-month,72.87, ,Electronic check,1,DSL,Yes,Yes
CUST-07715,26,Two year,68.09,1768.70,Electronic check,1,DSL,Yes,No
CUST-07716,19,Month-to-month,79.19,1530.27,Mailed check,3,Fiber optic,No,Yes
CUST-07717,5,One year,56.57,277.17,Mailed check,0,DSL,Yes,No
CUST-07718,1,Two year,114.7,117.86,Bank transfer (automatic),3,Fiber optic,Yes,No
CUST-07719,11,One year,74.17,823.55,Electronic check,0,DSL,No,No
CUST-07720,61,Two year,66.32,4094.02,Bank transfer (automatic),2,DSL,Yes,No
CUST-07721,1,Two year,52.84,54.36,Bank transfer (automatic),2,DSL,No,No
CUST-07722,33,Two year,56.09,1838.56,Bank transfer (automatic),1,DSL,No,No
CUST-07723,10,One year,66.28,659.69,Bank transfer (automatic),3,DSL,Yes,No
CUST-07724,1,Month-to-month,22.45,22.54,Credit card (automatic),1,No,Yes,No
CUST-07725,39,Two year,62.91,2435.05,Bank transfer (automatic),1,DSL,No,No
CUST-07726,23,Month-to-month,57.91,1297.52,Electronic check,1,DSL,No,Yes
CUST-07727,17,Month-to-month,74.4,1266.94,Credit card (automatic),0,Fiber optic,Yes,No
CUST-07728,15,Month-to-month,19.16,279.67,Mailed check,2,No,No,Yes
CUST-07729,48,Month-to-month,72.91,3498.93,Electronic check,2,DSL,No,No
CUST-07730,25,One year,113.1,2756.80,Bank transfer (automatic),3,Fiber optic,No,No
CUST-07731,26,One year,113.57,3007.63,Mailed check,2,Fiber optic,No,Yes
CUST-07732,8,One year,93.14,734.99,Credit card (automatic),1,Fiber optic,No,No
CUST-07733,9,Month-to-month,76.55,696.08,Mailed check,1,DSL,No,Yes
CUST-07734,7,One year,110.84,782.93,Electronic check,2,Fiber optic,Yes,No
CUST-07735,28,One year,88.73,2457.03,Credit card (automatic),0,Fiber optic,Yes,No
CUST-07736,44,Two year,80.87,3556.46,Credit card (automatic),5,Fiber optic,No,Yes
CUST-07737,17,Month-to-month,69.02,1198.65,Credit card (automatic),0,DSL,No,No
CUST-07738,37,Two year,23.69,897.00,Electronic check,2,No,Yes,No
CUST-07739,56,Two year,113.4,6252.74,Electronic check,0,Fiber optic,No,No
CUST-07740,13,One year,44.34,576.97,Credit card (automatic),1,DSL,Yes,No
CUST-07741,5,One year,87.19,438.09,Bank transfer (automatic),5,Fiber optic,Yes,Yes
CUST-07742,26,Month-to-month,71.7,1904.78,Credit card (automatic),5,Fiber optic,Yes,Yes
CUST-07743,19,Month-to-month,80.26,1489.71,Electronic check,2,Fiber optic,Yes,Yes
CUST-07744,15,Month-to-month,89.48,1320.00,Bank transfer (automatic),5,Fiber optic,No,Yes
CUST-07745,12,One year,76.0,895.53,Bank transfer (automatic),1,Fiber optic,Yes,No
CUST-07746,13,One year,24.42,321.54,Mailed check,3,No,Yes,No
CUST-07747,52,Month-to-month,19.77,1006.13,Mailed check,1,No,Yes,No
CUST-07748,32,Month-to-month,90.05,2869.34,Electronic check,3,Fiber optic,Yes,Yes
CUST-07749,4,Month-to-month,24.26,99.52,Electronic check,1,No,No,Yes
CUST-07750,38,Two year,19.13,748.10,Credit card (automatic),2,No,Yes,Yes
CUST-07751,16,Month-to-month,100.21,1606.68,Credit card (automatic),0,Fiber optic,Yes,No
CUST-07752,33,One year,115.85,3934.72,Electronic check,3,Fiber optic,No,Yes
CUST-07753,9,One year,59.04,521.71,Credit card (automatic),2,DSL,Yes,No
CUST-07754,55,One year,81.71,4459.56,Mailed check,1,Fiber optic,No,No
CUST-07755,21,Month-to-month,25.32,540.17,Electronic check,2,No,Yes,No
CUST-07756,31,Two year,72.64,2259.43,Credit card (automatic),2,Fiber optic,No,No
CUST-07757,30,Two year,20.59,615.73,Bank transfer (automatic),0,No,Yes,No
CUST-07758,21,Two year,72.25,1558.95,Bank transfer (automatic),0,DSL,Yes,No
CUST-07759,38,Two year,48.1,1804.67,Credit card (automatic),0,DSL,Yes,Yes
CUST-07760,22,Month-to-month,74.1,1659.21,Credit card (automatic),2,Fiber optic,Yes,No
CUST-07761,28,Month-to-month,92.33,2526.79,Credit card (automatic),2,Fiber optic,Yes,Yes
CUST-07762,31,Two year,20.74,657.21,Bank transfer (automatic),1,No,Yes,No
CUST-07763,3,Month-to-month,108.86,321.98,Electronic check,1,Fiber optic,Yes,No
CUST-07764,5,Month-to-month,86.44,426.76,Mailed check,1,Fiber optic,Yes,Yes
CUST-07765,56,Two year,102.65,5745.34,Electronic check,2,Fiber optic,Yes,No
CUST-07766,11,Month-to-month,97.31,1042.25,Electronic check,1,Fiber optic,Yes,Yes
CUST-07767,12,Month-to-month,99.1,1157.99,Credit card (automatic),2,Fiber optic,No,Yes
CUST-07768,43,Month-to-month,61.11,2689.44,Electronic check,1,DSL,Yes,No
CUST-07769,15,One year,76.6,1145.17,Bank transfer (automatic),0,Fiber optic,Yes,No
CUST-07770,12,Month-to-month,73.02,850.10,Credit card (automatic),2,Fiber optic,No,Yes
CUST-07771,13,Two year,96.52,1258.61,Mailed check,1,Fiber optic,Yes,No
CUST-07772,22,Month-to-month,101.66,2244.14,Electronic check,3,Fiber optic,Yes,Yes
CUST-07773,35,Month-to-month,105.36,3736.33,Bank transfer (automatic),0,Fiber optic,Yes,No
CUST-07774,5,Month-to-month,105.2,538.92,Credit card (automatic),3,Fiber optic,Yes,Yes
CUST-07775,21,Month-to-month,106.09,2267.74,Credit card (automatic),5,Fiber optic,No,Yes
CUST-07776,18,Two year,43.24,790.55,Bank transfer (automatic),5,DSL,No,Yes
CUST-07777,19,Month-to-month,80.9,1513.28,Bank transfer (automatic),1,Fiber optic,Yes,No
CUST-07778,19,Month-to-month,23.72,446.26,Electronic check,2,No,Yes,Yes
CUST-07779,33,Month-to-month,19.18,645.57,Credit card (automatic),0,No,Yes,No
CUST-07780,17,One year,79.1,1309.46,Bank transfer (automatic),3,Fiber optic,Yes,Yes
CUST-07781,39,Two year,102.16,3891.63,Electronic check,3,Fiber optic,Yes,No
CUST-07782,12,Month-to-month,71.92,857.68,Electronic check,2,DSL,Yes,No
CUST-07783,55,Month-to-month,19.47,1067.50,Electronic check,1,No,No,No
CUST-07784,12,Month-to-month,96.85,1162.73,Credit card (automatic),2,Fiber optic,Yes,No
CUST-07785,14,Month-to-month,49.1,702.54,Credit card (automatic),2,DSL,Yes,No
CUST-07786,7,One year,50.09,351.40,Electronic check,0,DSL,Yes,No
CUST-07787,23,Month-to-month,60.04,1346.07,Electronic check,1,DSL,Yes,No
CUST-07788,14,Month-to-month,102.85,1416.25,Credit card (automatic),4,Fiber optic,Yes,Yes
CUST-07789,20,Month-to-month,63.4,1290.83,Bank transfer (automatic),0,DSL,Yes,No
CUST-07790,19,One year,74.51,1453.25,Electronic check,2,Fiber optic,No,No
CUST-07791,21,Month-to-month,83.92,1751.86,Credit card (automatic),5,Fiber optic,Yes,Yes
CUST-07792,14,Month-to-month,115.74,1611.67,Electronic check,2,Fiber optic,No,No
CUST-07793,1,Month-to-month,65.35,67.14,Credit card (automatic),3,DSL,Yes,Yes
CUST-07794,7,One year,66.46,470.94,Bank transfer (automatic),0,DSL,Yes,No
CUST-07795,12,Month-to-month,50.19,586.25,Mailed check,3,DSL,No,Yes
CUST-07796,3,Month-to-month,116.71,353.46,Electronic check,7,Fiber optic,Yes,Yes
CUST-07797,16,Month-to-month,50.02,805.09,Credit card (automatic),0,DSL,No,No
CUST-07798,53,Two year,82.24,4251.12,Bank transfer (automatic),0,Fiber optic,Yes,No
CUST-07799,53,One year,22.08,1160.74,Electronic check,3,No,No,No
CUST-07800,13,One year,94.18,1200.66,Mailed check,3,Fiber optic,Yes,No
CUST-07801,45,One year,43.69,1942.90,Electronic check,0,DSL,Yes,No
CUST-07802,11,Month-to-month,106.26,1151.72,Mailed check,2,Fiber optic,No,Yes
CUST-07803,22,Month-to-month,46.01,1013.28,Electronic check,0,DSL,No,No
CUST-07804,0,Two year,18.66, ,Electronic check,0,No,Yes,No
CUST-07805,7,Month-to-month,94.72,656.86,Credit card (automatic),3,Fiber optic,No,No
CUST-07806,21,Month-to-month,44.26,935.94,Electronic check,1,DSL,Yes,Yes
CUST-07807,2,Month-to-month,49.8,100.26,Bank transfer (automatic),2,DSL,No,No
CUST-07808,59,One year,89.06,5133.26,Electronic check,2,Fiber optic,Yes,No
CUST-07809,0,Month-to-month,64.45, ,Bank transfer (automatic),0,DSL,Yes,No
CUST-07810,8,Month-to-month,70.99,581.13,Bank transfer (automatic),2,DSL,Yes,No
CUST-07811,5,Month-to-month,84.12,419.59,Electronic check,1,Fiber optic,No,No
CUST-07812,11,Month-to-month,59.65,637.80,Credit card (automatic),2,DSL,No,No
CUST-07813,41,One year,77.23,3103.45,Credit card (automatic),0,DSL,No,No
CUST-07814,60,Two year,21.18,1293.46,Mailed check,0,No,Yes,No
CUST-07815,27,Two year,104.6,2903.97,Credit card (automatic),2,Fiber optic,Yes,No
CUST-07816,61,Two year,20.29,1263.06,Electronic check,2,No,No,No
CUST-07817,55,Two year,65.18,3643.14,Mailed check,1,DSL,No,Yes
CUST-07818,60,Two year,71.79,4420.92,Electronic check,0,DSL,No,No
CUST-07819,31,Month-to-month,75.78,2356.94,Credit card (automatic),2,DSL,No,Yes
CUST-07820,3,One year,76.63,225.63,Credit card (automatic),3,DSL,No,No
CUST-07821,2,Month-to-month,53.49,108.33,Bank transfer (automatic),5,DSL,Yes,Yes
CUST-07822,19,Month-to-month,79.79,1480.81,Electronic check,1,Fiber optic,No,No
CUST-07823,23,Two year,24.36,548.34,Electronic check,1,No,No,No
CUST-07824,53,Two year,22.97,1227.78,Mailed check,3,No,Yes,No
CUST-07825,56,One year,21.36,1175.34,Electronic check,2,No,No,No
CUST-07826,34,Month-to-month,71.77,2465.67,Electronic check,3,Fiber optic,No,Yes
CUST-07827,23,Month-to-month,20.56,460.07,Credit card (automatic),2,No,No,Yes
CUST-07828,18,Month-to-month,19.09,334.59,Credit card (automatic),0,No,Yes,No
CUST-07829,28,Two year,60.41,1674.49,Electronic check,2,DSL,Yes,No
CUST-07830,5,Two year,24.46,124.77,Electronic check,0,No,Yes,No
CUST-07831,15,Month-to-month,85.24,1250.23,Electronic check,2,Fiber optic,No,No
CUST-07832,25,One year,87.43,2172.28,Bank transfer (automatic),2,Fiber optic,Yes,Yes
CUST-07833,16,Two year,108.18,1777.82,Bank transfer (automatic),1,Fiber optic,Yes,Yes
CUST-07834,1,Month-to-month,92.23,90.67,Electronic check,0,Fiber optic,Yes,Yes
CUST-07835,41,One year,66.82,2669.12,Credit card (automatic),2,DSL,Yes,No
CUST-07836,59,Two year,19.66,1158.00,Electronic check,4,No,Yes,Yes
CUST-07837,9,Month-to-month,82.23,722.03,Bank transfer (automatic),3,Fiber optic,No,No
CUST-07838,10,Two year,65.61,640.52,Credit card (automatic),1,DSL,No,No
CUST-07839,24,One year,46.57,1098.69,Credit card (automatic),1,DSL,Yes,Yes
CUST-07840,9,Month-to-month,78.54,694.05,Bank transfer (automatic),4,Fiber optic,No,Yes
CUST-07841,65,Two year,20.63,1354.63,Electronic check,3,No,No,No
CUST-07842,1,Month-to-month,19.6,19.73,Credit card (automatic),1,No,Yes,No
CUST-07843,23,One year,117.55,2771.16,Bank transfer (automatic),2,Fiber optic,No,No
CUST-07844,8,Month-to-month,51.82,425.35,Credit card (automatic),1,DSL,No,No
CUST-07845,49,Two year,116.54,5598.19,Credit card (automatic),2,Fiber optic,Yes,No
CUST-07846,12,Month-to-month,73.31,891.31,Electronic check,2,DSL,Yes,No
CUST-07847,52,One year,86.21,4608.27,Electronic check,3,Fiber optic,Yes,No
CUST-07848,1,Month-to-month,96.75,97.42,Electronic check,2,Fiber optic,Yes,No
CUST-07849,3,Month-to-month,54.8,167.95,Credit card (automatic),1,DSL,Yes,No
CUST-07850,41,One year,23.52,989.23,Bank transfer (automatic),3,No,Yes,No
CUST-07851,2,Two year,20.97,41.19,Electronic check,2,No,Yes,No
CUST-07852,3,One year,59.47,183.26,Mailed check,0,DSL,No,No
CUST-07853,0,Month-to-month,105.04, ,Mailed check,3,Fiber optic,Yes,Yes
CUST-07854,5,Two year,90.3,458.47,Mailed check,1,Fiber optic,Yes,No
CUST-07855,16,One year,67.59,1074.66,Electronic check,2,DSL,Yes,No
CUST-07856,5,Month-to-month,55.98,276.89,Credit card (automatic),1,DSL,Yes,Yes
CUST-07857,14,One year,57.04,796.27,Credit card (automatic),3,DSL,Yes,Yes
CUST-07858,1,Month-to-month,85.67,87.61,Credit card (automatic),2,Fiber optic,Yes,No
CUST-07859,19,Month-to-month,118.23,2249.68,Bank transfer (automatic),4,Fiber optic,No,No
CUST-07860,48,Month-to-month,94.61,4467.01,Bank transfer (automatic),0,Fiber optic,Yes,Yes
CUST-07861,45,Two year,19.92,909.91,Credit card (automatic),0,No,Yes,No
CUST-07862,1,Month-to-month,97.65,97.40,Bank transfer (automatic),0,Fiber optic,No,No
CUST-07863,53,Two year,21.77,1157.09,Bank transfer (automatic),1,No,Yes,No
CUST-07864,2,Month-to-month,107.97,213.33,Bank transfer (automatic),0,Fiber optic,Yes,Yes
CUST-07865,28,Month-to-month,76.56,2104.72,Mailed check,1,DSL,No,No
CUST-07866,43,One year,75.4,3254.20,Credit card (automatic),2,Fiber optic,Yes,No
CUST-07867,50,Two year,78.22,3798.06,Mailed check,1,DSL,No,No
CUST-07868,38,Month-to-month,19.49,738.06,Credit card (automatic),3,No,Yes,Yes
CUST-07869,64,One year,20.3,1277.83,Bank transfer (automatic),0,No,No,No
CUST-07870,19,Month-to-month,70.72,1350.95,Electronic check,2,DSL,No,No
CUST-07871,40,Two year,48.16,1977.43,Electronic check,3,DSL,Yes,No
CUST-07872,22,Month-to-month,24.38,549.65,Credit card (automatic),0,No,No,No
CUST-07873,22,Month-to-month,102.83,2261.93,Electronic check,2,Fiber optic,Yes,No
CUST-07874,22,Month-to-month,71.81,1580.70,Electronic check,5,DSL,No,Yes
CUST-07875,23,Month-to-month,63.01,1410.72,Bank transfer (automatic),1,DSL,Yes,No
CUST-07876,26,One year,117.98,3029.53,Bank transfer (automatic),1,Fiber optic,Yes,No
CUST-07877,19,Month-to-month,98.91,1881.38,Bank transfer (automatic),3,Fiber optic,Yes,Yes
CUST-07878,39,Two year,89.28,3488.78,Electronic check,5,Fiber optic,Yes,Yes
CUST-07879,8,Month-to-month,77.68,618.95,Electronic check,1,DSL,No,No
CUST-07880,8,Month-to-month,45.18,363.13,Mailed check,3,DSL,No,No
CUST-07881,25,Month-to-month,95.09,2429.88,Credit card (automatic),2,Fiber optic,No,No
CUST-07882,13,Month-to-month,65.51,862.18,Mailed check,2,DSL,No,Yes
CUST-07883,16,Month-to-month,86.84,1374.05,Electronic check,4,Fiber optic,No,No
CUST-07884,2,Month-to-month,74.49,149.69,Mailed check,1,Fiber optic,No,Yes
CUST-07885,44,Two year,21.33,926.05,Electronic check,2,No,Yes,No
CUST-07886,12,Month-to-month,109.52,1275.05,Credit card (automatic),3,Fiber optic,Yes,No
CUST-07887,21,One year,63.29,1367.89,Mailed check,2,DSL,No,Yes
CUST-07888,45,One year,70.09,3074.07,Bank transfer (automatic),0,DSL,Yes,No
CUST-07889,3,Month-to-month,68.62,203.81,Bank transfer (automatic),1,DSL,No,No
CUST-07890,1,One year,83.97,86.30,Electronic check,3,Fiber optic,Yes,Yes
CUST-07891,8,One year,82.36,669.92,Electronic check,3,Fiber optic,Yes,No
CUST-07892,56,Two year,108.56,6088.01,Electronic check,2,Fiber optic,Yes,No
CUST-07893,25,One year,78.3,1908.13,Electronic check,3,Fiber optic,Yes,No
CUST-07894,59,Month-to-month,97.56,5914.59,Bank transfer (automatic),2,Fiber optic,No,No
CUST-07895,22,One year,116.63,2496.33,Bank transfer (automatic),1,Fiber optic,No,Yes
CUST-07896,0,One year,95.62, ,Electronic check,1,Fiber optic,No,No
CUST-07897,5,Month-to-month,71.86,368.50,Electronic check,3,DSL,Yes,Yes
CUST-07898,11,Month-to-month,51.82,553.40,Electronic check,3,DSL,No,No
CUST-07899,37,Month-to-month,18.69,694.66,Electronic check,3,No,Yes,No
CUST-07900,6,One year,86.98,515.71,Electronic check,0,Fiber optic,No,No
CUST-07901,63,Month-to-month,98.03,6154.66,Credit card (automatic),0,Fiber optic,No,No
CUST-07902,0,Month-to-month,65.79, ,Electronic check,3,DSL,No,No
CUST-07903,29,Month-to-month,22.27,663.33,Electronic check,0,No,No,No
CUST-07904,49,Two year,91.1,4485.45,Credit card (automatic),0,Fiber optic,No,No
CUST-07905,32,One year,118.04,3878.32,Credit card (automatic),0,Fiber optic,Yes,No
CUST-07906,17,One year,103.56,1726.17,Credit card (automatic),3,Fiber optic,Yes,No
CUST-07907,23,One year,116.5,2632.59,Electronic check,2,Fiber optic,Yes,No
CUST-07908,6,Month-to-month,78.61,473.73,Mailed check,2,Fiber optic,Yes,Yes
CUST-07909,33,One year,118.73,3810.75,Mailed check,0,Fiber optic,No,No
CUST-07910,39,Month-to-month,68.09,2591.76,Electronic check,2,DSL,Yes,Yes
CUST-07911,17,Month-to-month,117.38,2051.62,Electronic check,0,Fiber optic,No,Yes
CUST-07912,20,Month-to-month,22.79,444.91,Mailed check,2,No,Yes,No
CUST-07913,7,Month-to-month,48.11,341.97,Credit card (automatic),2,DSL,No,No
CUST-07914,17,Two year,55.17,948.93,Mailed check,0,DSL,Yes,No
CUST-07915,6,Month-to-month,44.43,270.62,Credit card (automatic),2,DSL,Yes,Yes
CUST-07916,40,Month-to-month,77.38,3108.12,Bank transfer (automatic),2,Fiber optic,Yes,Yes
CUST-07917,33,Two year,118.67,3927.34,Credit card (automatic),2,Fiber optic,No,No
CUST-07918,0,Month-to-month,25.12, ,Electronic check,2,No,No,Yes
CUST-07919,30,Two year,25.01,753.72,Electronic check,2,No,Yes,Yes
CUST-07920,16,Month-to-month,42.57,661.85,Electronic check,1,DSL,No,No
CUST-07921,11,Month-to-month,91.96,1026.00,Electronic check,1,Fiber optic,Yes,No
CUST-07922,20,Two year,108.12,2145.29,Credit card (automatic),0,Fiber optic,Yes,No
CUST-07923,8,Month-to-month,81.05,658.13,Bank transfer (automatic),2,Fiber optic,Yes,Yes
CUST-07924,35,One year,90.48,3246.49,Bank transfer (automatic),5,Fiber optic,No,Yes
CUST-07925,4,Month-to-month,49.96,196.06,Electronic check,2,DSL,Yes,Yes
CUST-07926,35,Two year,103.77,3580.78,Electronic check,3,Fiber optic,Yes,Yes
CUST-07927,6,One year,104.32,622.82,Electronic check,2,Fiber optic,Yes,No
CUST-07928,28,Month-to-month,83.78,2380.39,Credit card (automatic),3,Fiber optic,No,Yes
CUST-07929,15,Month-to-month,59.87,888.36,Bank transfer (automatic),2,DSL,Yes,Yes
CUST-07930,9,Month-to-month,21.64,195.26,Bank transfer (automatic),3,No,No,No
CUST-07931,22,Month-to-month,70.82,1570.58,Electronic check,0,DSL,Yes,No
CUST-07932,14,Month-to-month,23.31,322.46,Electronic check,1,No,Yes,No
CUST-07933,31,Two year,18.76,564.36,Electronic check,3,No,No,No
CUST-07934,27,Month-to-month,19.38,519.54,Credit card (automatic),0,No,No,No
CUST-07935,41,One year,110.95,4454.43,Bank transfer (automatic),1,Fiber optic,No,No
CUST-07936,40,Month-to-month,117.07,4774.07,Credit card (automatic),2,Fiber optic,Yes,No
CUST-07937,62,Two year,65.66,4135.52,Electronic check,1,DSL,Yes,No
CUST-07938,9,Month-to-month,87.78,802.04,Credit card (automatic),4,Fiber optic,No,Yes
CUST-07939,31,One year,50.55,1584.22,Electronic check,3,DSL,No,No
CUST-07940,33,One year,106.25,3433.92,Bank transfer (automatic),2,Fiber optic,Yes,No
CUST-07941,8,One year,101.12,821.16,Bank transfer (automatic),3,Fiber optic,Yes,No
CUST-07942,35,One year,75.58,2665.86,Electronic check,0,DSL,Yes,No
CUST-07943,66,One year,114.03,7706.42,Bank transfer (automatic),2,Fiber optic,Yes,Yes
CUST-07944,19,Two year,20.55,387.95,Mailed check,1,No,No,Yes
CUST-07945,35,One year,71.73,2559.50,Bank transfer (automatic),3,DSL,Yes,No
CUST-07946,66,One year,51.73,3393.39,Bank transfer (automatic),4,DSL,Yes,No
CUST-07947,34,Month-to-month,108.12,3570.49,Credit card (automatic),2,Fiber optic,Yes,No
CUST-07948,22,Month-to-month,19.51,438.07,Bank transfer (automatic),0,No,Yes,No
CUST-07949,20,Month-to-month,55.16,1112.00,Bank transfer (automatic),4,DSL,No,Yes
CUST-07950,32,Month-to-month,45.63,1443.78,Bank transfer (automatic),2,DSL,Yes,Yes
CUST-07951,33,Month-to-month,20.47,681.79,Electronic check,1,No,Yes,No
CUST-07952,22,Month-to-month,85.51,1866.27,Electronic check,0,Fiber optic,Yes,Yes
CUST-07953,56,One year,102.6,5642.72,Mailed check,2,Fiber optic,No,Yes
CUST-07954,14,Month-to-month,104.87,1504.07,Electronic check,4,Fiber optic,No,Yes
CUST-07955,5,One year,63.9,313.67,Electronic check,2,DSL,Yes,No
CUST-07956,24,Month-to-month,24.03,569.65,Bank transfer (automatic),3,No,Yes,No
CUST-07957,30,Two year,21.64,655.15,Credit card (automatic),1,No,Yes,No
CUST-07958,2,Month-to-month,65.36,132.48,Bank transfer (automatic),2,DSL,No,No
CUST-07959,3,One year,87.51,261.47,Bank transfer (automatic),2,Fiber optic,No,No
CUST-07960,27,Month-to-month,22.16,589.00,Electronic check,0,No,Yes,No
CUST-07961,53,Two year,19.31,1004.10,Credit card (automatic),1,No,No,No
CUST-07962,49,One year,99.79,4921.72,Electronic check,2,Fiber optic,No,Yes
CUST-07963,5,Month-to-month,19.79,96.21,Electronic check,2,No,No,Yes
CUST-07964,65,One year,59.28,3832.23,Credit card (automatic),2,DSL,Yes,No
CUST-07965,48,Two year,102.44,5007.79,Credit card (automatic),4,Fiber optic,Yes,Yes
CUST-07966,1,Month-to-month,21.46,22.01,Electronic check,4,No,Yes,Yes
CUST-07967,42,One year,80.88,3346.81,Electronic check,1,Fiber optic,Yes,No
CUST-07968,3,Month-to-month,102.48,312.54,Mailed check,0,Fiber optic,No,Yes
CUST-07969,45,One year,24.64,1092.18,Bank transfer (automatic),4,No,Yes,Yes
CUST-07970,11,Month-to-month,94.39,1022.96,Electronic check,2,Fiber optic,Yes,Yes
CUST-07971,51,Two year,62.8,3181.90,Electronic check,3,DSL,No,No
CUST-07972,27,One year,21.18,559.62,Bank transfer (automatic),0,No,Yes,No
CUST-07973,6,Month-to-month,22.62,133.41,Bank transfer (automatic),1,No,No,No
CUST-07974,7,One year,94.15,656.04,Electronic check,3,Fiber optic,No,Yes
CUST-07975,53,Two year,69.68,3743.68,Mailed check,2,DSL,Yes,No
CUST-07976,23,Month-to-month,81.71,1894.41,Bank transfer (automatic),2,Fiber optic,No,No
CUST-07977,20,Month-to-month,93.7,1838.13,Mailed check,0,Fiber optic,Yes,No
CUST-07978,40,Two year,20.62,806.12,Electronic check,1,No,No,No
CUST-07979,25,One year,74.6,1830.36,Electronic check,0,Fiber optic,Yes,No
CUST-07980,10,One year,88.84,876.79,Mailed check,2,Fiber optic,No,No
CUST-07981,38,Month-to-month,77.2,2917.55,Credit card (automatic),1,DSL,Yes,No
CUST-07982,0,Month-to-month,92.45, ,Bank transfer (automatic),3,Fiber optic,No,Yes
CUST-07983,21,Month-to-month,22.34,479.74,Electronic check,3,No,No,Yes
CUST-07984,17,One year,69.52,1147.63,Electronic check,1,DSL,No,No
CUST-07985,24,Month-to-month,118.01,2856.11,Bank transfer (automatic),1,Fiber optic,Yes,No
CUST-07986,1,Month-to-month,90.07,87.96,Credit card (automatic),6,Fiber optic,No,Yes
CUST-07987,25,Two year,22.13,561.67,Mailed check,1,No,Yes,No
CUST-07988,29,One year,25.51,758.89,Electronic check,2,No,No,No
CUST-07989,49,One year,21.47,1022.42,Bank transfer (automatic),3,No,Yes,No
CUST-07990,6,Month-to-month,71.27,437.47,Bank transfer (automatic),0,DSL,Yes,Yes
CUST-07991,14,One year,21.58,304.67,Electronic check,0,No,Yes,No
CUST-07992,30,One year,50.79,1526.62,Credit card (automatic),2,DSL,Yes,No
CUST-07993,3,Month-to-month,76.58,230.57,Electronic check,0,DSL,Yes,Yes
CUST-07994,34,Two year,68.42,2384.60,Electronic check,1,DSL,No,No
CUST-07995,38,Two year,73.93,2755.79,Credit card (automatic),1,DSL,Yes,No
CUST-07996,53,Two year,46.73,2408.44,Electronic check,0,DSL,Yes,No
CUST-07997,6,Month-to-month,104.36,640.21,Electronic check,2,Fiber optic,Yes,No
CUST-07998,1,Two year,101.22,101.74,Credit card (automatic),1,Fiber optic,Yes,No
CUST-07999,19,Month-to-month,21.88,407.12,Bank transfer (automatic),1,No,Yes,Yes
CUST-08000,23,Month-to-month,47.67,1109.68,Electronic check,0,DSL,No,No
CUST-08001,41,Month-to-month,21.36,897.13,Bank transfer (automatic),2,No,Yes,No
CUST-08002,44,Two year,64.98,2775.55,Bank transfer (automatic),3,DSL,Yes,No
CUST-08003,38,Month-to-month,103.03,3950.39,Bank transfer (automatic),1,Fiber optic,Yes,No
CUST-08004,5,Month-to-month,75.7,375.49,Mailed check,1,Fiber optic,Yes,Yes
CUST-08005,18,Month-to-month,58.66,1028.83,Mailed check,1,DSL,Yes,Yes
CUST-08006,28,Month-to-month,90.74,2516.87,Credit card (automatic),2,Fiber optic,Yes,No
CUST-08007,53,Two year,108.33,5890.73,Credit card (automatic),4,Fiber optic,No,Yes
CUST-08008,14,One year,72.01,997.44,Bank transfer (automatic),1,Fiber optic,No,No
CUST-08009,62,Two year,71.09,4435.97,Credit card (automatic),2,DSL,Yes,No
CUST-08010,25,Month-to-month,108.2,2673.13,Electronic check,1,Fiber optic,Yes,No
CUST-08011,0,Month-to-month,103.98, ,Electronic check,1,Fiber optic,Yes,Yes
CUST-08012,57,Two year,75.25,4249.44,Credit card (automatic),3,DSL,No,No
CUST-08013,63,Two year,21.74,1368.97,Credit card (automatic),0,No,Yes,No
CUST-08014,36,Month-to-month,18.97,700.33,Credit card (automatic),1,No,No,Yes
CUST-08015,18,Month-to-month,20.74,370.27,Mailed check,2,No,Yes,Yes
CUST-08016,29,Month-to-month,99.8,2882.14,Credit card (automatic),3,Fiber optic,No,Yes
CUST-08017,33,One year,85.74,2895.04,Electronic check,1,Fiber optic,Yes,No
CUST-08018,30,One year,100.86,3019.26,Electronic check,2,Fiber optic,No,Yes
CUST-08019,44,Two year,44.09,1974.04,Credit card (automatic),1,DSL,Yes,Yes
CUST-08020,60,Month-to-month,18.78,1094.86,Electronic check,1,No,No,No
CUST-08021,57,Two year,42.88,2390.13,Electronic check,1,DSL,Yes,No
CUST-08022,35,Two year,117.58,4158.85,Bank transfer (automatic),2,Fiber optic,Yes,Yes
CUST-08023,60,Month-to-month,20.21,1232.83,Bank transfer (automatic),0,No,No,No
CUST-08024,11,Month-to-month,71.46,798.92,Bank transfer (automatic),3,DSL,No,Yes
CUST-08025,46,Two year,113.23,5223.27,Credit card (automatic),2,Fiber optic,Yes,No
CUST-08026,16,One year,48.24,759.24,Electronic check,0,DSL,No,No
CUST-08027,8,Month-to-month,79.71,627.85,Bank transfer (automatic),2,Fiber optic,No,Yes
CUST-08028,70,Two year,88.64,6092.73,Electronic check,2,Fiber optic,Yes,Yes
CUST-08029,34,One year,60.85,2062.31,Mailed check,2,DSL,No,No
CUST-08030,1,Month-to-month,61.96,62.15,Electronic check,3,DSL,Yes,No
CUST-08031,33,One year,88.8,2843.92,Credit card (automatic),4,Fiber optic,Yes,No
CUST-08032,55,One year,63.84,3474.87,Credit card (automatic),2,DSL,Yes,No
CUST-08033,5,Month-to-month,69.29,353.80,Mailed check,0,DSL,Yes,No
CUST-08034,1,Month-to-month,23.5,23.36,Bank transfer (automatic),2,No,Yes,No
CUST-08035,53,Month-to-month,43.6,2313.98,Electronic check,1,DSL,Yes,Yes
CUST-08036,39,Two year,98.92,3848.58,Electronic check,0,Fiber optic,Yes,No
CUST-08037,30,One year,104.74,3075.33,Bank transfer (automatic),1,Fiber optic,Yes,No
CUST-08038,30,Two year,19.76,578.64,Bank transfer (automatic),1,No,Yes,No
CUST-08039,71,Two year,99.43,6944.12,Credit card (automatic),0,Fiber optic,Yes,No
CUST-08040,67,Month-to-month,19.08,1290.57,Credit card (automatic),2,No,Yes,No
CUST-08041,35,Month-to-month,102.42,3664.86,Credit card (automatic),1,Fiber optic,Yes,No
CUST-08042,16,Month-to-month,100.24,1580.94,Credit card (automatic),4,Fiber optic,Yes,Yes
CUST-08043,13,One year,51.27,659.81,Electronic check,2,DSL,No,No
CUST-08044,11,Month-to-month,112.67,1228.52,Credit card (automatic),0,Fiber optic,Yes,No
CUST-08045,19,One year,71.86,1385.31,Electronic check,0,DSL,No,No
CUST-08046,24,Two year,106.03,2528.50,Electronic check,2,Fiber optic,Yes,No
CUST-08047,7,Two year,59.23,415.09,Bank transfer (automatic),0,DSL,Yes,No
CUST-08048,33,Month-to-month,81.06,2704.17,Mailed check,3,Fiber optic,No,Yes
CUST-08049,52,Two year,108.13,5759.88,Bank transfer (automatic),4,Fiber optic,No,Yes
CUST-08050,46,Two year,80.46,3611.49,Electronic check,1,Fiber optic,Yes,No
CUST-08051,54,Two year,93.74,5194.82,Electronic check,0,Fiber optic,Yes,No
CUST-08052,45,One year,88.46,3981.89,Credit card (automatic),3,Fiber optic,Yes,No
CUST-08053,65,Month-to-month,79.85,5066.72,Bank transfer (automatic),1,Fiber optic,Yes,No
CUST-08054,1,Month-to-month,22.86,22.89,Electronic check,1,No,Yes,Yes
CUST-08055,24,Month-to-month,117.88,2822.21,Mailed check,0,Fiber optic,Yes,No
CUST-08056,48,One year,21.82,1027.40,Bank transfer (automatic),0,No,Yes,No
CUST-08057,36,One year,22.0,782.91,Bank transfer (automatic),2,No,No,No
CUST-08058,8,Month-to-month,56.07,444.19,Mailed check,2,DSL,No,Yes
CUST-08059,29,Month-to-month,50.81,1468.00,Electronic check,5,DSL,Yes,Yes
CUST-08060,9,Month-to-month,52.79,484.26,Bank transfer (automatic),6,DSL,Yes,Yes
CUST-08061,32,Month-to-month,74.38,2369.20,Electronic check,0,DSL,Yes,Yes
CUST-08062,40,Two year,77.01,3143.51,Credit card (automatic),1,DSL,Yes,No
CUST-08063,4,Month-to-month,72.57,288.79,Credit card (automatic),1,DSL,Yes,No
CUST-08064,53,Month-to-month,43.46,2269.53,Electronic check,2,DSL,Yes,No
CUST-08065,36,Month-to-month,22.81,815.86,Electronic check,4,No,No,Yes
CUST-08066,27,One year,62.49,1640.31,Electronic check,1,DSL,No,No
CUST-08067,10,Month-to-month,107.77,1079.54,Mailed check,3,Fiber optic,Yes,Yes
CUST-08068,56,Two year,108.05,5873.43,Electronic check,0,Fiber optic,No,No
CUST-08069,33,One year,58.45,1965.07,Mailed check,2,DSL,Yes,No
CUST-08070,6,Month-to-month,84.02,505.54,Electronic check,1,Fiber optic,No,Yes
CUST-08071,3,Month-to-month,18.98,57.90,Mailed check,1,No,Yes,No
CUST-08072,39,One year,64.75,2550.86,Credit card (automatic),1,DSL,Yes,No
CUST-08073,3,Month-to-month,52.46,156.59,Bank transfer (automatic),2,DSL,Yes,No
CUST-08074,39,Month-to-month,117.03,4468.48,Electronic check,1,Fiber optic,No,Yes
CUST-08075,21,One year,44.2,921.92,Electronic check,1,DSL,Yes,No
CUST-08076,58,One year,117.01,6946.51,Bank transfer (automatic),0,Fiber optic,No,No
CUST-08077,21,One year,21.97,448.21,Electronic check,2,No,No,No
CUST-08078,57,One year,22.8,1328.41,Mailed check,3,No,Yes,No
CUST-08079,36,One year,63.74,2331.54,Credit card (automatic),1,DSL,No,No
CUST-08080,17,Month-to-month,106.69,1793.30,Mailed check,2,Fiber optic,No,No
CUST-08081,16,Month-to-month,45.81,732.94,Electronic check,2,DSL,Yes,Yes
CUST-08082,19,Two year,113.28,2127.26,Credit card (automatic),1,Fiber optic,Yes,No
CUST-08083,16,One year,71.29,1170.79,Bank transfer (automatic),3,DSL,Yes,No
CUST-08084,6,One year,73.45,434.89,Bank transfer (automatic),1,DSL,No,No
CUST-08085,11,Month-to-month,93.66,1033.60,Electronic check,4,Fiber optic,No,No
CUST-08086,2,Month-to-month,104.02,209.22,Bank transfer (automatic),1,Fiber optic,No,Yes
CUST-08087,25,Month-to-month,59.14,1512.66,Credit card (automatic),0,DSL,Yes,Yes
CUST-08088,25,Two year,76.35,1951.32,Credit card (automatic),3,Fiber optic,No,Yes
CUST-08089,31,Two year,84.72,2636.61,Electronic check,1,Fiber optic,Yes,No
CUST-08090,37,Two year,20.34,774.52,Credit card (automatic),2,No,No,No
CUST-08091,34,Month-to-month,19.5,672.51,Credit card (automatic),1,No,Yes,No
CUST-08092,9,Month-to-month,51.28,457.51,Electronic check,2,DSL,Yes,Yes
CUST-08093,8,Month-to-month,21.99,171.45,Bank transfer (automatic),2,No,No,No
CUST-08094,23,Two year,57.87,1297.04,Credit card (automatic),2,DSL,No,No
CUST-08095,51,Month-to-month,86.05,4380.00,Credit card (automatic),2,Fiber optic,No,No
CUST-08096,10,Month-to-month,114.2,1111.98,Mailed check,4,Fiber optic,Yes,Yes
CUST-08097,52,One year,70.85,3623.22,Bank transfer (automatic),2,DSL,No,Yes
CUST-08098,29,Month-to-month,18.27,519.16,Electronic check,4,No,Yes,No
CUST-08099,46,Month-to-month,97.81,4501.07,Bank transfer (automatic),3,Fiber optic,Yes,Yes
CUST-08100,16,Two year,104.12,1694.72,Credit card (automatic),2,Fiber optic,No,No
CUST-08101,57,Two year,72.6,4040.30,Electronic check,2,Fiber optic,Yes,No
CUST-08102,9,Month-to-month,75.56,669.21,Mailed check,3,Fiber optic,Yes,Yes
CUST-08103,1,Month-to-month,52.64,51.54,Bank transfer (automatic),1,DSL,Yes,No
CUST-08104,49,Two year,99.92,4831.48,Electronic check,2,Fiber optic,No,No
CUST-08105,6,Month-to-month,115.0,702.66,Electronic check,1,Fiber optic,Yes,No
CUST-08106,4,Month-to-month,21.89,89.71,Credit card (automatic),2,No,No,No
CUST-08107,23,Two year,78.26,1813.43,Credit card (automatic),0,DSL,Yes,No
CUST-08108,3,One year,115.67,354.64,Credit card (automatic),0,Fiber optic,Yes,No
CUST-08109,9,Month-to-month,65.7,588.67,Credit card (automatic),1,DSL,No,Yes
CUST-08110,52,Month-to-month,92.33,4755.50,Electronic check,4,Fiber optic,Yes,Yes
CUST-08111,43,Month-to-month,67.31,2882.55,Credit card (automatic),2,DSL,No,No
CUST-08112,8,Month-to-month,24.18,189.02,Credit card (automatic),0,No,Yes,Yes
CUST-08113,9,Month-to-month,76.83,711.42,Electronic check,1,DSL,Yes,No
CUST-08114,69,Month-to-month,106.73,7544.99,Bank transfer (automatic),2,Fiber optic,No,No
CUST-08115,43,Two year,89.09,3763.66,Electronic check,0,Fiber optic,Yes,No
CUST-08116,54,Two year,94.05,5186.30,Electronic check,2,Fiber optic,Yes,No
CUST-08117,4,One year,44.21,174.48,Credit card (automatic),1,DSL,Yes,No
CUST-08118,63,Month-to-month,43.55,2726.21,Credit card (automatic),4,DSL,Yes,Yes
CUST-08119,4,Two year,83.72,331.95,Electronic check,1,Fiber optic,Yes,No
CUST-08120,43,Two year,71.84,3122.49,Bank transfer (automatic),1,DSL,Yes,No
CUST-08121,10,Month-to-month,54.12,528.83,Credit card (automatic),0,DSL,Yes,No
CUST-08122,57,Month-to-month,75.7,4350.72,Electronic check,1,Fiber optic,No,Yes
CUST-08123,20,Month-to-month,55.46,1126.67,Credit card (automatic),1,DSL,Yes,Yes
CUST-08124,2,Month-to-month,84.9,169.65,Mailed check,1,Fiber optic,Yes,No
CUST-08125,2,Month-to-month,78.51,158.03,Electronic check,3,DSL,No,Yes
CUST-08126,48,Month-to-month,77.86,3779.02,Bank transfer (automatic),1,DSL,Yes,Yes
CUST-08127,28,Month-to-month,23.78,679.23,Electronic check,2,No,Yes,No
CUST-08128,33,Two year,110.41,3750.21,Bank transfer (automatic),2,Fiber optic,Yes,No
CUST-08129,12,Month-to-month,82.38,1013.50,Electronic check,4,Fiber optic,Yes,No
CUST-08130,30,Month-to-month,96.21,2837.39,Electronic check,4,Fiber optic,No,Yes
CUST-08131,50,One year,118.68,5796.49,Electronic check,1,Fiber optic,Yes,No
CUST-08132,55,Two year,54.26,3046.83,Electronic check,1,DSL,Yes,No
CUST-08133,23,Month-to-month,25.65,597.56,Electronic check,1,No,Yes,No
CUST-08134,11,Month-to-month,49.35,531.43,Electronic check,1,DSL,No,Yes
CUST-08135,21,Two year,22.9,471.93,Electronic check,2,No,Yes,No
CUST-08136,5,Month-to-month,70.96,351.33,Electronic check,5,DSL,Yes,Yes
CUST-08137,64,One year,64.09,4107.84,Electronic check,2,DSL,No,No
CUST-08138,43,Month-to-month,20.57,910.27,Electronic check,1,No,Yes,No
CUST-08139,2,One year,109.68,217.04,Electronic check,3,Fiber optic,Yes,Yes
CUST-08140,42,Two year,79.84,3288.44,Mailed check,5,Fiber optic,Yes,Yes
CUST-08141,61,Two year,21.48,1291.39,Electronic check,1,No,Yes,No
CUST-08142,46,Month-to-month,52.68,2450.87,Electronic check,4,DSL,Yes,Yes
CUST-08143,3,Two year,60.53,179.82,Bank transfer (automatic),1,DSL,Yes,No
CUST-08144,5,Month-to-month,56.6,290.11,Mailed check,3,DSL,Yes,Yes
CUST-08145,24,Month-to-month,49.02,1174.06,Bank transfer (automatic),0,DSL,Yes,No
CUST-08146,50,One year,69.5,3402.66,Mailed check,0,DSL,Yes,Yes
CUST-08147,60,Two year,48.93,2862.30,Mailed check,4,DSL,Yes,No
CUST-08148,35,Month-to-month,96.6,3382.83,Mailed check,2,Fiber optic,No,Yes
CUST-08149,71,Two year,109.22,7921.49,Credit card (automatic),4,Fiber optic,No,Yes
CUST-08150,21,Two year,60.09,1268.72,Mailed check,2,DSL,Yes,No
CUST-08151,65,Month-to-month,74.78,4881.31,Bank transfer (automatic),0,DSL,No,No
CUST-08152,2,One year,90.9,183.29,Mailed check,1,Fiber optic,Yes,No
CUST-08153,13,One year,25.53,340.83,Bank transfer (automatic),2,No,No,No
CUST-08154,31,One year,71.21,2253.09,Electronic check,2,Fiber optic,Yes,No
CUST-08155,63,Two year,24.18,1542.36,Electronic check,1,No,Yes,No
CUST-08156,20,One year,68.27,1397.49,Bank transfer (automatic),1,DSL,Yes,No
CUST-08157,14,Month-to-month,99.79,1406.99,Credit card (automatic),3,Fiber optic,Yes,No
CUST-08158,3,Month-to-month,84.44,253.97,Electronic check,0,Fiber optic,Yes,Yes
CUST-08159,38,Month-to-month,22.83,842.53,Electronic check,6,No,No,Yes
CUST-08160,48,Two year,98.99,4745.22,Credit card (automatic),1,Fiber optic,Yes,No
CUST-08161,5,One year,77.28,375.79,Electronic check,0,Fiber optic,Yes,No
CUST-08162,49,One year,24.85,1238.53,Credit card (automatic),0,No,No,No
CUST-08163,2,Two year,96.06,186.58,Bank transfer (automatic),3,Fiber optic,Yes,Yes
CUST-08164,30,One year,45.74,1334.37,Electronic check,2,DSL,Yes,No
CUST-08165,28,Month-to-month,89.09,2425.22,Electronic check,2,Fiber optic,No,No
CUST-08166,36,Two year,50.38,1803.54,Bank transfer (automatic),2,DSL,No,No
CUST-08167,42,Two year,48.64,2058.59,Credit card (automatic),2,DSL,Yes,No
CUST-08168,56,Two year,76.95,4415.83,Credit card (automatic),3,DSL,No,No
CUST-08169,16,Month-to-month,23.31,371.97,Electronic check,1,No,Yes,Yes
CUST-08170,0,Month-to-month,53.48, ,Bank transfer (automatic),0,DSL,No,Yes
CUST-08171,7,Two year,67.19,479.29,Mailed check,2,DSL,No,Yes
CUST-08172,2,Month-to-month,71.73,143.62,Bank transfer (automatic),4,DSL,No,Yes
CUST-08173,61,One year,85.45,5117.87,Electronic check,1,Fiber optic,No,No
CUST-08174,26,Month-to-month,118.01,3140.36,Mailed check,2,Fiber optic,Yes,Yes
CUST-08175,6,Month-to-month,74.58,454.69,Electronic check,1,DSL,Yes,No
CUST-08176,21,Month-to-month,71.52,1512.16,Bank transfer (automatic),3,DSL,No,Yes
CUST-08177,56,Two year,104.87,6015.67,Electronic check,4,Fiber optic,No,Yes
CUST-08178,23,Month-to-month,18.54,433.07,Electronic check,2,No,Yes,No
CUST-08179,7,Month-to-month,43.32,296.99,Electronic check,2,DSL,No,No
CUST-08180,5,Month-to-month,78.03,381.58,Bank transfer (automatic),1,Fiber optic,Yes,Yes
CUST-08181,50,Two year,114.7,5702.52,Electronic check,1,Fiber optic,No,No
CUST-08182,3,Month-to-month,50.41,148.32,Credit card (automatic),2,DSL,Yes,Yes
CUST-08183,17,One year,68.02,1147.44,Electronic check,2,DSL,Yes,No
CUST-08184,37,Month-to-month,25.6,928.77,Bank transfer (automatic),4,No,Yes,Yes
CUST-08185,9,Month-to-month,115.69,1066.96,Electronic check,2,Fiber optic,Yes,No
CUST-08186,10,Month-to-month,57.07,564.06,Bank transfer (automatic),1,DSL,Yes,Yes
CUST-08187,22,Month-to-month,23.36,525.17,Bank transfer (automatic),1,No,No,No
CUST-08188,6,Month-to-month,23.94,142.18,Credit card (automatic),4,No,Yes,Yes
CUST-08189,1,Month-to-month,62.5,60.83,Bank transfer (automatic),3,DSL,No,Yes
CUST-08190,3,Month-to-month,61.54,187.31,Credit card (automatic),3,DSL,No,Yes
CUST-08191,28,One year,19.93,562.83,Credit card (automatic),2,No,No,No
CUST-08192,47,Two year,102.95,4938.75,Bank transfer (automatic),2,Fiber optic,No,No
CUST-08193,20,One year,20.45,418.25,Electronic check,0,No,No,No
CUST-08194,2,Month-to-month,20.56,41.82,Mailed check,1,No,Yes,Yes
CUST-08195,13,Month-to-month,20.24,268.59,Mailed check,1,No,No,No
CUST-08196,3,Month-to-month,18.74,55.77,Credit card (automatic),2,No,No,No
CUST-08197,48,Two year,111.13,5273.44,Electronic check,2,Fiber optic,Yes,No
CUST-08198,28,Two year,112.07,3124.90,Bank transfer (automatic),2,Fiber optic,No,No
CUST-08199,1,One year,105.28,107.81,Bank transfer (automatic),2,Fiber optic,Yes,No
CUST-08200,13,Month-to-month,115.23,1522.33,Electronic check,2,Fiber optic,No,Yes
CUST-08201,68,Two year,100.78,6900.03,Electronic check,2,Fiber optic,Yes,No
CUST-08202,11,Month-to-month,65.78,716.61,Electronic check,1,DSL,No,No
CUST-08203,19,One year,24.91,480.49,Electronic check,1,No,No,Yes
CUST-08204,32,One year,80.17,2514.70,Credit card (automatic),2,Fiber optic,No,No
CUST-08205,8,Month-to-month,58.35,469.31,Electronic check,3,DSL,Yes,Yes
CUST-08206,63,Two year,104.33,6650.31,Bank transfer (automatic),0,Fiber optic,Yes,No
CUST-08207,13,Two year,52.28,660.67,Bank transfer (automatic),0,DSL,Yes,No
CUST-08208,24,Month-to-month,81.15,1955.32,Credit card (automatic),0,Fiber optic,Yes,No
CUST-08209,1,Month-to-month,113.79,117.09,Credit card (automatic),1,Fiber optic,No,No
CUST-08210,32,One year,118.56,3769.56,Electronic check,2,Fiber optic,Yes,No
CUST-08211,36,Month-to-month,88.84,3252.83,Credit card (automatic),1,Fiber optic,Yes,No
CUST-08212,0,Month-to-month,20.02, ,Credit card (automatic),2,No,Yes,No
CUST-08213,42,Month-to-month,57.22,2433.68,Electronic check,1,DSL,Yes,No
CUST-08214,35,One year,53.56,1826.06,Credit card (automatic),2,DSL,Yes,No
CUST-08215,24,One year,72.41,1687.05,Bank transfer (automatic),1,DSL,Yes,No
CUST-08216,13,Month-to-month,75.3,995.14,Electronic check,4,DSL,No,Yes
CUST-08217,54,Two year,56.73,3005.82,Credit card (automatic),3,DSL,No,No
CUST-08218,2,One year,22.75,45.04,Electronic check,2,No,No,Yes
CUST-08219,4,Two year,18.84,75.61,Electronic check,4,No,Yes,Yes
CUST-08220,13,One year,59.32,772.43,Electronic check,2,DSL,Yes,Yes
CUST-08221,27,Month-to-month,18.3,483.88,Bank transfer (automatic),1,No,No,No
CUST-08222,21,One year,23.28,476.19,Electronic check,1,No,No,No
CUST-08223,48,Two year,19.57,948.51,Bank transfer (automatic),4,No,No,Yes
CUST-08224,1,Two year,112.8,115.21,Bank transfer (automatic),1,Fiber optic,No,No
CUST-08225,2,Month-to-month,65.43,134.67,Credit card (automatic),2,DSL,Yes,Yes
CUST-08226,35,Month-to-month,115.25,4046.44,Mailed check,2,Fiber optic,Yes,No
CUST-08227,27,Month-to-month,25.29,685.62,Credit card (automatic),1,No,No,No
CUST-08228,7,One year,78.25,555.96,Credit card (automatic),4,Fiber optic,Yes,Yes
CUST-08229,32,Month-to-month,22.1,696.44,Bank transfer (automatic),2,No,Yes,No
CUST-08230,0,Month-to-month,49.61, ,Electronic check,2,DSL,Yes,Yes
CUST-08231,14,Month-to-month,58.99,839.04,Credit card (automatic),1,DSL,Yes,No
CUST-08232,9,Month-to-month,21.63,190.58,Electronic check,2,No,No,No
CUST-08233,56,Two year,23.77,1338.38,Mailed check,1,No,Yes,No
CUST-08234,18,Two year,117.59,2177.45,Bank transfer (automatic),3,Fiber optic,No,No
CUST-08235,10,Two year,100.66,999.45,Credit card (automatic),5,Fiber optic,Yes,Yes
CUST-08236,1,Month-to-month,72.2,71.81,Bank transfer (automatic),2,DSL,Yes,No
CUST-08237,40,One year,89.68,3654.02,Electronic check,4,Fiber optic,Yes,No
CUST-08238,54,Month-to-month,45.15,2445.10,Credit card (automatic),2,DSL,Yes,No
CUST-08239,11,Month-to-month,95.09,1070.68,Bank transfer (automatic),6,Fiber optic,Yes,Yes
CUST-08240,29,Two year,114.07,3255.04,Credit card (automatic),4,Fiber optic,Yes,No
CUST-08241,39,Month-to-month,81.71,3234.98,Bank transfer (automatic),3,Fiber optic,No,No
CUST-08242,2,Month-to-month,52.07,106.79,Mailed check,0,DSL,No,Yes
CUST-08243,20,Two year,46.31,924.60,Electronic check,1,DSL,Yes,No
CUST-08244,6,Month-to-month,25.73,155.80,Bank transfer (automatic),2,No,Yes,No
CUST-08245,7,Month-to-month,90.22,633.77,Electronic check,2,Fiber optic,No,Yes
CUST-08246,59,One year,84.57,5018.87,Electronic check,1,Fiber optic,No,No
CUST-08247,62,Two year,115.18,7206.52,Electronic check,2,Fiber optic,Yes,No
CUST-08248,57,One year,72.03,4041.51,Electronic check,2,DSL,Yes,No
CUST-08249,18,Month-to-month,112.75,2001.70,Credit card (automatic),5,Fiber optic,No,Yes
CUST-08250,13,One year,25.38,326.71,Bank transfer (automatic),1,No,Yes,No
CUST-08251,40,Two year,24.68,968.61,Credit card (automatic),1,No,Yes,No
CUST-08252,0,Month-to-month,78.38, ,Credit card (automatic),3,DSL,No,No
CUST-08253,49,Two year,101.17,5063.00,Mailed check,1,Fiber optic,Yes,No
CUST-08254,2,One year,81.74,161.60,Electronic check,3,Fiber optic,Yes,Yes
CUST-08255,66,Month-to-month,78.15,5181.27,Electronic check,1,Fiber optic,Yes,No
CUST-08256,11,Month-to-month,99.36,1068.63,Electronic check,4,Fiber optic,No,Yes
CUST-08257,10,Two year,87.5,877.39,Credit card (automatic),0,Fiber optic,Yes,Yes
CUST-08258,24,One year,47.28,1136.53,Mailed check,4,DSL,Yes,Yes
CUST-08259,1,Month-to-month,71.52,71.51,Mailed check,1,DSL,No,No
CUST-08260,51,Two year,20.87,1069.83,Bank transfer (automatic),1,No,Yes,No
CUST-08261,39,Two year,58.7,2232.45,Electronic check,1,DSL,Yes,No
CUST-08262,58,Month-to-month,22.84,1363.29,Mailed check,0,No,Yes,No
CUST-08263,17,Month-to-month,89.6,1560.17,Electronic check,1,Fiber optic,No,No
CUST-08264,1,One year,112.23,110.17,Bank transfer (automatic),4,Fiber optic,No,Yes
CUST-08265,1,Month-to-month,117.89,118.96,Electronic check,3,Fiber optic,Yes,Yes
CUST-08266,15,One year,21.14,320.53,Bank transfer (automatic),3,No,Yes,No
CUST-08267,22,Two year,78.7,1690.34,Electronic check,3,Fiber optic,Yes,No
CUST-08268,41,Two year,83.56,3342.06,Credit card (automatic),3,Fiber optic,Yes,No
CUST-08269,11,One year,102.86,1131.92,Electronic check,1,Fiber optic,Yes,No
CUST-08270,19,Month-to-month,45.49,884.05,Credit card (automatic),1,DSL,No,No
CUST-08271,16,Two year,102.89,1599.77,Bank transfer (automatic),2,Fiber optic,No,No
CUST-08272,6,Month-to-month,95.72,567.28,Electronic check,4,Fiber optic,Yes,Yes
CUST-08273,28,Month-to-month,18.59,532.76,Credit card (automatic),1,No,No,No
CUST-08274,35,One year,90.02,3117.33,Electronic check,5,Fiber optic,No,Yes
CUST-08275,39,Two year,19.98,763.05,Bank transfer (automatic),1,No,Yes,No
CUST-08276,57,Two year,76.35,4316.26,Credit card (automatic),3,Fiber optic,No,No
CUST-08277,3,Two year,115.87,356.15,Electronic check,1,Fiber optic,Yes,No
CUST-08278,24,Month-to-month,84.19,1996.32,Electronic check,2,Fiber optic,Yes,No
CUST-08279,14,One year,60.48,841.37,Credit card (automatic),2,DSL,No,No
CUST-08280,47,Month-to-month,22.84,1057.78,Electronic check,2,No,No,Yes
CUST-08281,55,Two year,65.39,3542.63,Bank transfer (automatic),2,DSL,No,No
CUST-08282,23,One year,56.38,1288.62,Credit card (automatic),0,DSL,Yes,No
CUST-08283,67,Two year,83.14,5470.66,Electronic check,0,Fiber optic,No,No
CUST-08284,48,Month-to-month,97.54,4715.12,Mailed check,2,Fiber optic,Yes,Yes
CUST-08285,2,One year,108.74,214.96,Bank transfer (automatic),0,Fiber optic,Yes,No
CUST-08286,31,Month-to-month,113.63,3547.44,Electronic check,3,Fiber optic,No,No
CUST-08287,4,Month-to-month,64.03,257.99,Bank transfer (automatic),1,DSL,Yes,No
CUST-08288,8,Month-to-month,95.78,784.45,Credit card (automatic),1,Fiber optic,No,No
CUST-08289,45,Two year,77.66,3508.89,Credit card (automatic),2,DSL,Yes,Yes
CUST-08290,14,Month-to-month,49.89,712.76,Electronic check,6,DSL,No,Yes
CUST-08291,47,One year,70.82,3371.86,Credit card (automatic),2,Fiber optic,No,No
CUST-08292,11,Month-to-month,21.94,236.46,Bank transfer (automatic),2,No,No,Yes
CUST-08293,5,Month-to-month,18.68,91.21,Bank transfer (automatic),2,No,No,No
CUST-08294,26,One year,72.89,1938.14,Bank transfer (automatic),0,Fiber optic,Yes,No
CUST-08295,46,Two year,71.61,3206.48,Mailed check,4,Fiber optic,No,Yes
CUST-08296,24,Two year,100.14,2366.91,Credit card (automatic),4,Fiber optic,No,Yes
CUST-08297,57,Month-to-month,65.28,3759.02,Electronic check,2,DSL,Yes,No
CUST-08298,31,Month-to-month,51.81,1619.00,Credit card (automatic),3,DSL,No,Yes
CUST-08299,18,Month-to-month,58.87,1084.97,Electronic check,1,DSL,No,Yes
CUST-08300,51,One year,57.75,2902.83,Credit card (automatic),2,DSL,No,No
CUST-08301,22,Month-to-month,94.03,2039.38,Electronic check,2,Fiber optic,No,Yes
CUST-08302,15,Month-to-month,19.75,293.76,Electronic check,4,No,No,No
CUST-08303,21,Two year,24.35,526.39,Mailed check,0,No,Yes,No
CUST-08304,10,Month-to-month,52.99,516.18,Bank transfer (automatic),1,DSL,No,Yes
CUST-08305,0,Month-to-month,85.93, ,Bank transfer (automatic),3,Fiber optic,No,Yes
CUST-08306,16,One year,66.18,1049.34,Bank transfer (automatic),2,DSL,Yes,Yes
CUST-08307,38,One year,78.23,2902.81,Electronic check,2,DSL,Yes,No
CUST-08308,20,One year,19.78,402.26,Electronic check,3,No,Yes,No
CUST-08309,20,One year,55.53,1094.04,Bank transfer (automatic),1,DSL,No,No
CUST-08310,25,Month-to-month,21.06,512.31,Credit card (automatic),1,No,No,No
CUST-08311,58,Two year,22.22,1288.15,Credit card (automatic),1,No,Yes,No
CUST-08312,44,Two year,72.9,3234.40,Credit card (automatic),2,DSL,Yes,No
CUST-08313,67,Two year,68.91,4709.65,Electronic check,2,DSL,No,No
CUST-08314,0,Month-to-month,80.01, ,Credit card (automatic),2,Fiber optic,No,No
CUST-08315,21,Two year,68.44,1395.34,Mailed check,2,DSL,No,No
CUST-08316,5,One year,47.09,239.05,Bank transfer (automatic),4,DSL,Yes,Yes
CUST-08317,27,Month-to-month,79.35,2096.31,Credit card (automatic),3,Fiber optic,Yes,No
CUST-08318,35,Month-to-month,56.83,2020.98,Mailed check,1,DSL,Yes,No
CUST-08319,53,Two year,20.84,1081.61,Electronic check,2,No,No,No
CUST-08320,4,Month-to-month,112.4,444.25,Credit card (automatic),2,Fiber optic,Yes,Yes
CUST-08321,19,Month-to-month,118.6,2192.90,Bank transfer (automatic),3,Fiber optic,Yes,Yes
CUST-08322,55,One year,49.89,2723.29,Electronic check,0,DSL,No,No
CUST-08323,55,One year,102.05,5526.94,Mailed check,4,Fiber optic,No,Yes
CUST-08324,68,Two year,22.62,1503.55,Credit card (automatic),3,No,Yes,No
CUST-08325,18,Month-to-month,70.5,1253.05,Bank transfer (automatic),0,DSL,Yes,Yes
CUST-08326,43,Two year,104.11,4344.59,Bank transfer (automatic),2,Fiber optic,No,No
CUST-08327,5,One year,52.53,268.62,Mailed check,2,DSL,Yes,No
CUST-08328,12,Month-to-month,73.1,874.49,Bank transfer (automatic),0,DSL,Yes,No
CUST-08329,68,Month-to-month,59.93,4061.60,Electronic check,1,DSL,Yes,No
CUST-08330,54,Two year,115.48,6295.18,Electronic check,5,Fiber optic,Yes,Yes
CUST-08331,39,Month-to-month,97.32,3719.63,Mailed check,0,Fiber optic,No,Yes
CUST-08332,32,Two year,53.09,1734.96,Electronic check,2,DSL,Yes,No
CUST-08333,2,Month-to-month,113.69,221.85,Credit card (automatic),0,Fiber optic,No,No
CUST-08334,12,One year,24.45,291.86,Electronic check,3,No,No,No
CUST-08335,38,One year,25.35,977.53,Electronic check,1,No,Yes,No
CUST-08336,19,Month-to-month,75.02,1418.40,Credit card (automatic),0,DSL,No,No
CUST-08337,17,Two year,51.43,866.74,Electronic check,1,DSL,No,No
CUST-08338,37,Two year,109.75,4088.69,Credit card (automatic),2,Fiber optic,Yes,Yes
CUST-08339,2,Month-to-month,64.13,130.96,Bank transfer (automatic),0,DSL,Yes,No
CUST-08340,16,Two year,89.66,1450.40,Mailed check,2,Fiber optic,Yes,No
CUST-08341,4,Month-to-month,70.37,275.76,Credit card (automatic),5,Fiber optic,Yes,Yes
CUST-08342,16,Month-to-month,104.01,1676.30,Mailed check,4,Fiber optic,No,Yes
CUST-08343,33,Two year,24.65,836.28,Electronic check,1,No,Yes,No
CUST-08344,51,One year,22.78,1163.18,Bank transfer (automatic),1,No,No,No
CUST-08345,30,One year,53.81,1598.81,Bank transfer (automatic),0,DSL,No,No
CUST-08346,21,One year,72.81,1539.97,Electronic check,1,Fiber optic,Yes,No
CUST-08347,1,Month-to-month,23.19,22.58,Credit card (automatic),2,No,No,Yes
CUST-08348,25,Two year,57.2,1451.69,Mailed check,1,DSL,Yes,No
CUST-08349,55,Month-to-month,60.59,3295.49,Electronic check,3,DSL,Yes,Yes
CUST-08350,23,One year,97.51,2183.71,Electronic check,4,Fiber optic,Yes,Yes
CUST-08351,16,Month-to-month,107.47,1739.81,Bank transfer (automatic),2,Fiber optic,Yes,Yes
CUST-08352,7,One year,96.17,659.19,Mailed check,6,Fiber optic,Yes,Yes
CUST-08353,16,Month-to-month,95.64,1497.04,Electronic check,2,Fiber optic,No,Yes
CUST-08354,20,Month-to-month,21.86,431.16,Mailed check,6,No,Yes,No
CUST-08355,14,Month-to-month,21.46,296.98,Credit card (automatic),2,No,Yes,Yes
CUST-08356,11,Month-to-month,100.37,1101.14,Electronic check,3,Fiber optic,Yes,Yes
CUST-08357,31,Month-to-month,71.19,2248.92,Electronic check,2,Fiber optic,Yes,Yes
CUST-08358,7,Month-to-month,105.26,755.42,Credit card (automatic),0,Fiber optic,Yes,No
CUST-08359,9,Month-to-month,20.61,180.19,Credit card (automatic),2,No,No,No
CUST-08360,56,Month-to-month,88.17,4881.95,Electronic check,1,Fiber optic,No,Yes
CUST-08361,19,One year,22.86,436.02,Bank transfer (automatic),1,No,No,No
CUST-08362,6,Month-to-month,20.11,119.92,Bank transfer (automatic),0,No,No,Yes
CUST-08363,12,Month-to-month,23.19,284.10,Credit card (automatic),3,No,No,No
CUST-08364,19,One year,47.15,874.84,Electronic check,3,DSL,No,No
CUST-08365,50,Two year,23.12,1174.99,Electronic check,1,No,Yes,No
CUST-08366,41,Two year,68.61,2828.43,Electronic check,0,DSL,No,No
CUST-08367,1,Two year,23.5,23.42,Electronic check,2,No,No,No
CUST-08368,10,Month-to-month,70.68,711.27,Mailed check,1,DSL,Yes,No
CUST-08369,37,One year,61.31,2332.84,Bank transfer (automatic),2,DSL,Yes,No
CUST-08370,0,Two year,24.74, ,Electronic check,2,No,Yes,No
CUST-08371,19,Month-to-month,20.0,370.33,Electronic check,1,No,Yes,Yes
CUST-08372,5,Month-to-month,56.45,279.13,Credit card (automatic),4,DSL,Yes,No
CUST-08373,52,Two year,77.32,4040.79,Electronic check,0,DSL,Yes,No
CUST-08374,30,Two year,108.46,3282.25,Bank transfer (automatic),3,Fiber optic,Yes,No
CUST-08375,23,Month-to-month,23.82,534.50,Credit card (automatic),2,No,Yes,No
CUST-08376,0,One year,104.67, ,Credit card (automatic),2,Fiber optic,Yes,No
CUST-08377,32,One year,75.39,2366.04,Credit card (automatic),2,Fiber optic,Yes,No
CUST-08378,47,Two year,116.34,5332.64,Electronic check,2,Fiber optic,Yes,No
CUST-08379,1,Month-to-month,53.15,53.38,Bank transfer (automatic),1,DSL,Yes,Yes
CUST-08380,42,One year,19.33,830.76,Mailed check,1,No,Yes,No
CUST-08381,0,Month-to-month,70.91, ,Electronic check,2,Fiber optic,Yes,Yes
CUST-08382,14,One year,21.15,303.98,Electronic check,3,No,No,No
CUST-08383,62,One year,102.79,6316.78,Credit card (automatic),3,Fiber optic,Yes,Yes
CUST-08384,34,One year,21.19,710.81,Bank transfer (automatic),3,No,No,Yes
CUST-08385,10,One year,71.94,699.46,Bank transfer (automatic),0,DSL,No,No
CUST-08386,16,One year,78.85,1255.09,Credit card (automatic),2,Fiber optic,Yes,No
CUST-08387,20,Month-to-month,19.52,378.91,Credit card (automatic),0,No,No,No
CUST-08388,25,Two year,52.19,1331.97,Bank transfer (automatic),1,DSL,Yes,No
CUST-08389,68,Two year,44.48,3022.00,Credit card (automatic),1,DSL,No,No
CUST-08390,52,Two year,73.04,3906.05,Bank transfer (automatic),2,DSL,Yes,No
CUST-08391,0,Month-to-month,76.58, ,Credit card (automatic),5,Fiber optic,Yes,No
CUST-08392,8,Month-to-month,21.1,166.21,Bank transfer (automatic),2,No,Yes,No
CUST-08393,59,Month-to-month,92.57,5461.00,Credit card (automatic),2,Fiber optic,No,Yes
CUST-08394,13,One year,20.01,265.01,Mailed check,0,No,No,No
CUST-08395,18,Month-to-month,24.88,440.32,Bank transfer (automatic),0,No,No,No
CUST-08396,58,Two year,105.87,6109.50,Electronic check,1,Fiber optic,Yes,No
CUST-08397,11,One year,71.37,802.29,Bank transfer (automatic),5,Fiber optic,No,Yes
CUST-08398,15,Month-to-month,58.47,886.78,Credit card (automatic),1,DSL,Yes,No
CUST-08399,4,Two year,76.72,309.63,Credit card (automatic),2,Fiber optic,Yes,No
CUST-08400,59,One year,101.15,5994.20,Credit card (automatic),1,Fiber optic,Yes,No
CUST-08401,27,Month-to-month,60.45,1634.71,Electronic check,1,DSL,Yes,No
CUST-08402,46,Two year,109.41,5025.61,Credit card (automatic),0,Fiber optic,Yes,No
CUST-08403,43,Two year,67.4,2829.95,Electronic check,3,DSL,No,No
CUST-08404,5,Month-to-month,109.9,545.12,Bank transfer (automatic),3,Fiber optic,Yes,Yes
CUST-08405,11,Month-to-month,112.72,1239.54,Credit card (automatic),2,Fiber optic,No,No
CUST-08406,32,Month-to-month,78.81,2592.78,Credit card (automatic),2,Fiber optic,No,Yes
CUST-08407,23,Month-to-month,22.63,515.25,Credit card (automatic),0,No,Yes,No
CUST-08408,42,Two year,77.76,3209.89,Electronic check,3,Fiber optic,Yes,No
CUST-08409,36,Month-to-month,81.86,2862.98,Electronic check,2,Fiber optic,Yes,No
CUST-08410,47,Two year,19.96,936.27,Mailed check,1,No,Yes,No
CUST-08411,36,One year,87.21,3086.19,Bank transfer (automatic),2,Fiber optic,No,No
CUST-08412,25,Two year,108.41,2732.34,Credit card (automatic),0,Fiber optic,Yes,No
CUST-08413,28,Month-to-month,20.63,579.71,Mailed check,1,No,No,Yes
CUST-08414,60,One year,69.62,4192.88,Credit card (automatic),1,DSL,Yes,No
CUST-08415,56,One year,42.53,2375.04,Bank transfer (automatic),2,DSL,Yes,No
CUST-08416,42,Two year,63.56,2701.32,Credit card (automatic),1,DSL,Yes,No
CUST-08417,1,Month-to-month,83.71,84.30,Electronic check,3,Fiber optic,No,No
CUST-08418,66,Two year,106.17,7122.93,Credit card (automatic),1,Fiber optic,Yes,Yes
CUST-08419,42,Two year,78.58,3345.81,Electronic check,2,DSL,No,No
CUST-08420,51,Month-to-month,61.88,3083.01,Electronic check,1,DSL,No,No
CUST-08421,5,Month-to-month,61.9,318.30,Credit card (automatic),0,DSL,No,Yes
CUST-08422,42,One year,117.5,4852.60,Credit card (automatic),1,Fiber optic,No,Yes
CUST-08423,7,Month-to-month,55.58,394.91,Electronic check,2,DSL,Yes,Yes
CUST-08424,37,Two year,56.92,2141.56,Mailed check,3,DSL,No,No
CUST-08425,24,Month-to-month,23.47,565.20,Electronic check,1,No,Yes,No
CUST-08426,9,Month-to-month,21.95,192.92,Bank transfer (automatic),4,No,Yes,Yes
CUST-08427,8,Month-to-month,70.49,552.46,Credit card (automatic),3,DSL,Yes,Yes
CUST-08428,43,Month-to-month,57.47,2537.16,Bank transfer (automatic),2,DSL,Yes,No
CUST-08429,5,Month-to-month,103.58,516.97,Bank transfer (automatic),1,Fiber optic,No,No
CUST-08430,50,One year,24.03,1191.74,Electronic check,1,No,No,No
CUST-08431,6,One year,65.9,402.60,Credit card (automatic),1,DSL,No,No
CUST-08432,31,Two year,49.86,1519.57,Electronic check,2,DSL,No,No
CUST-08433,46,Two year,22.12,1019.91,Credit card (automatic),1,No,No,No
CUST-08434,38,Two year,77.68,2956.03,Electronic check,3,DSL,Yes,No
CUST-08435,27,One year,46.29,1214.80,Electronic check,1,DSL,Yes,No
CUST-08436,29,Month-to-month,68.17,1981.65,Bank transfer (automatic),0,DSL,No,No
CUST-08437,41,Two year,24.16,989.99,Electronic check,2,No,No,Yes
CUST-08438,28,Two year,23.31,659.98,Electronic check,3,No,No,No
CUST-08439,28,Month-to-month,75.49,2152.32,Bank transfer (automatic),5,Fiber optic,No,Yes
CUST-08440,3,Two year,45.22,138.76,Bank transfer (automatic),2,DSL,No,Yes
CUST-08441,45,Two year,94.7,4173.97,Bank transfer (automatic),3,Fiber optic,No,No
CUST-08442,15,One year,20.66,303.72,Credit card (automatic),3,No,Yes,Yes
CUST-08443,9,Month-to-month,56.71,522.43,Electronic check,2,DSL,Yes,Yes
CUST-08444,22,Month-to-month,20.3,434.86,Electronic check,0,No,No,No
CUST-08445,50,Two year,109.96,5559.63,Mailed check,0,Fiber optic,No,No
CUST-08446,1,Two year,111.44,112.09,Electronic check,0,Fiber optic,Yes,Yes
CUST-08447,7,Two year,18.37,129.87,Credit card (automatic),1,No,No,No
CUST-08448,26,Month-to-month,109.65,2932.66,Electronic check,2,Fiber optic,Yes,Yes
CUST-08449,1,Month-to-month,102.83,101.76,Bank transfer (automatic),1,Fiber optic,Yes,No
CUST-08450,6,Month-to-month,21.66,131.47,Credit card (automatic),1,No,No,Yes
CUST-08451,10,One year,45.51,465.73,Bank transfer (automatic),3,DSL,Yes,Yes
CUST-08452,22,Month-to-month,102.6,2303.43,Electronic check,0,Fiber optic,Yes,No
CUST-08453,15,Two year,82.84,1247.49,Credit card (automatic),3,Fiber optic,Yes,No
CUST-08454,23,Month-to-month,62.51,1463.32,Electronic check,0,DSL,No,No
CUST-08455,70,Two year,80.81,5649.52,Electronic check,1,Fiber optic,No,Yes
CUST-08456,37,One year,24.83,902.17,Bank transfer (automatic),1,No,Yes,No
CUST-08457,7,Month-to-month,55.21,378.17,Mailed check,0,DSL,Yes,No
CUST-08458,2,Month-to-month,67.5,133.36,Credit card (automatic),0,DSL,Yes,No
CUST-08459,47,Two year,60.46,2767.07,Electronic check,3,DSL,Yes,No
CUST-08460,17,One year,75.78,1270.79,Credit card (automatic),1,DSL,Yes,No
CUST-08461,53,Two year,81.11,4244.19,Electronic check,3,Fiber optic,Yes,No
CUST-08462,2,Month-to-month,116.57,234.54,Bank transfer (automatic),3,Fiber optic,Yes,No
CUST-08463,57,Two year,69.89,4066.60,Electronic check,2,DSL,Yes,No
CUST-08464,5,Two year,23.51,118.40,Mailed check,5,No,No,Yes
CUST-08465,14,Two year,73.1,1046.00,Mailed check,3,DSL,Yes,No
CUST-08466,15,Month-to-month,23.14,344.48,Credit card (automatic),2,No,No,Yes
CUST-08467,1,One year,46.51,45.20,Credit card (automatic),5,DSL,No,Yes
CUST-08468,14,Month-to-month,104.05,1417.55,Electronic check,0,Fiber optic,Yes,Yes
CUST-08469,50,Two year,91.34,4688.43,Electronic check,1,Fiber optic,Yes,No
CUST-08470,47,One year,22.4,1033.49,Electronic check,1,No,No,No
CUST-08471,10,Month-to-month,57.36,566.26,Electronic check,1,DSL,No,Yes
CUST-08472,48,One year,78.34,3664.02,Electronic check,2,Fiber optic,Yes,Yes
CUST-08473,2,Month-to-month,21.89,45.01,Credit card (automatic),3,No,No,Yes
CUST-08474,41,Two year,44.79,1884.34,Electronic check,1,DSL,Yes,No
CUST-08475,15,One year,18.65,280.00,Electronic check,3,No,Yes,No
CUST-08476,7,Month-to-month,22.25,155.11,Bank transfer (automatic),1,No,Yes,No
CUST-08477,24,One year,49.06,1152.52,Bank transfer (automatic),2,DSL,No,No
CUST-08478,0,Two year,22.93, ,Credit card (automatic),4,No,Yes,Yes
CUST-08479,2,Month-to-month,49.45,100.86,Electronic check,1,DSL,No,No
CUST-08480,37,One year,24.29,896.96,Electronic check,2,No,No,No
CUST-08481,23,Month-to-month,19.35,455.72,Credit card (automatic),1,No,Yes,Yes
CUST-08482,29,Month-to-month,91.64,2658.43,Bank transfer (automatic),2,Fiber optic,No,No
CUST-08483,46,One year,21.74,972.18,Electronic check,1,No,No,Yes
CUST-08484,24,Month-to-month,100.23,2348.80,Electronic check,5,Fiber optic,Yes,No
CUST-08485,2,Month-to-month,89.61,183.53,Bank transfer (automatic),3,Fiber optic,No,No
CUST-08486,58,Month-to-month,23.18,1350.37,Credit card (automatic),4,No,No,Yes
CUST-08487,64,One year,107.37,7025.52,Bank transfer (automatic),3,Fiber optic,No,No
CUST-08488,69,One year,75.99,5100.77,Bank transfer (automatic),1,Fiber optic,Yes,No
CUST-08489,3,Month-to-month,73.58,226.22,Bank transfer (automatic),0,Fiber optic,Yes,No
CUST-08490,2,Month-to-month,67.16,134.25,Credit card (automatic),1,DSL,No,Yes
CUST-08491,32,Month-to-month,24.65,780.77,Credit card (automatic),1,No,No,No
CUST-08492,33,One year,93.39,2997.80,Bank transfer (automatic),3,Fiber optic,No,Yes
CUST-08493,56,Two year,22.99,1312.63,Bank transfer (automatic),0,No,Yes,No
CUST-08494,42,Month-to-month,84.53,3553.38,Mailed check,3,Fiber optic,Yes,No
CUST-08495,52,One year,24.81,1287.08,Electronic check,1,No,Yes,Yes
CUST-08496,4,Month-to-month,70.58,284.96,Bank transfer (automatic),2,DSL,No,Yes
CUST-08497,32,Two year,63.87,2015.22,Credit card (automatic),1,DSL,Yes,No
CUST-08498,54,One year,20.55,1139.54,Electronic check,3,No,Yes,No
CUST-08499,22,Month-to-month,91.36,1973.08,Bank transfer (automatic),0,Fiber optic,Yes,No
CUST-08500,11,Month-to-month,20.35,230.23,Bank transfer (automatic),3,No,No,Yes
CUST-08501,26,Month-to-month,91.04,2390.15,Credit card (automatic),1,Fiber optic,No,No
CUST-08502,11,Month-to-month,18.62,209.65,Credit card (automatic),1,No,Yes,No
CUST-08503,1,One year,75.15,76.41,Credit card (automatic),1,Fiber optic,No,Yes
CUST-08504,45,Two year,80.59,3580.11,Bank transfer (automatic),0,Fiber optic,Yes,No
CUST-08505,4,Month-to-month,114.07,464.47,Bank transfer (automatic),1,Fiber optic,No,Yes
CUST-08506,36,One year,92.69,3252.97,Electronic check,3,Fiber optic,Yes,No
CUST-08507,42,Month-to-month,59.99,2459.25,Bank transfer (automatic),1,DSL,Yes,Yes
CUST-08508,43,One year,61.75,2663.02,Bank transfer (automatic),2,DSL,Yes,No
CUST-08509,38,One year,94.38,3691.21,Credit card (automatic),1,Fiber optic,Yes,No
CUST-08510,8,Month-to-month,18.9,152.70,Electronic check,1,No,No,No
CUST-08511,50,Two year,85.77,4196.95,Electronic check,2,Fiber optic,Yes,No
CUST-08512,13,Month-to-month,73.29,975.25,Credit card (automatic),1,Fiber optic,Yes,Yes
CUST-08513,29,One year,45.03,1319.98,Mailed check,2,DSL,Yes,No
CUST-08514,35,Month-to-month,73.76,2643.74,Mailed check,0,Fiber optic,No,Yes
CUST-08515,13,Month-to-month,113.75,1499.71,Bank transfer (automatic),3,Fiber optic,No,No
CUST-08516,44,Two year,50.47,2162.32,Bank transfer (automatic),3,DSL,Yes,No
CUST-08517,31,Two year,73.28,2260.78,Electronic check,4,Fiber optic,Yes,Yes
CUST-08518,59,Two year,42.6,2474.96,Credit card (automatic),1,DSL,No,No
CUST-08519,44,Two year,22.85,996.46,Mailed check,0,No,No,No
CUST-08520,3,One year,100.08,296.99,Electronic check,5,Fiber optic,Yes,Yes
CUST-08521,17,Month-to-month,20.24,353.34,Bank transfer (automatic),1,No,Yes,No
CUST-08522,26,Two year,83.65,2129.42,Mailed check,2,Fiber optic,Yes,No
CUST-08523,21,Month-to-month,86.49,1802.77,Bank transfer (automatic),3,Fiber optic,Yes,No
CUST-08524,42,Month-to-month,55.39,2385.48,Electronic check,2,DSL,No,Yes
CUST-08525,44,One year,107.88,4639.97,Credit card (automatic),5,Fiber optic,Yes,Yes
CUST-08526,21,One year,115.81,2386.99,Mailed check,1,Fiber optic,Yes,Yes
CUST-08527,8,Month-to-month,63.91,519.43,Electronic check,1,DSL,Yes,No
CUST-08528,15,One year,89.11,1333.68,Electronic check,1,Fiber optic,Yes,No
CUST-08529,34,One year,53.23,1756.85,Mailed check,3,DSL,No,Yes
CUST-08530,4,Month-to-month,72.69,290.59,Mailed check,1,DSL,No,No
CUST-08531,25,One year,74.39,1851.86,Electronic check,0,Fiber optic,Yes,No
CUST-08532,42,Month-to-month,21.5,916.11,Credit card (automatic),2,No,No,No
CUST-08533,7,Month-to-month,102.43,708.04,Bank transfer (automatic),2,Fiber optic,Yes,No
CUST-08534,17,Month-to-month,82.21,1360.22,Bank transfer (automatic),2,Fiber optic,No,No
CUST-08535,68,One year,19.26,1291.07,Bank transfer (automatic),2,No,Yes,No
CUST-08536,0,Month-to-month,66.23, ,Electronic check,3,DSL,Yes,No
CUST-08537,1,Month-to-month,64.32,66.18,Bank transfer (automatic),3,DSL,No,No
CUST-08538,36,Two year,100.19,3574.39,Electronic check,1,Fiber optic,No,Yes
CUST-08539,30,Month-to-month,78.11,2370.92,Mailed check,4,DSL,Yes,Yes
CUST-08540,7,Month-to-month,54.26,374.33,Bank transfer (automatic),3,DSL,No,No
CUST-08541,0,Month-to-month,118.06, ,Electronic check,2,Fiber optic,No,Yes
CUST-08542,9,Month-to-month,18.6,163.87,Credit card (automatic),1,No,No,No
CUST-08543,15,One year,18.55,282.18,Electronic check,0,No,Yes,No
CUST-08544,44,One year,24.69,1108.06,Electronic check,0,No,Yes,No
CUST-08545,10,Month-to-month,20.66,212.43,Credit card (automatic),1,No,No,No
CUST-08546,52,One year,87.42,4505.91,Mailed check,1,Fiber optic,Yes,No
CUST-08547,2,Month-to-month,72.49,144.67,Electronic check,2,Fiber optic,Yes,No
CUST-08548,18,Month-to-month,70.12,1270.69,Mailed check,1,Fiber optic,Yes,Yes
CUST-08549,47,Two year,100.85,4828.33,Electronic check,1,Fiber optic,Yes,No
CUST-08550,59,Two year,22.17,1339.75,Mailed check,2,No,Yes,No
CUST-08551,9,Month-to-month,23.71,217.32,Bank transfer (automatic),2,No,Yes,No
CUST-08552,37,Two year,19.96,720.14,Electronic check,1,No,Yes,No
CUST-08553,32,Month-to-month,73.35,2320.50,Bank transfer (automatic),2,DSL,Yes,No
CUST-08554,42,One year,52.04,2191.56,Electronic check,1,DSL,No,No
CUST-08555,42,One year,58.8,2447.46,Credit card (automatic),2,DSL,No,No
CUST-08556,18,Two year,21.01,387.43,Credit card (automatic),1,No,Yes,No
CUST-08557,5,Month-to-month,111.69,559.50,Electronic check,2,Fiber optic,No,Yes
CUST-08558,9,Month-to-month,110.02,969.41,Electronic check,1,Fiber optic,Yes,Yes
CUST-08559,42,Two year,58.58,2484.09,Bank transfer (automatic),0,DSL,No,Yes
CUST-08560,60,Two year,20.93,1248.85,Bank transfer (automatic),0,No,Yes,No
CUST-08561,24,One year,108.29,2649.93,Credit card (automatic),2,Fiber optic,No,No
CUST-08562,17,Month-to-month,50.28,873.03,Bank transfer (automatic),1,DSL,Yes,No
CUST-08563,17,Month-to-month,25.31,437.83,Credit card (automatic),0,No,Yes,No
CUST-08564,41,Two year,54.07,2155.82,Bank transfer (automatic),2,DSL,Yes,No
CUST-08565,3,Month-to-month,92.59,272.22,Bank transfer (automatic),2,Fiber optic,No,Yes
CUST-08566,58,Month-to-month,71.92,4234.78,Credit card (automatic),0,DSL,Yes,No
CUST-08567,11,Month-to-month,108.76,1195.28,Bank transfer (automatic),2,Fiber optic,Yes,No
CUST-08568,23,One year,67.73,1582.16,Mailed check,1,DSL,No,No
CUST-08569,56,Two year,46.72,2605.89,Bank transfer (automatic),1,DSL,Yes,No
CUST-08570,47,Two year,20.07,930.85,Mailed check,1,No,Yes,No
CUST-08571,34,Month-to-month,104.79,3488.71,Electronic check,2,Fiber optic,Yes,No
CUST-08572,34,Two year,111.9,3829.27,Credit card (automatic),3,Fiber optic,No,Yes
CUST-08573,11,Two year,48.62,536.45,Mailed check,1,DSL,No,No
CUST-08574,1,Month-to-month,118.22,116.53,Electronic check,3,Fiber optic,No,Yes
CUST-08575,14,Month-to-month,65.11,898.51,Bank transfer (automatic),2,DSL,Yes,Yes
CUST-08576,11,Month-to-month,24.41,270.80,Credit card (automatic),3,No,Yes,No
CUST-08577,34,Month-to-month,108.29,3593.25,Electronic check,0,Fiber optic,No,Yes
CUST-08578,54,Two year,75.23,4170.84,Mailed check,1,Fiber optic,No,No
CUST-08579,63,Two year,54.97,3485.22,Mailed check,2,DSL,Yes,No
CUST-08580,16,Two year,92.35,1482.45,Electronic check,2,Fiber optic,Yes,No
CUST-08581,13,Two year,20.2,256.41,Credit card (automatic),1,No,Yes,No
CUST-08582,41,Two year,67.34,2690.90,Bank transfer (automatic),2,DSL,No,No
CUST-08583,26,Month-to-month,22.46,576.62,Bank transfer (automatic),1,No,Yes,Yes
CUST-08584,14,Month-to-month,25.61,366.20,Mailed check,1,No,Yes,Yes
CUST-08585,12,One year,19.62,239.59,Electronic check,0,No,No,No
CUST-08586,60,One year,97.36,5864.58,Credit card (automatic),4,Fiber optic,Yes,Yes
CUST-08587,1,Month-to-month,25.0,25.34,Bank transfer (automatic),1,No,Yes,Yes
CUST-08588,25,Two year,18.55,477.46,Electronic check,2,No,Yes,No
CUST-08589,24,Month-to-month,60.62,1427.61,Mailed check,1,DSL,Yes,Yes
CUST-08590,0,Month-to-month,19.85, ,Bank transfer (automatic),2,No,Yes,No
CUST-08591,45,Two year,116.71,5329.16,Bank transfer (automatic),5,Fiber optic,Yes,No
CUST-08592,40,One year,23.24,937.05,Bank transfer (automatic),2,No,No,No
CUST-08593,1,Month-to-month,83.31,85.67,Electronic check,4,Fiber optic,No,Yes
CUST-08594,28,Month-to-month,118.25,3216.41,Bank transfer (automatic),3,Fiber optic,No,No
CUST-08595,28,Month-to-month,50.45,1383.57,Mailed check,1,DSL,Yes,Yes
CUST-08596,30,Month-to-month,86.14,2526.44,Bank transfer (automatic),0,Fiber optic,Yes,No
CUST-08597,14,One year,102.91,1412.32,Bank transfer (automatic),1,Fiber optic,Yes,No
CUST-08598,46,Month-to-month,97.67,4550.88,Electronic check,3,Fiber optic,Yes,Yes
CUST-08599,28,Month-to-month,72.51,1992.20,Electronic check,2,DSL,Yes,Yes
CUST-08600,22,Month-to-month,102.63,2275.61,Bank transfer (automatic),2,Fiber optic,No,Yes
CUST-08601,15,Month-to-month,22.59,339.33,Bank transfer (automatic),1,No,No,No
CUST-08602,53,Month-to-month,54.71,2887.71,Credit card (automatic),2,DSL,No,Yes
CUST-08603,20,One year,53.27,1062.21,Electronic check,1,DSL,Yes,No
CUST-08604,42,Two year,74.78,3125.48,Electronic check,3,Fiber optic,Yes,No
CUST-08605,33,Month-to-month,89.64,3044.36,Credit card (automatic),2,Fiber optic,Yes,No
CUST-08606,2,Month-to-month,108.47,223.29,Electronic check,2,Fiber optic,No,Yes
CUST-08607,20,Month-to-month,83.87,1658.88,Mailed check,5,Fiber optic,Yes,Yes
CUST-08608,20,Month-to-month,74.57,1466.64,Mailed check,1,DSL,No,No
CUST-08609,61,One year,71.67,4292.68,Bank transfer (automatic),2,DSL,No,No
CUST-08610,64,One year,118.63,7597.41,Credit card (automatic),2,Fiber optic,Yes,No
CUST-08611,44,One year,105.38,4720.33,Bank transfer (automatic),3,Fiber optic,Yes,No
CUST-08612,55,One year,44.29,2435.21,Electronic check,4,DSL,Yes,Yes
CUST-08613,12,Month-to-month,64.1,791.62,Credit card (automatic),1,DSL,No,Yes
CUST-08614,9,One year,84.71,782.51,Bank transfer (automatic),3,Fiber optic,No,No
CUST-08615,40,One year,77.03,3132.89,Credit card (automatic),2,DSL,Yes,No
CUST-08616,17,Two year,104.71,1815.43,Mailed check,1,Fiber optic,No,No
CUST-08617,41,Two year,24.12,1005.63,Electronic check,1,No,Yes,No
CUST-08618,19,One year,62.93,1220.26,Electronic check,1,DSL,Yes,Yes
CUST-08619,43,One year,117.14,4962.36,Credit card (automatic),1,Fiber optic,No,No
CUST-08620,38,One year,78.32,2968.34,Electronic check,2,Fiber optic,Yes,No
CUST-08621,53,One year,21.17,1101.87,Credit card (automatic),1,No,No,No
CUST-08622,19,One year,94.38,1802.71,Electronic check,2,Fiber optic,Yes,No
CUST-08623,13,One year,96.98,1246.95,Electronic check,1,Fiber optic,Yes,No
CUST-08624,55,Two year,70.76,3946.34,Electronic check,2,DSL,Yes,No
CUST-08625,18,Month-to-month,105.51,1926.28,Electronic check,3,Fiber optic,Yes,Yes
CUST-08626,27,Month-to-month,18.66,516.84,Electronic check,1,No,Yes,No
CUST-08627,48,Month-to-month,68.84,3387.96,Electronic check,3,DSL,No,Yes
CUST-08628,27,Two year,20.22,534.52,Electronic check,0,No,Yes,No
CUST-08629,45,Two year,90.28,3987.84,Electronic check,4,Fiber optic,Yes,Yes
CUST-08630,44,Month-to-month,91.95,4093.85,Bank transfer (automatic),1,Fiber optic,No,No
CUST-08631,6,Month-to-month,103.81,640.21,Bank transfer (automatic),1,Fiber optic,No,No
CUST-08632,6,Two year,67.3,393.92,Electronic check,0,DSL,No,No
CUST-08633,26,One year,56.28,1462.43,Credit card (automatic),3,DSL,No,Yes
CUST-08634,17,Month-to-month,72.1,1260.94,Electronic check,2,DSL,No,No
CUST-08635,53,Month-to-month,75.92,4021.50,Bank transfer (automatic),2,Fiber optic,No,No
CUST-08636,6,Month-to-month,81.35,476.34,Credit card (automatic),2,Fiber optic,Yes,No
CUST-08637,46,Month-to-month,90.7,4244.48,Mailed check,1,Fiber optic,Yes,Yes
CUST-08638,62,One year,19.89,1253.65,Electronic check,1,No,Yes,No
CUST-08639,17,Month-to-month,25.21,423.32,Credit card (automatic),0,No,Yes,No
CUST-08640,46,Two year,115.23,5395.41,Electronic check,1,Fiber optic,Yes,No
CUST-08641,8,Month-to-month,78.32,624.15,Bank transfer (automatic),3,Fiber optic,Yes,No
CUST-08642,19,Two year,90.15,1687.06,Credit card (automatic),2,Fiber optic,No,No
CUST-08643,3,Month-to-month,118.36,346.50,Bank transfer (automatic),1,Fiber optic,Yes,No
CUST-08644,32,One year,18.4,583.71,Mailed check,0,No,Yes,No
CUST-08645,2,Month-to-month,18.57,37.68,Credit card (automatic),2,No,Yes,No
CUST-08646,2,Month-to-month,111.09,225.25,Electronic check,2,Fiber optic,Yes,Yes
CUST-08647,0,Month-to-month,88.63, ,Bank transfer (automatic),2,Fiber optic,No,Yes
CUST-08648,67,Month-to-month,69.1,4704.69,Bank transfer (automatic),0,DSL,Yes,No
CUST-08649,48,Two year,100.14,4931.78,Bank transfer (automatic),0,Fiber optic,No,No
CUST-08650,16,Month-to-month,103.85,1659.95,Mailed check,0,Fiber optic,Yes,Yes
CUST-08651,16,One year,49.69,797.06,Credit card (automatic),2,DSL,No,No
CUST-08652,29,Month-to-month,96.67,2824.00,Mailed check,0,Fiber optic,Yes,Yes
CUST-08653,2,Two year,101.51,203.72,Electronic check,1,Fiber optic,Yes,No
CUST-08654,21,One year,96.92,2091.85,Bank transfer (automatic),2,Fiber optic,Yes,Yes
CUST-08655,4,One year,116.05,454.76,Credit card (automatic),0,Fiber optic,Yes,No
CUST-08656,26,One year,70.79,1872.34,Electronic check,3,Fiber optic,No,Yes
CUST-08657,11,Month-to-month,80.47,863.93,Mailed check,1,Fiber optic,Yes,Yes
CUST-08658,2,Month-to-month,73.59,145.14,Bank transfer (automatic),3,Fiber optic,Yes,Yes
CUST-08659,21,Two year,77.57,1581.59,Credit card (automatic),1,DSL,Yes,No
CUST-08660,56,Two year,51.02,2823.27,Mailed check,2,DSL,No,No
CUST-08661,43,Two year,69.45,2943.92,Bank transfer (automatic),2,DSL,Yes,No
CUST-08662,33,One year,77.1,2532.04,Electronic check,0,Fiber optic,Yes,Yes
CUST-08663,47,One year,18.64,854.85,Electronic check,0,No,Yes,No
CUST-08664,29,Month-to-month,79.31,2249.62,Electronic check,1,Fiber optic,No,Yes
CUST-08665,11,Month-to-month,20.32,217.10,Bank transfer (automatic),0,No,No,No
CUST-08666,16,Month-to-month,92.34,1510.62,Electronic check,2,Fiber optic,No,No
CUST-08667,0,Month-to-month,71.08, ,Credit card (automatic),4,Fiber optic,No,No
CUST-08668,18,One year,100.09,1785.14,Credit card (automatic),0,Fiber optic,Yes,No
CUST-08669,65,Month-to-month,101.99,6729.74,Electronic check,5,Fiber optic,Yes,Yes
CUST-08670,57,Month-to-month,53.09,3074.30,Electronic check,2,DSL,Yes,No
CUST-08671,0,Month-to-month,82.91, ,Mailed check,0,Fiber optic,Yes,No
CUST-08672,7,Month-to-month,49.43,354.93,Credit card (automatic),1,DSL,Yes,No
CUST-08673,37,Two year,80.49,2974.15,Electronic check,2,Fiber optic,Yes,No
CUST-08674,56,Month-to-month,23.13,1277.75,Electronic check,2,No,Yes,No
CUST-08675,54,Two year,99.53,5254.51,Electronic check,4,Fiber optic,No,No
CUST-08676,36,Two year,75.8,2739.03,Bank transfer (automatic),3,DSL,Yes,No
CUST-08677,35,Two year,72.62,2550.76,Mailed check,4,DSL,No,Yes
CUST-08678,16,Month-to-month,98.08,1530.20,Bank transfer (automatic),1,Fiber optic,Yes,No
CUST-08679,4,Month-to-month,78.16,306.24,Mailed check,2,Fiber optic,No,Yes
CUST-08680,27,Month-to-month,20.68,562.04,Electronic check,0,No,Yes,No
CUST-08681,61,Two year,21.82,1357.51,Credit card (automatic),1,No,Yes,No
CUST-08682,47,Two year,90.51,4189.99,Bank transfer (automatic),3,Fiber optic,No,No
CUST-08683,33,Month-to-month,73.14,2474.02,Bank transfer (automatic),3,Fiber optic,No,No
CUST-08684,34,Month-to-month,87.46,2935.85,Mailed check,3,Fiber optic,Yes,No
CUST-08685,5,Month-to-month,49.33,241.49,Electronic check,2,DSL,No,No
CUST-08686,21,Month-to-month,63.43,1337.10,Credit card (automatic),1,DSL,Yes,No
CUST-08687,14,One year,115.36,1631.17,Mailed check,5,Fiber optic,No,Yes
CUST-08688,30,Two year,76.82,2276.96,Electronic check,1,Fiber optic,Yes,No
CUST-08689,18,One year,111.98,2020.98,Mailed check,1,Fiber optic,No,No
CUST-08690,5,Month-to-month,82.78,416.29,Electronic check,1,Fiber optic,Yes,Yes
CUST-08691,50,One year,103.59,5177.61,Bank transfer (automatic),4,Fiber optic,No,Yes
CUST-08692,33,Month-to-month,99.61,3207.79,Credit card (automatic),2,Fiber optic,Yes,Yes
CUST-08693,51,Two year,19.89,1016.54,Credit card (automatic),0,No,Yes,No
CUST-08694,46,Two year,55.95,2636.15,Credit card (automatic),1,DSL,Yes,No
CUST-08695,39,One year,22.35,851.08,Electronic check,1,No,No,No
CUST-08696,38,Month-to-month,114.45,4469.86,Mailed check,1,Fiber optic,No,No
CUST-08697,18,Month-to-month,19.63,356.10,Bank transfer (automatic),4,No,Yes,Yes
CUST-08698,13,One year,20.83,275.32,Bank transfer (automatic),3,No,No,No
CUST-08699,4,Month-to-month,78.7,312.15,Bank transfer (automatic),2,DSL,Yes,No
CUST-08700,0,Month-to-month,108.49, ,Credit card (automatic),5,Fiber optic,Yes,Yes
CUST-08701,3,Month-to-month,88.73,270.52,Electronic check,2,Fiber optic,Yes,No
CUST-08702,20,Month-to-month,76.93,1519.19,Electronic check,4,Fiber optic,No,Yes
CUST-08703,7,Month-to-month,94.41,667.95,Electronic check,4,Fiber optic,No,No
CUST-08704,27,Month-to-month,22.63,599.92,Credit card (automatic),0,No,Yes,No
CUST-08705,17,Month-to-month,20.19,347.80,Electronic check,4,No,Yes,Yes
CUST-08706,33,Month-to-month,104.71,3454.29,Electronic check,3,Fiber optic,Yes,No
CUST-08707,16,Month-to-month,22.31,354.59,Electronic check,1,No,Yes,Yes
CUST-08708,28,Month-to-month,55.86,1607.91,Electronic check,2,DSL,No,No
CUST-08709,4,Month-to-month,84.12,334.58,Bank transfer (automatic),3,Fiber optic,No,Yes
CUST-08710,34,Two year,83.89,2786.34,Mailed check,3,Fiber optic,Yes,No
CUST-08711,18,Month-to-month,108.5,1900.06,Bank transfer (automatic),5,Fiber optic,Yes,Yes
CUST-08712,20,One year,94.29,1876.64,Mailed check,3,Fiber optic,No,No
CUST-08713,37,Two year,83.79,3034.29,Bank transfer (automatic),4,Fiber optic,No,No
CUST-08714,15,Two year,108.44,1647.11,Credit card (automatic),3,Fiber optic,Yes,Yes
CUST-08715,67,Two year,71.06,4654.31,Bank transfer (automatic),3,Fiber optic,Yes,Yes
CUST-08716,5,Month-to-month,118.52,596.37,Mailed check,4,Fiber optic,Yes,Yes
CUST-08717,59,Two year,113.32,6699.46,Electronic check,2,Fiber optic,Yes,No
CUST-08718,58,One year,106.22,6058.27,Bank transfer (automatic),6,Fiber optic,No,Yes
CUST-08719,58,Two year,52.2,3028.25,Electronic check,2,DSL,No,No
CUST-08720,8,Month-to-month,74.89,595.93,Electronic check,1,DSL,No,Yes
CUST-08721,46,Two year,72.22,3263.59,Mailed check,2,DSL,Yes,No
CUST-08722,40,One year,24.26,954.79,Bank transfer (automatic),2,No,Yes,No
CUST-08723,0,Month-to-month,78.55, ,Bank transfer (automatic),2,Fiber optic,Yes,Yes
CUST-08724,46,One year,22.87,1026.96,Mailed check,1,No,No,No
CUST-08725,58,Two year,113.87,6637.24,Bank transfer (automatic),1,Fiber optic,No,No
CUST-08726,41,Two year,94.59,3960.30,Credit card (automatic),3,Fiber optic,No,No
CUST-08727,33,Month-to-month,62.58,2123.31,Credit card (automatic),2,DSL,No,No
CUST-08728,37,Two year,89.88,3359.60,Electronic check,1,Fiber optic,Yes,No
CUST-08729,20,Two year,102.66,2086.13,Mailed check,3,Fiber optic,Yes,Yes
CUST-08730,2,Month-to-month,73.82,145.55,Bank transfer (automatic),4,DSL,Yes,No
CUST-08731,21,Month-to-month,94.88,2043.80,Mailed check,3,Fiber optic,No,No
CUST-08732,4,One year,25.52,104.55,Credit card (automatic),0,No,No,No
CUST-08733,20,One year,21.28,424.87,Electronic check,0,No,No,No
CUST-08734,19,One year,75.92,1434.78,Bank transfer (automatic),3,Fiber optic,No,No
CUST-08735,59,Two year,43.03,2511.02,Electronic check,0,DSL,Yes,No
CUST-08736,13,One year,22.59,291.54,Bank transfer (automatic),2,No,Yes,No
CUST-08737,53,One year,24.35,1296.55,Electronic check,2,No,Yes,No
CUST-08738,12,Month-to-month,73.38,902.52,Credit card (automatic),1,DSL,No,No
CUST-08739,67,Two year,116.98,7833.78,Electronic check,5,Fiber optic,No,Yes
CUST-08740,59,One year,95.66,5577.48,Credit card (automatic),1,Fiber optic,Yes,No
CUST-08741,11,Month-to-month,19.83,212.59,Mailed check,2,No,Yes,No
CUST-08742,5,Month-to-month,103.07,509.06,Mailed check,1,Fiber optic,Yes,No
CUST-08743,36,One year,75.0,2751.51,Credit card (automatic),2,DSL,No,No
CUST-08744,8,Two year,79.05,622.06,Electronic check,3,Fiber optic,No,Yes
CUST-08745,30,Month-to-month,86.96,2557.98,Credit card (automatic),4,Fiber optic,Yes,Yes
CUST-08746,53,Two year,108.18,5883.01,Electronic check,3,Fiber optic,No,Yes
CUST-08747,16,One year,81.44,1275.83,Bank transfer (automatic),2,Fiber optic,Yes,Yes
CUST-08748,14,Two year,113.81,1610.62,Electronic check,1,Fiber optic,No,No
CUST-08749,48,Two year,24.57,1205.36,Bank transfer (automatic),0,No,Yes,No
CUST-08750,4,Month-to-month,60.89,247.26,Electronic check,3,DSL,No,Yes
CUST-08751,59,Two year,78.82,4742.96,Bank transfer (automatic),1,DSL,Yes,No
CUST-08752,6,Two year,53.24,324.60,Credit card (automatic),0,DSL,No,No
CUST-08753,6,Month-to-month,76.41,460.62,Electronic check,2,DSL,No,No
CUST-08754,39,One year,84.19,3245.19,Electronic check,2,Fiber optic,No,No
CUST-08755,44,One year,23.46,1024.25,Bank transfer (automatic),2,No,Yes,Yes
CUST-08756,45,Month-to-month,69.99,3066.87,Electronic check,1,DSL,Yes,Yes
CUST-08757,15,Two year,66.18,998.46,Electronic check,3,DSL,No,No
CUST-08758,52,Two year,22.27,1129.71,Electronic check,0,No,Yes,No
CUST-08759,58,One year,101.82,5950.15,Electronic check,2,Fiber optic,Yes,Yes
CUST-08760,31,Month-to-month,43.34,1349.20,Credit card (automatic),0,DSL,Yes,No
CUST-08761,45,Two year,74.57,3299.71,Credit card (automatic),2,DSL,Yes,No
CUST-08762,38,Two year,61.89,2398.37,Bank transfer (automatic),0,DSL,Yes,No
CUST-08763,23,Month-to-month,21.88,514.34,Bank transfer (automatic),1,No,Yes,Yes
CUST-08764,21,Two year,22.56,460.53,Electronic check,2,No,Yes,No
CUST-08765,1,Month-to-month,97.82,97.02,Mailed check,4,Fiber optic,Yes,Yes
CUST-08766,50,Two year,105.54,5318.46,Credit card (automatic),1,Fiber optic,No,No
CUST-08767,12,Month-to-month,74.26,892.92,Bank transfer (automatic),3,Fiber optic,Yes,Yes
CUST-08768,1,Month-to-month,76.74,76.80,Electronic check,1,DSL,Yes,Yes
CUST-08769,27,One year,115.86,3220.23,Electronic check,4,Fiber optic,No,Yes
CUST-08770,63,Month-to-month,70.61,4420.50,Credit card (automatic),2,Fiber optic,Yes,No
CUST-08771,0,Month-to-month,61.58, ,Electronic check,0,DSL,Yes,Yes
CUST-08772,20,Month-to-month,69.18,1409.80,Electronic check,0,DSL,Yes,No
CUST-08773,9,Month-to-month,52.68,475.72,Bank transfer (automatic),4,DSL,No,Yes
CUST-08774,21,Two year,101.16,2157.11,Credit card (automatic),4,Fiber optic,Yes,Yes
CUST-08775,45,Two year,66.38,2954.55,Electronic check,4,DSL,Yes,Yes
CUST-08776,10,Month-to-month,80.59,796.81,Credit card (automatic),4,Fiber optic,Yes,Yes
CUST-08777,53,One year,50.16,2705.78,Credit card (automatic),1,DSL,No,No
CUST-08778,1,Month-to-month,69.89,67.92,Mailed check,1,DSL,No,Yes
CUST-08779,40,Two year,104.58,4069.47,Credit card (automatic),0,Fiber optic,Yes,No
CUST-08780,22,Month-to-month,112.08,2516.63,Credit card (automatic),1,Fiber optic,Yes,No
CUST-08781,4,One year,24.88,101.66,Electronic check,0,No,No,No
CUST-08782,23,Month-to-month,48.25,1099.89,Credit card (automatic),1,DSL,No,No
CUST-08783,35,Month-to-month,24.27,837.61,Bank transfer (automatic),0,No,No,No
CUST-08784,56,One year,66.67,3728.95,Mailed check,1,DSL,Yes,No
CUST-08785,32,Month-to-month,101.44,3180.15,Credit card (automatic),1,Fiber optic,Yes,No
CUST-08786,0,Month-to-month,83.18, ,Electronic check,1,Fiber optic,No,Yes
CUST-08787,20,Month-to-month,110.42,2234.44,Mailed check,2,Fiber optic,Yes,Yes
CUST-08788,1,Month-to-month,118.26,119.92,Electronic check,0,Fiber optic,Yes,Yes
CUST-08789,2,Month-to-month,77.94,153.04,Credit card (automatic),2,Fiber optic,Yes,Yes
CUST-08790,44,One year,23.8,1017.44,Electronic check,2,No,No,Yes
CUST-08791,22,One year,88.52,1971.40,Electronic check,4,Fiber optic,No,No
CUST-08792,54,One year,49.34,2688.01,Electronic check,1,DSL,Yes,No
CUST-08793,29,Two year,76.75,2200.50,Bank transfer (automatic),1,Fiber optic,No,No
CUST-08794,4,Month-to-month,80.18,326.03,Electronic check,3,Fiber optic,Yes,Yes
CUST-08795,0,One year,111.52, ,Credit card (automatic),5,Fiber optic,Yes,No
CUST-08796,58,Two year,22.36,1330.43,Bank transfer (automatic),2,No,Yes,No
CUST-08797,0,Month-to-month,113.48, ,Bank transfer (automatic),1,Fiber optic,No,Yes
CUST-08798,20,Month-to-month,25.07,486.94,Credit card (automatic),3,No,No,No
CUST-08799,37,Month-to-month,77.34,2809.44,Electronic check,2,Fiber optic,No,Yes
CUST-08800,9,Month-to-month,100.65,890.06,Bank transfer (automatic),1,Fiber optic,Yes,No
CUST-08801,10,One year,72.5,745.79,Credit card (automatic),2,Fiber optic,Yes,No
CUST-08802,25,Two year,83.35,2059.67,Bank transfer (automatic),2,Fiber optic,No,No
CUST-08803,37,Two year,78.45,2947.71,Mailed check,0,Fiber optic,No,No
CUST-08804,4,Month-to-month,110.89,439.55,Electronic check,3,Fiber optic,No,Yes
CUST-08805,11,Month-to-month,87.78,955.77,Electronic check,3,Fiber optic,Yes,Yes
CUST-08806,8,Month-to-month,118.43,924.06,Credit card (automatic),2,Fiber optic,No,Yes
CUST-08807,46,Two year,76.89,3456.79,Credit card (automatic),0,Fiber optic,Yes,No
CUST-08808,14,Month-to-month,50.81,721.40,Mailed check,4,DSL,Yes,Yes
CUST-08809,8,Month-to-month,101.44,796.41,Credit card (automatic),1,Fiber optic,Yes,No
CUST-08810,25,Two year,117.23,3014.68,Mailed check,2,Fiber optic,No,No
CUST-08811,12,Month-to-month,105.75,1298.64,Electronic check,1,Fiber optic,No,Yes
CUST-08812,30,Two year,19.19,577.30,Electronic check,0,No,No,No
CUST-08813,22,Month-to-month,57.59,1294.58,Credit card (automatic),4,DSL,No,Yes
CUST-08814,16,Two year,25.72,406.39,Credit card (automatic),1,No,Yes,No
CUST-08815,10,Month-to-month,73.38,721.63,Mailed check,2,Fiber optic,No,Yes
CUST-08816,35,One year,83.91,2979.58,Electronic check,0,Fiber optic,Yes,No
CUST-08817,38,One year,19.18,728.01,Credit card (automatic),2,No,No,No
CUST-08818,60,Two year,110.0,6559.07,Mailed check,3,Fiber optic,Yes,Yes
CUST-08819,43,Two year,110.64,4797.38,Mailed check,1,Fiber optic,Yes,No
CUST-08820,7,Month-to-month,86.75,616.05,Credit card (automatic),3,Fiber optic,No,No
CUST-08821,25,Two year,86.38,2138.42,Bank transfer (automatic),1,Fiber optic,Yes,No
CUST-08822,48,Month-to-month,24.35,1158.01,Bank transfer (automatic),1,No,No,Yes
CUST-08823,45,Two year,77.69,3465.51,Electronic check,2,Fiber optic,Yes,No
CUST-08824,32,Two year,72.42,2379.39,Electronic check,4,DSL,Yes,Yes
CUST-08825,9,One year,74.71,681.13,Electronic check,1,Fiber optic,Yes,No
CUST-08826,18,One year,84.37,1555.35,Bank transfer (automatic),1,Fiber optic,No,No
CUST-08827,13,Two year,60.84,771.43,Credit card (automatic),2,DSL,Yes,No
CUST-08828,67,Month-to-month,19.16,1283.15,Bank transfer (automatic),0,No,Yes,Yes
CUST-08829,3,Month-to-month,73.64,225.77,Electronic check,3,Fiber optic,Yes,Yes
CUST-08830,3,Two year,83.16,249.29,Bank transfer (automatic),2,Fiber optic,Yes,No
CUST-08831,51,Two year,98.58,5125.24,Electronic check,4,Fiber optic,Yes,Yes
CUST-08832,33,One year,72.1,2329.19,Mailed check,0,DSL,Yes,No
CUST-08833,14,Month-to-month,105.71,1494.37,Credit card (automatic),2,Fiber optic,Yes,No
CUST-08834,39,Month-to-month,62.43,2393.29,Electronic check,0,DSL,No,No
CUST-08835,61,Two year,23.21,1422.48,Bank transfer (automatic),1,No,Yes,No
CUST-08836,2,One year,96.2,197.41,Electronic check,3,Fiber optic,Yes,Yes
CUST-08837,33,Month-to-month,22.31,750.43,Electronic check,0,No,Yes,Yes
CUST-08838,1,Two year,18.37,18.77,Electronic check,1,No,Yes,No
CUST-08839,1,Month-to-month,88.68,88.02,Electronic check,2,Fiber optic,Yes,No
CUST-08840,42,One year,62.84,2614.81,Mailed check,1,DSL,Yes,No
CUST-08841,7,Month-to-month,98.97,682.64,Credit card (automatic),1,Fiber optic,No,Yes
CUST-08842,40,Month-to-month,94.75,3743.81,Mailed check,1,Fiber optic,No,No
CUST-08843,45,Two year,104.04,4733.85,Bank transfer (automatic),1,Fiber optic,No,No
CUST-08844,0,Month-to-month,87.95, ,Bank transfer (automatic),0,Fiber optic,No,No
CUST-08845,21,Month-to-month,47.7,1027.89,Electronic check,3,DSL,Yes,No
CUST-08846,3,Month-to-month,18.49,56.43,Mailed check,2,No,Yes,No
CUST-08847,35,Two year,22.53,774.59,Electronic check,1,No,Yes,Yes
CUST-08848,0,Month-to-month,60.6, ,Electronic check,1,DSL,Yes,No
CUST-08849,16,One year,81.5,1281.61,Electronic check,4,Fiber optic,Yes,Yes
CUST-08850,30,Month-to-month,80.8,2410.44,Electronic check,1,Fiber optic,No,No
CUST-08851,13,Month-to-month,22.61,302.56,Mailed check,1,No,No,No
CUST-08852,1,Month-to-month,19.05,18.57,Bank transfer (automatic),1,No,Yes,No
CUST-08853,43,One year,47.45,2021.74,Electronic check,2,DSL,No,No
CUST-08854,45,One year,82.13,3623.58,Bank transfer (automatic),1,Fiber optic,No,No
CUST-08855,5,Month-to-month,74.7,365.67,Electronic check,2,DSL,No,No
CUST-08856,62,One year,23.54,1488.05,Electronic check,1,No,No,No
CUST-08857,26,One year,62.79,1677.19,Credit card (automatic),3,DSL,No,No
CUST-08858,14,One year,21.02,293.59,Electronic check,3,No,Yes,Yes
CUST-08859,5,Month-to-month,90.36,445.10,Credit card (automatic),2,Fiber optic,Yes,No
CUST-08860,2,One year,19.54,38.83,Bank transfer (automatic),3,No,Yes,No
CUST-08861,58,Two year,73.1,4236.47,Electronic check,0,DSL,No,No
CUST-08862,39,Month-to-month,49.12,1956.06,Bank transfer (automatic),1,DSL,Yes,Yes
CUST-08863,4,Month-to-month,107.08,426.05,Electronic check,4,Fiber optic,No,Yes
CUST-08864,9,One year,81.67,722.78,Credit card (automatic),0,Fiber optic,Yes,No
CUST-08865,4,One year,70.04,279.03,Electronic check,1,DSL,No,No
CUST-08866,56,Two year,84.82,4700.80,Electronic check,0,Fiber optic,No,No
CUST-08867,7,One year,117.84,828.46,Electronic check,0,Fiber optic,Yes,No
CUST-08868,7,Month-to-month,75.99,516.85,Bank transfer (automatic),3,DSL,No,Yes
CUST-08869,28,Month-to-month,112.72,3144.23,Credit card (automatic),0,Fiber optic,Yes,No
CUST-08870,6,Month-to-month,78.83,475.55,Bank transfer (automatic),1,Fiber optic,Yes,Yes
CUST-08871,25,One year,74.09,1904.20,Credit card (automatic),2,Fiber optic,Yes,No
CUST-08872,16,Month-to-month,77.6,1242.83,Electronic check,4,DSL,Yes,Yes
CUST-08873,18,Two year,91.24,1596.30,Mailed check,1,Fiber optic,Yes,No
CUST-08874,46,Two year,74.38,3420.42,Bank transfer (automatic),3,DSL,Yes,No
CUST-08875,2,Two year,93.74,189.33,Mailed check,1,Fiber optic,Yes,No
CUST-08876,32,Month-to-month,101.65,3334.49,Bank transfer (automatic),3,Fiber optic,Yes,No
CUST-08877,41,Two year,106.83,4365.54,Electronic check,4,Fiber optic,Yes,Yes
CUST-08878,31,Two year,96.07,2967.65,Electronic check,1,Fiber optic,No,No
CUST-08879,9,One year,115.68,1046.64,Bank transfer (automatic),6,Fiber optic,Yes,Yes
CUST-08880,52,Two year,44.25,2241.08,Bank transfer (automatic),3,DSL,Yes,No
CUST-08881,41,One year,24.51,976.09,Electronic check,1,No,Yes,No
CUST-08882,55,Month-to-month,23.41,1268.99,Electronic check,1,No,No,No
CUST-08883,57,One year,20.73,1186.65,Electronic check,1,No,No,No
CUST-08884,45,Two year,92.92,4069.18,Mailed check,2,Fiber optic,Yes,Yes
CUST-08885,52,Two year,59.68,3186.76,Credit card (automatic),0,DSL,No,No
CUST-08886,21,Month-to-month,72.1,1553.07,Mailed check,0,Fiber optic,Yes,No
CUST-08887,43,Two year,96.09,4189.11,Credit card (automatic),3,Fiber optic,Yes,No
CUST-08888,47,Two year,73.22,3382.56,Mailed check,2,Fiber optic,Yes,No
CUST-08889,12,One year,95.16,1171.89,Electronic check,1,Fiber optic,No,No
CUST-08890,30,One year,19.86,613.28,Electronic check,1,No,Yes,No
CUST-08891,0,Month-to-month,24.5, ,Bank transfer (automatic),1,No,Yes,Yes
CUST-08892,2,Two year,45.03,91.97,Electronic check,1,DSL,Yes,No
CUST-08893,46,Two year,84.38,3969.96,Bank transfer (automatic),2,Fiber optic,No,No
CUST-08894,48,Two year,89.92,4412.66,Mailed check,4,Fiber optic,No,Yes
CUST-08895,7,One year,99.35,679.82,Electronic check,2,Fiber optic,No,No
CUST-08896,34,Two year,25.66,870.22,Electronic check,2,No,Yes,No
CUST-08897,53,One year,76.31,3989.57,Credit card (automatic),0,Fiber optic,No,No
CUST-08898,35,One year,88.17,3136.70,Electronic check,1,Fiber optic,Yes,No
CUST-08899,10,One year,67.29,658.10,Electronic check,2,DSL,Yes,No
CUST-08900,26,Month-to-month,56.11,1480.30,Electronic check,0,DSL,No,Yes
CUST-08901,31,Two year,20.06,622.77,Electronic check,2,No,Yes,No
CUST-08902,71,One year,72.16,5063.13,Bank transfer (automatic),2,DSL,Yes,No
CUST-08903,67,Month-to-month,79.13,5357.76,Bank transfer (automatic),4,Fiber optic,No,Yes
CUST-08904,1,Month-to-month,86.41,84.03,Bank transfer (automatic),2,Fiber optic,No,Yes
CUST-08905,39,Month-to-month,81.72,3092.72,Credit card (automatic),2,Fiber optic,Yes,Yes
CUST-08906,25,Month-to-month,116.83,2845.25,Electronic check,2,Fiber optic,No,Yes
CUST-08907,10,Two year,110.77,1108.93,Mailed check,2,Fiber optic,Yes,Yes
CUST-08908,1,Month-to-month,21.71,22.23,Mailed check,1,No,Yes,Yes
CUST-08909,41,Month-to-month,110.96,4544.94,Credit card (automatic),2,Fiber optic,Yes,No
CUST-08910,48,One year,23.37,1140.13,Bank transfer (automatic),3,No,No,No
CUST-08911,38,Two year,55.49,2142.02,Mailed check,3,DSL,Yes,Yes
CUST-08912,9,Month-to-month,50.12,459.87,Electronic check,1,DSL,Yes,Yes
CUST-08913,8,Month-to-month,87.58,695.01,Credit card (automatic),0,Fiber optic,No,Yes
CUST-08914,27,Month-to-month,95.26,2510.60,Bank transfer (automatic),1,Fiber optic,Yes,No
CUST-08915,68,One year,19.75,1308.04,Bank transfer (automatic),2,No,No,No
CUST-08916,24,Two year,52.45,1238.62,Electronic check,1,DSL,Yes,No
CUST-08917,26,Two year,101.53,2692.69,Electronic check,1,Fiber optic,No,Yes
CUST-08918,30,One year,105.31,3119.97,Bank transfer (automatic),0,Fiber optic,Yes,No
CUST-08919,38,Two year,59.1,2209.51,Mailed check,2,DSL,No,No
CUST-08920,55,Two year,117.27,6380.91,Mailed check,3,Fiber optic,Yes,No
CUST-08921,31,Month-to-month,84.87,2628.97,Electronic check,2,Fiber optic,No,Yes
CUST-08922,10,Month-to-month,114.44,1167.10,Mailed check,2,Fiber optic,No,Yes
CUST-08923,57,One year,83.37,4769.95,Credit card (automatic),1,Fiber optic,Yes,No
CUST-08924,6,Month-to-month,69.28,407.27,Electronic check,2,DSL,Yes,No
CUST-08925,1,Two year,118.67,115.96,Electronic check,3,Fiber optic,No,No
CUST-08926,45,One year,72.84,3263.25,Bank transfer (automatic),1,DSL,No,Yes
CUST-08927,0,Two year,93.17, ,Electronic check,6,Fiber optic,No,Yes
CUST-08928,55,Two year,47.04,2526.94,Credit card (automatic),0,DSL,No,No
CUST-08929,13,Two year,25.5,327.83,Credit card (automatic),1,No,Yes,No
CUST-08930,48,One year,68.73,3362.02,Mailed check,1,DSL,No,Yes
CUST-08931,1,One year,73.0,72.05,Bank transfer (automatic),1,DSL,Yes,No
CUST-08932,2,Month-to-month,97.92,192.24,Credit card (automatic),2,Fiber optic,Yes,No
CUST-08933,14,Month-to-month,21.84,307.49,Electronic check,0,No,Yes,No
CUST-08934,13,Month-to-month,73.82,984.85,Electronic check,2,Fiber optic,No,Yes
CUST-08935,58,Month-to-month,44.76,2567.16,Electronic check,2,DSL,Yes,No
CUST-08936,26,Month-to-month,98.38,2530.21,Electronic check,1,Fiber optic,No,No
CUST-08937,44,Two year,79.2,3547.21,Bank transfer (automatic),3,Fiber optic,No,No
CUST-08938,16,Two year,102.9,1658.59,Mailed check,3,Fiber optic,No,Yes
CUST-08939,27,Month-to-month,77.34,2037.68,Bank transfer (automatic),3,DSL,No,No
CUST-08940,22,One year,87.35,1969.74,Electronic check,4,Fiber optic,No,Yes
CUST-08941,20,One year,105.93,2088.21,Bank transfer (automatic),3,Fiber optic,No,No
CUST-08942,62,Month-to-month,114.43,6887.17,Electronic check,2,Fiber optic,Yes,Yes
CUST-08943,25,Two year,111.13,2800.74,Bank transfer (automatic),1,Fiber optic,No,No
CUST-08944,48,One year,74.09,3568.66,Electronic check,1,Fiber optic,Yes,No
CUST-08945,6,Two year,103.02,625.91,Electronic check,2,Fiber optic,No,Yes
CUST-08946,16,Two year,84.75,1341.81,Electronic check,1,Fiber optic,Yes,No
CUST-08947,48,One year,25.02,1221.36,Electronic check,0,No,No,No
CUST-08948,28,Month-to-month,78.32,2196.08,Credit card (automatic),2,Fiber optic,No,Yes
CUST-08949,18,One year,80.84,1460.69,Electronic check,0,Fiber optic,Yes,Yes
CUST-08950,18,Month-to-month,21.94,406.23,Mailed check,1,No,No,Yes
CUST-08951,12,Month-to-month,86.11,1054.24,Mailed check,0,Fiber optic,Yes,No
CUST-08952,7,One year,87.52,604.82,Electronic check,2,Fiber optic,No,No
CUST-08953,8,Month-to-month,90.69,731.76,Mailed check,1,Fiber optic,Yes,No
CUST-08954,58,One year,77.01,4512.70,Bank transfer (automatic),1,Fiber optic,Yes,No
CUST-08955,36,Month-to-month,45.99,1638.71,Electronic check,1,DSL,Yes,Yes
CUST-08956,39,Month-to-month,79.4,3036.21,Bank transfer (automatic),2,Fiber optic,No,No
CUST-08957,0,Two year,61.94, ,Bank transfer (automatic),0,DSL,No,No
CUST-08958,20,Two year,89.56,1761.89,Bank transfer (automatic),1,Fiber optic,Yes,No
CUST-08959,34,Month-to-month,66.67,2259.15,Credit card (automatic),1,DSL,No,Yes
CUST-08960,14,Two year,23.45,330.61,Electronic check,0,No,No,No
CUST-08961,21,Month-to-month,65.45,1338.41,Credit card (automatic),0,DSL,No,No
CUST-08962,40,One year,81.08,3204.63,Electronic check,4,Fiber optic,No,Yes
CUST-08963,7,Month-to-month,100.34,711.56,Mailed check,4,Fiber optic,No,No
CUST-08964,71,One year,97.44,7017.31,Electronic check,0,Fiber optic,Yes,No
CUST-08965,20,One year,101.08,2076.94,Bank transfer (automatic),2,Fiber optic,Yes,Yes
CUST-08966,31,Month-to-month,20.12,626.79,Mailed check,1,No,No,No
CUST-08967,46,Month-to-month,118.19,5503.41,Mailed check,3,Fiber optic,Yes,No
CUST-08968,4,Month-to-month,78.44,317.46,Electronic check,0,DSL,Yes,Yes
CUST-08969,13,One year,112.84,1486.58,Mailed check,3,Fiber optic,No,No
CUST-08970,34,Month-to-month,81.61,2774.82,Bank transfer (automatic),3,Fiber optic,Yes,No
CUST-08971,62,Two year,23.9,1525.05,Credit card (automatic),2,No,Yes,No
CUST-08972,13,Month-to-month,76.12,999.47,Electronic check,3,Fiber optic,Yes,No
CUST-08973,31,Month-to-month,114.7,3473.68,Mailed check,2,Fiber optic,No,No
CUST-08974,5,One year,80.92,411.04,Credit card (automatic),4,Fiber optic,Yes,Yes
CUST-08975,4,Month-to-month,21.56,87.32,Bank transfer (automatic),1,No,Yes,No
CUST-08976,0,Two year,101.38, ,Bank transfer (automatic),2,Fiber optic,No,Yes
CUST-08977,6,Month-to-month,21.0,124.76,Credit card (automatic),0,No,No,Yes
CUST-08978,62,One year,81.63,5175.57,Bank transfer (automatic),1,Fiber optic,No,Yes
CUST-08979,28,Month-to-month,24.2,676.88,Credit card (automatic),1,No,Yes,Yes
CUST-08980,50,Two year,72.08,3629.37,Bank transfer (automatic),3,DSL,Yes,No
CUST-08981,18,Two year,93.27,1723.65,Electronic check,2,Fiber optic,Yes,No
CUST-08982,59,Two year,84.57,5021.00,Credit card (automatic),2,Fiber optic,Yes,No
CUST-08983,5,One year,68.32,347.43,Electronic check,2,DSL,Yes,No
CUST-08984,50,One year,25.0,1268.01,Mailed check,0,No,No,No
CUST-08985,13,One year,109.18,1418.35,Mailed check,3,Fiber optic,Yes,No
CUST-08986,8,Month-to-month,62.93,502.12,Electronic check,0,DSL,No,No
CUST-08987,52,Month-to-month,44.67,2287.75,Electronic check,1,DSL,No,Yes
CUST-08988,1,Month-to-month,114.81,114.29,Electronic check,1,Fiber optic,Yes,No
CUST-08989,21,Month-to-month,114.29,2341.39,Bank transfer (automatic),1,Fiber optic,Yes,No
CUST-08990,15,One year,82.49,1247.90,Electronic check,2,Fiber optic,No,No
CUST-08991,0,Month-to-month,103.47, ,Credit card (automatic),0,Fiber optic,No,No
CUST-08992,54,Two year,56.1,2980.59,Electronic check,2,DSL,Yes,No
CUST-08993,32,One year,80.73,2641.47,Bank transfer (automatic),1,Fiber optic,No,No
CUST-08994,39,One year,42.89,1632.70,Bank transfer (automatic),2,DSL,Yes,Yes
CUST-08995,60,One year,87.8,5161.24,Electronic check,2,Fiber optic,Yes,No
CUST-08996,16,Month-to-month,50.18,780.13,Bank transfer (automatic),1,DSL,Yes,No
CUST-08997,26,Two year,18.43,472.29,Bank transfer (automatic),1,No,Yes,No
CUST-08998,52,Month-to-month,61.67,3140.87,Bank transfer (automatic),2,DSL,No,Yes
CUST-08999,37,Two year,19.99,723.76,Credit card (automatic),2,No,No,No
CUST-09000,23,One year,98.7,2267.63,Electronic check,4,Fiber optic,Yes,Yes
CUST-09001,57,Two year,57.72,3207.54,Credit card (automatic),0,DSL,No,No
CUST-09002,1,One year,54.92,54.23,Electronic check,1,DSL,No,No
CUST-09003,2,Month-to-month,56.19,112.23,Electronic check,1,DSL,Yes,Yes
CUST-09004,50,Two year,97.98,4855.73,Credit card (automatic),4,Fiber optic,No,Yes
CUST-09005,7,One year,110.66,780.27,Bank transfer (automatic),2,Fiber optic,No,No
CUST-09006,52,Two year,23.27,1199.88,Bank transfer (automatic),1,No,No,Yes
CUST-09007,29,One year,46.52,1321.83,Bank transfer (automatic),1,DSL,No,No
CUST-09008,6,Two year,63.14,388.16,Credit card (automatic),3,DSL,Yes,No
CUST-09009,31,Two year,70.49,2184.24,Bank transfer (automatic),0,DSL,No,No
CUST-09010,44,Two year,53.82,2427.35,Mailed check,1,DSL,No,No
CUST-09011,3,Two year,65.36,196.25,Mailed check,1,DSL,Yes,No
CUST-09012,15,One year,70.02,1041.86,Mailed check,4,Fiber optic,No,Yes
CUST-09013,1,Month-to-month,115.81,117.42,Mailed check,1,Fiber optic,Yes,Yes
CUST-09014,14,Month-to-month,83.05,1130.64,Bank transfer (automatic),1,Fiber optic,No,No
CUST-09015,5,Month-to-month,75.48,376.30,Credit card (automatic),2,DSL,No,No
CUST-09016,11,One year,80.56,867.09,Credit card (automatic),3,Fiber optic,Yes,Yes
CUST-09017,7,Two year,75.12,519.25,Mailed check,3,DSL,Yes,No
CUST-09018,21,Month-to-month,62.69,1343.63,Bank transfer (automatic),2,DSL,Yes,No
CUST-09019,54,Two year,19.62,1043.97,Bank transfer (automatic),1,No,Yes,No
CUST-09020,2,Month-to-month,85.56,170.42,Electronic check,0,Fiber optic,Yes,No
CUST-09021,37,One year,72.71,2643.10,Electronic check,2,DSL,No,No
CUST-09022,46,Month-to-month,25.4,1170.64,Credit card (automatic),1,No,Yes,No
CUST-09023,13,Month-to-month,112.73,1430.96,Credit card (automatic),0,Fiber optic,Yes,No
CUST-09024,25,Two year,74.22,1866.54,Credit card (automatic),2,DSL,Yes,No
CUST-09025,22,Month-to-month,18.28,405.52,Electronic check,2,No,No,No
CUST-09026,55,One year,58.82,3185.70,Credit card (automatic),3,DSL,Yes,No
CUST-09027,51,Two year,110.81,5583.97,Bank transfer (automatic),3,Fiber optic,Yes,No
CUST-09028,36,Month-to-month,71.72,2639.44,Bank transfer (automatic),2,Fiber optic,No,No
CUST-09029,60,One year,103.84,6220.14,Bank transfer (automatic),1,Fiber optic,Yes,No
CUST-09030,52,Month-to-month,22.01,1138.64,Electronic check,2,No,No,No
CUST-09031,1,Two year,24.18,24.25,Electronic check,1,No,No,No
CUST-09032,49,One year,82.71,4096.02,Credit card (automatic),1,Fiber optic,No,No
CUST-09033,50,Month-to-month,24.87,1259.16,Electronic check,4,No,Yes,No
CUST-09034,20,One year,84.47,1714.01,Electronic check,1,Fiber optic,Yes,No
CUST-09035,2,One year,116.37,229.12,Electronic check,5,Fiber optic,No,Yes
CUST-09036,40,Month-to-month,65.81,2614.64,Mailed check,1,DSL,Yes,No
CUST-09037,14,Month-to-month,19.73,283.19,Credit card (automatic),0,No,No,No
CUST-09038,3,Month-to-month,70.74,212.03,Credit card (automatic),1,DSL,No,Yes
CUST-09039,12,One year,22.26,260.41,Electronic check,1,No,Yes,No
CUST-09040,2,Month-to-month,57.35,113.41,Electronic check,1,DSL,No,Yes
CUST-09041,13,Month-to-month,93.02,1239.10,Electronic check,1,Fiber optic,Yes,No
CUST-09042,71,Two year,21.25,1463.85,Credit card (automatic),3,No,No,No
CUST-09043,45,Two year,104.49,4583.16,Mailed check,3,Fiber optic,No,No
CUST-09044,39,One year,82.62,3226.27,Credit card (automatic),2,Fiber optic,Yes,No
CUST-09045,32,Two year,61.14,1992.27,Electronic check,3,DSL,Yes,No
CUST-09046,57,One year,106.83,6227.28,Electronic check,2,Fiber optic,Yes,No
CUST-09047,40,Month-to-month,47.73,1946.53,Electronic check,0,DSL,No,No
CUST-09048,63,One year,84.23,5192.96,Electronic check,2,Fiber optic,Yes,No
CUST-09049,19,Two year,80.41,1497.00,Bank transfer (automatic),2,Fiber optic,No,No
CUST-09050,59,Month-to-month,63.32,3826.32,Bank transfer (automatic),3,DSL,Yes,Yes
CUST-09051,7,Month-to-month,90.09,638.54,Credit card (automatic),2,Fiber optic,No,Yes
CUST-09052,15,Month-to-month,20.68,317.35,Credit card (automatic),1,No,Yes,Yes
CUST-09053,2,One year,55.52,112.67,Electronic check,1,DSL,No,No
CUST-09054,1,One year,21.77,21.14,Credit card (automatic),5,No,No,Yes
CUST-09055,0,Month-to-month,90.4, ,Electronic check,2,Fiber optic,No,Yes
CUST-09056,5,Two year,104.43,535.56,Electronic check,1,Fiber optic,Yes,No
CUST-09057,16,Month-to-month,23.45,383.41,Bank transfer (automatic),1,No,Yes,No
CUST-09058,56,Month-to-month,71.3,4029.70,Electronic check,2,Fiber optic,Yes,No
CUST-09059,41,Two year,104.59,4226.86,Electronic check,1,Fiber optic,Yes,No
CUST-09060,34,One year,50.58,1688.70,Mailed check,0,DSL,Yes,No
CUST-09061,7,Month-to-month,57.78,398.13,Electronic check,2,DSL,Yes,No
CUST-09062,12,Month-to-month,50.6,595.77,Credit card (automatic),2,DSL,Yes,No
CUST-09063,13,One year,75.8,1006.94,Electronic check,1,Fiber optic,Yes,No
CUST-09064,3,Month-to-month,98.47,301.88,Bank transfer (automatic),1,Fiber optic,Yes,No
CUST-09065,41,One year,77.1,3079.02,Mailed check,3,DSL,Yes,No
CUST-09066,1,Two year,88.13,86.95,Mailed check,2,Fiber optic,No,No
CUST-09067,40,Two year,67.19,2744.60,Electronic check,2,DSL,Yes,No
CUST-09068,7,Month-to-month,58.99,417.60,Electronic check,2,DSL,Yes,Yes
CUST-09069,47,One year,78.84,3731.82,Electronic check,2,Fiber optic,Yes,No
CUST-09070,1,Two year,114.9,116.69,Bank transfer (automatic),1,Fiber optic,No,Yes
CUST-09071,43,Month-to-month,91.92,4022.94,Bank transfer (automatic),1,Fiber optic,Yes,Yes
CUST-09072,23,One year,18.31,422.48,Credit card (automatic),1,No,Yes,No
CUST-09073,6,Month-to-month,59.12,363.52,Electronic check,0,DSL,Yes,No
CUST-09074,44,One year,42.72,1903.19,Bank transfer (automatic),0,DSL,No,No
CUST-09075,23,Month-to-month,108.7,2439.45,Credit card (automatic),3,Fiber optic,Yes,Yes
CUST-09076,47,Two year,87.93,4084.46,Credit card (automatic),2,Fiber optic,Yes,No
CUST-09077,34,Two year,64.87,2222.15,Mailed check,3,DSL,No,No
CUST-09078,68,Two year,24.0,1663.58,Bank transfer (automatic),2,No,Yes,No
CUST-09079,57,Two year,71.35,4167.36,Credit card (automatic),6,Fiber optic,Yes,Yes
CUST-09080,38,Two year,22.14,866.07,Electronic check,1,No,No,No
CUST-09081,37,Month-to-month,23.04,832.94,Credit card (automatic),3,No,Yes,No
CUST-09082,45,Month-to-month,21.78,955.73,Bank transfer (automatic),2,No,Yes,No
CUST-09083,56,Two year,84.93,4615.12,Electronic check,4,Fiber optic,Yes,Yes
CUST-09084,61,Two year,92.58,5780.91,Bank transfer (automatic),1,Fiber optic,Yes,No
CUST-09085,9,Month-to-month,21.2,195.58,Bank transfer (automatic),3,No,No,Yes
CUST-09086,1,Month-to-month,64.76,65.83,Credit card (automatic),1,DSL,No,No
CUST-09087,14,Month-to-month,92.87,1275.51,Electronic check,2,Fiber optic,Yes,No
CUST-09088,13,One year,19.23,257.38,Mailed check,1,No,Yes,No
CUST-09089,51,Two year,45.55,2338.77,Credit card (automatic),1,DSL,Yes,No
CUST-09090,56,Month-to-month,19.47,1114.64,Credit card (automatic),3,No,No,No
CUST-09091,45,Two year,73.2,3259.22,Bank transfer (automatic),2,Fiber optic,No,No
CUST-09092,23,One year,51.73,1198.79,Bank transfer (automatic),3,DSL,Yes,No
CUST-09093,12,Month-to-month,73.41,879.87,Electronic check,1,Fiber optic,Yes,Yes
CUST-09094,10,One year,64.47,654.44,Credit card (automatic),2,DSL,Yes,No
CUST-09095,43,Two year,91.68,4046.78,Credit card (automatic),3,Fiber optic,No,No
CUST-09096,17,Month-to-month,82.45,1420.19,Credit card (automatic),3,Fiber optic,No,Yes
CUST-09097,13,Month-to-month,18.34,236.91,Electronic check,2,No,Yes,Yes
CUST-09098,10,Two year,77.13,793.26,Credit card (automatic),4,Fiber optic,Yes,No
CUST-09099,45,Month-to-month,66.77,2928.07,Mailed check,1,DSL,No,No
CUST-09100,53,Two year,20.12,1064.68,Bank transfer (automatic),1,No,No,No
CUST-09101,27,Month-to-month,54.62,1462.53,Credit card (automatic),2,DSL,No,No
CUST-09102,20,Month-to-month,45.28,922.21,Electronic check,2,DSL,Yes,No
CUST-09103,52,One year,62.46,3271.78,Electronic check,0,DSL,Yes,No
CUST-09104,6,Month-to-month,71.78,420.19,Mailed check,1,DSL,No,No
CUST-09105,38,One year,87.22,3316.39,Credit card (automatic),0,Fiber optic,Yes,No
CUST-09106,18,One year,19.11,350.21,Electronic check,3,No,No,No
CUST-09107,0,Month-to-month,77.22, ,Mailed check,1,DSL,Yes,Yes
CUST-09108,28,Two year,94.92,2672.36,Mailed check,2,Fiber optic,Yes,No
CUST-09109,33,Two year,18.92,618.35,Credit card (automatic),1,No,No,No
CUST-09110,19,Two year,94.25,1768.45,Electronic check,1,Fiber optic,Yes,No
CUST-09111,25,One year,44.14,1133.48,Electronic check,4,DSL,Yes,Yes
CUST-09112,32,One year,72.7,2276.00,Credit card (automatic),1,Fiber optic,No,No
CUST-09113,47,Two year,54.09,2566.76,Bank transfer (automatic),2,DSL,No,No
CUST-09114,53,Two year,103.02,5620.90,Electronic check,2,Fiber optic,No,Yes
CUST-09115,28,Month-to-month,68.16,1870.79,Mailed check,7,DSL,Yes,Yes
CUST-09116,1,Month-to-month,75.31,73.84,Credit card (automatic),1,DSL,No,Yes
CUST-09117,17,Month-to-month,19.06,327.43,Credit card (automatic),0,No,No,Yes
CUST-09118,8,Month-to-month,59.39,467.10,Electronic check,2,DSL,Yes,Yes
CUST-09119,39,Month-to-month,93.22,3540.57,Mailed check,1,Fiber optic,No,No
CUST-09120,33,Two year,59.27,1943.74,Mailed check,0,DSL,No,No
CUST-09121,12,Month-to-month,73.13,855.27,Credit card (automatic),0,DSL,Yes,No
CUST-09122,40,One year,24.34,967.98,Credit card (automatic),4,No,Yes,Yes
CUST-09123,31,One year,94.75,3006.21,Electronic check,1,Fiber optic,Yes,No
CUST-09124,58,Two year,24.09,1392.64,Bank transfer (automatic),2,No,Yes,No
CUST-09125,21,Month-to-month,72.89,1535.14,Credit card (automatic),4,Fiber optic,No,No
CUST-09126,10,Month-to-month,95.94,954.41,Electronic check,1,Fiber optic,Yes,Yes
CUST-09127,12,Month-to-month,74.63,880.39,Credit card (automatic),4,Fiber optic,Yes,Yes
CUST-09128,6,One year,74.06,438.53,Bank transfer (automatic),1,DSL,No,No
CUST-09129,3,Month-to-month,94.53,275.85,Mailed check,1,Fiber optic,Yes,Yes
CUST-09130,58,Month-to-month,70.86,4228.53,Credit card (automatic),3,Fiber optic,No,Yes
CUST-09131,12,Month-to-month,96.8,1180.97,Electronic check,1,Fiber optic,Yes,No
CUST-09132,13,Month-to-month,23.78,301.62,Electronic check,0,No,Yes,No
CUST-09133,27,Month-to-month,19.26,530.39,Bank transfer (automatic),4,No,No,Yes
CUST-09134,9,Month-to-month,20.37,180.17,Mailed check,0,No,Yes,No
CUST-09135,35,Month-to-month,91.85,3173.67,Electronic check,2,Fiber optic,No,Yes
CUST-09136,3,One year,21.36,63.41,Electronic check,2,No,No,No
CUST-09137,25,One year,94.51,2383.10,Bank transfer (automatic),0,Fiber optic,No,No
CUST-09138,3,Month-to-month,70.8,218.33,Electronic check,1,Fiber optic,Yes,No
CUST-09139,61,One year,105.98,6584.60,Bank transfer (automatic),1,Fiber optic,No,Yes
CUST-09140,10,Month-to-month,53.98,543.18,Electronic check,2,DSL,Yes,Yes
CUST-09141,3,Month-to-month,104.21,311.20,Bank transfer (automatic),3,Fiber optic,No,Yes
CUST-09142,7,Month-to-month,111.69,795.60,Electronic check,3,Fiber optic,Yes,No
CUST-09143,61,Two year,103.5,6171.93,Bank transfer (automatic),2,Fiber optic,No,No
CUST-09144,18,Month-to-month,23.29,413.34,Bank transfer (automatic),6,No,Yes,Yes
CUST-09145,28,One year,22.59,645.80,Electronic check,0,No,No,No
CUST-09146,25,Month-to-month,18.26,465.10,Mailed check,2,No,Yes,No
CUST-09147,4,Month-to-month,114.06,455.17,Bank transfer (automatic),3,Fiber optic,Yes,No
CUST-09148,34,Two year,110.64,3794.16,Bank transfer (automatic),3,Fiber optic,No,No
CUST-09149,5,One year,49.58,251.60,Mailed check,0,DSL,Yes,No
CUST-09150,5,Month-to-month,78.79,383.25,Credit card (automatic),3,Fiber optic,Yes,No
CUST-09151,7,One year,43.84,306.07,Bank transfer (automatic),2,DSL,No,No
CUST-09152,1,Month-to-month,21.1,21.07,Credit card (automatic),3,No,Yes,Yes
CUST-09153,49,Two year,118.03,5905.52,Bank transfer (automatic),2,Fiber optic,No,No
CUST-09154,40,Two year,74.74,2935.15,Mailed check,2,Fiber optic,Yes,Yes
CUST-09155,30,Month-to-month,97.54,2866.89,Credit card (automatic),2,Fiber optic,No,Yes
CUST-09156,45,Month-to-month,20.24,912.37,Mailed check,1,No,No,No
CUST-09157,9,Two year,112.0,1016.72,Bank transfer (automatic),2,Fiber optic,No,No
CUST-09158,46,One year,60.96,2731.79,Credit card (automatic),1,DSL,No,No
CUST-09159,62,One year,111.61,6904.24,Mailed check,3,Fiber optic,Yes,No
CUST-09160,4,Month-to-month,25.22,98.51,Mailed check,1,No,No,No
CUST-09161,38,Two year,100.89,3798.58,Electronic check,2,Fiber optic,Yes,No
CUST-09162,9,Month-to-month,52.8,478.48,Credit card (automatic),3,DSL,No,No
CUST-09163,49,One year,58.82,2959.40,Credit card (automatic),3,DSL,Yes,No
CUST-09164,5,One year,100.78,503.51,Mailed check,2,Fiber optic,Yes,No
CUST-09165,49,Two year,101.73,4909.51,Electronic check,1,Fiber optic,Yes,Yes
CUST-09166,3,Month-to-month,18.75,57.22,Electronic check,2,No,Yes,No
CUST-09167,59,Month-to-month,87.09,5061.45,Mailed check,2,Fiber optic,No,Yes
CUST-09168,19,Two year,61.88,1204.85,Credit card (automatic),1,DSL,Yes,No
CUST-09169,9,Month-to-month,20.77,184.03,Credit card (automatic),1,No,Yes,No
CUST-09170,1,One year,63.54,63.68,Electronic check,3,DSL,Yes,No
CUST-09171,44,Two year,78.58,3430.05,Mailed check,1,Fiber optic,Yes,No
CUST-09172,39,Two year,43.76,1679.29,Credit card (automatic),3,DSL,No,No
CUST-09173,5,Two year,86.64,445.02,Credit card (automatic),3,Fiber optic,Yes,No
CUST-09174,10,Month-to-month,63.18,637.77,Credit card (automatic),1,DSL,Yes,No
CUST-09175,13,Month-to-month,70.54,908.02,Electronic check,1,Fiber optic,No,No
CUST-09176,19,Two year,64.76,1239.52,Mailed check,3,DSL,Yes,No
CUST-09177,10,Month-to-month,20.91,203.50,Credit card (automatic),3,No,No,Yes
CUST-09178,32,Month-to-month,25.7,812.29,Electronic check,2,No,Yes,No
CUST-09179,0,Month-to-month,24.12, ,Electronic check,0,No,Yes,No
CUST-09180,32,One year,20.43,642.72,Electronic check,1,No,Yes,No
CUST-09181,2,Month-to-month,77.86,154.31,Bank transfer (automatic),0,DSL,Yes,Yes
CUST-09182,27,Month-to-month,52.63,1418.81,Bank transfer (automatic),2,DSL,Yes,No
CUST-09183,29,Month-to-month,75.28,2147.57,Credit card (automatic),1,Fiber optic,No,No
CUST-09184,56,Month-to-month,43.48,2441.18,Mailed check,3,DSL,Yes,Yes
CUST-09185,24,Two year,108.2,2646.14,Electronic check,1,Fiber optic,Yes,No
CUST-09186,3,Month-to-month,54.12,161.12,Credit card (automatic),4,DSL,No,Yes
CUST-09187,52,Two year,117.99,6291.56,Bank transfer (automatic),1,Fiber optic,No,Yes
CUST-09188,8,Month-to-month,22.89,183.69,Electronic check,1,No,Yes,Yes
CUST-09189,23,Month-to-month,78.01,1746.68,Bank transfer (automatic),3,Fiber optic,No,Yes
CUST-09190,10,Month-to-month,54.73,540.69,Mailed check,1,DSL,Yes,No
CUST-09191,36,Month-to-month,22.09,794.81,Credit card (automatic),0,No,No,No
CUST-09192,25,Month-to-month,105.18,2597.03,Bank transfer (automatic),1,Fiber optic,Yes,No
CUST-09193,54,Month-to-month,64.03,3434.21,Credit card (automatic),6,DSL,Yes,Yes
CUST-09194,4,Month-to-month,82.68,334.78,Mailed check,0,Fiber optic,No,Yes
CUST-09195,0,Month-to-month,59.83, ,Credit card (automatic),0,DSL,Yes,No
CUST-09196,5,Month-to-month,50.38,256.41,Credit card (automatic),1,DSL,Yes,No
CUST-09197,19,Month-to-month,20.87,390.69,Bank transfer (automatic),0,No,No,No
CUST-09198,3,Month-to-month,20.39,61.80,Credit card (automatic),2,No,No,Yes
CUST-09199,20,Month-to-month,113.8,2226.48,Electronic check,2,Fiber optic,Yes,Yes
CUST-09200,40,Month-to-month,24.16,951.67,Credit card (automatic),1,No,No,No
CUST-09201,16,Two year,95.92,1500.19,Mailed check,0,Fiber optic,Yes,No
CUST-09202,0,Month-to-month,78.49, ,Mailed check,1,Fiber optic,No,Yes
CUST-09203,10,Month-to-month,22.7,230.43,Credit card (automatic),0,No,No,Yes
CUST-09204,42,Two year,87.29,3591.22,Bank transfer (automatic),0,Fiber optic,No,No
CUST-09205,33,Two year,71.82,2388.97,Credit card (automatic),1,Fiber optic,Yes,No
CUST-09206,52,Two year,103.6,5481.39,Credit card (automatic),2,Fiber optic,No,No
CUST-09207,45,One year,20.17,917.21,Bank transfer (automatic),1,No,No,No
CUST-09208,10,Month-to-month,81.42,814.52,Credit card (automatic),1,Fiber optic,Yes,Yes
CUST-09209,18,Month-to-month,23.23,419.52,Bank transfer (automatic),1,No,No,Yes
CUST-09210,36,Month-to-month,112.48,4075.43,Bank transfer (automatic),2,Fiber optic,Yes,No
CUST-09211,33,Month-to-month,52.77,1738.43,Credit card (automatic),1,DSL,Yes,Yes
CUST-09212,40,Two year,24.08,962.90,Mailed check,2,No,No,Yes
CUST-09213,4,Month-to-month,113.18,459.00,Mailed check,3,Fiber optic,Yes,Yes
CUST-09214,8,One year,19.83,158.85,Electronic check,5,No,No,Yes
CUST-09215,67,Month-to-month,114.72,7704.16,Credit card (automatic),1,Fiber optic,No,Yes
CUST-09216,17,Month-to-month,52.81,905.79,Electronic check,1,DSL,Yes,No
CUST-09217,1,Month-to-month,80.62,81.47,Electronic check,4,Fiber optic,No,Yes
CUST-09218,16,Two year,55.63,889.28,Electronic check,2,DSL,Yes,No
CUST-09219,7,Month-to-month,50.81,349.66,Bank transfer (automatic),2,DSL,Yes,No
CUST-09220,17,Month-to-month,22.54,391.66,Electronic check,1,No,No,Yes
CUST-09221,10,Month-to-month,93.05,941.55,Credit card (automatic),2,Fiber optic,Yes,Yes
CUST-09222,47,Two year,23.27,1076.50,Bank transfer (automatic),1,No,Yes,No
CUST-09223,21,One year,105.31,2167.25,Credit card (automatic),5,Fiber optic,Yes,Yes
CUST-09224,46,Month-to-month,73.99,3373.28,Electronic check,4,Fiber optic,No,Yes
CUST-09225,29,Month-to-month,77.49,2250.05,Electronic check,1,Fiber optic,Yes,No
CUST-09226,5,Month-to-month,108.5,557.49,Electronic check,2,Fiber optic,Yes,No
CUST-09227,8,Month-to-month,44.91,368.99,Bank transfer (automatic),2,DSL,Yes,Yes
CUST-09228,24,Month-to-month,102.12,2439.63,Electronic check,0,Fiber optic,No,No
CUST-09229,54,Two year,102.35,5443.54,Mailed check,0,Fiber optic,Yes,No
CUST-09230,38,Two year,23.78,913.58,Credit card (automatic),0,No,Yes,No
CUST-09231,6,Month-to-month,50.46,301.49,Mailed check,1,DSL,Yes,No
CUST-09232,2,Month-to-month,77.36,150.25,Electronic check,3,Fiber optic,No,Yes
CUST-09233,53,One year,91.94,4754.65,Credit card (automatic),3,Fiber optic,Yes,No
CUST-09234,12,Month-to-month,72.09,859.45,Bank transfer (automatic),3,Fiber optic,Yes,No
CUST-09235,34,One year,111.04,3809.95,Electronic check,2,Fiber optic,No,Yes
CUST-09236,26,Month-to-month,106.4,2697.58,Electronic check,1,Fiber optic,Yes,No
CUST-09237,7,Month-to-month,24.89,178.14,Mailed check,0,No,Yes,Yes
CUST-09238,1,Month-to-month,45.04,45.37,Credit card (automatic),3,DSL,Yes,No
CUST-09239,38,One year,25.16,941.47,Electronic check,3,No,Yes,Yes
CUST-09240,15,Month-to-month,23.92,360.55,Credit card (automatic),1,No,No,No
CUST-09241,8,Month-to-month,75.5,614.16,Credit card (automatic),1,Fiber optic,Yes,Yes
CUST-09242,34,One year,46.31,1572.55,Mailed check,1,DSL,No,No
CUST-09243,36,Month-to-month,75.26,2682.76,Electronic check,1,DSL,Yes,Yes
CUST-09244,36,Month-to-month,59.47,2193.62,Electronic check,1,DSL,No,Yes
CUST-09245,23,Month-to-month,118.69,2722.64,Electronic check,1,Fiber optic,No,No
CUST-09246,33,Month-to-month,23.01,762.14,Credit card (automatic),2,No,Yes,No
CUST-09247,60,Two year,23.41,1429.51,Mailed check,3,No,Yes,No
CUST-09248,36,Month-to-month,92.81,3335.86,Credit card (automatic),1,Fiber optic,Yes,Yes
CUST-09249,46,Two year,91.3,4110.78,Credit card (automatic),2,Fiber optic,Yes,No
CUST-09250,21,One year,71.69,1516.69,Mailed check,0,DSL,Yes,Yes
CUST-09251,69,One year,21.62,1458.31,Bank transfer (automatic),2,No,No,No
CUST-09252,30,Two year,60.64,1799.76,Credit card (automatic),1,DSL,Yes,No
CUST-09253,7,One year,89.06,608.98,Electronic check,4,Fiber optic,Yes,No
CUST-09254,37,One year,79.57,3018.88,Credit card (automatic),3,Fiber optic,No,No
CUST-09255,40,Month-to-month,73.4,2860.76,Electronic check,2,DSL,Yes,No
CUST-09256,18,One year,50.53,913.94,Mailed check,3,DSL,Yes,No
CUST-09257,32,Month-to-month,53.48,1759.71,Bank transfer (automatic),2,DSL,Yes,Yes
CUST-09258,12,Month-to-month,64.08,760.22,Bank transfer (automatic),0,DSL,Yes,No
CUST-09259,53,One year,85.9,4610.00,Credit card (automatic),1,Fiber optic,Yes,No
CUST-09260,33,Month-to-month,55.36,1831.38,Electronic check,1,DSL,Yes,No
CUST-09261,18,One year,70.19,1245.93,Mailed check,2,Fiber optic,No,No
CUST-09262,54,One year,109.05,5989.25,Electronic check,1,Fiber optic,Yes,No
CUST-09263,65,One year,21.96,1387.42,Bank transfer (automatic),0,No,Yes,No
CUST-09264,9,Month-to-month,79.57,705.60,Bank transfer (automatic),3,Fiber optic,No,No
CUST-09265,48,One year,104.72,4906.50,Credit card (automatic),2,Fiber optic,Yes,No
CUST-09266,5,Month-to-month,66.38,338.24,Electronic check,0,DSL,No,No
CUST-09267,66,Month-to-month,88.35,5798.52,Credit card (automatic),1,Fiber optic,Yes,No
CUST-09268,8,Month-to-month,98.18,765.94,Mailed check,1,Fiber optic,No,Yes
CUST-09269,14,Two year,66.77,961.17,Bank transfer (automatic),3,DSL,No,No
CUST-09270,1,Month-to-month,73.02,72.60,Electronic check,0,Fiber optic,Yes,No
CUST-09271,11,Month-to-month,90.36,968.26,Mailed check,1,Fiber optic,Yes,No
CUST-09272,69,Two year,61.6,4218.82,Electronic check,4,DSL,No,No
CUST-09273,29,Two year,68.83,1979.86,Bank transfer (automatic),1,DSL,No,No
CUST-09274,8,Month-to-month,21.11,165.14,Electronic check,2,No,Yes,No
CUST-09275,10,One year,78.32,793.61,Bank transfer (automatic),2,Fiber optic,Yes,Yes
CUST-09276,26,One year,18.92,502.13,Credit card (automatic),1,No,No,Yes
CUST-09277,51,One year,109.46,5690.25,Credit card (automatic),1,Fiber optic,Yes,No
CUST-09278,67,Month-to-month,59.94,3964.84,Credit card (automatic),0,DSL,Yes,No
CUST-09279,26,One year,81.18,2064.72,Credit card (automatic),4,Fiber optic,No,No
CUST-09280,19,Month-to-month,24.29,472.71,Bank transfer (automatic),4,No,No,Yes
CUST-09281,20,Month-to-month,109.58,2174.47,Electronic check,1,Fiber optic,Yes,No
CUST-09282,1,Month-to-month,66.21,67.21,Credit card (automatic),1,DSL,Yes,No
CUST-09283,67,One year,75.86,5012.38,Credit card (automatic),0,Fiber optic,No,No
CUST-09284,47,One year,53.55,2500.27,Bank transfer (automatic),3,DSL,No,No
CUST-09285,63,One year,113.02,7006.44,Mailed check,3,Fiber optic,No,Yes
CUST-09286,4,Month-to-month,46.92,187.08,Electronic check,0,DSL,Yes,No
CUST-09287,32,Month-to-month,23.5,730.98,Electronic check,2,No,Yes,Yes
CUST-09288,0,Month-to-month,20.17, ,Mailed check,0,No,Yes,No
CUST-09289,35,Two year,71.67,2478.69,Credit card (automatic),1,Fiber optic,No,No
CUST-09290,23,One year,67.58,1516.70,Bank transfer (automatic),2,DSL,Yes,No
CUST-09291,25,Two year,52.14,1313.43,Mailed check,2,DSL,Yes,No
CUST-09292,5,Month-to-month,23.82,116.22,Mailed check,1,No,Yes,No
CUST-09293,13,One year,21.0,272.94,Electronic check,1,No,Yes,No
CUST-09294,28,Month-to-month,19.9,565.87,Credit card (automatic),1,No,Yes,No
CUST-09295,62,Month-to-month,25.07,1533.07,Electronic check,1,No,Yes,No
CUST-09296,10,One year,55.43,548.57,Bank transfer (automatic),1,DSL,No,No
CUST-09297,2,Month-to-month,114.58,230.66,Mailed check,4,Fiber optic,Yes,Yes
CUST-09298,33,Month-to-month,25.46,822.07,Electronic check,1,No,No,Yes
CUST-09299,42,Two year,57.29,2376.10,Bank transfer (automatic),1,DSL,Yes,No
CUST-09300,23,Month-to-month,105.02,2468.58,Bank transfer (automatic),2,Fiber optic,Yes,No
CUST-09301,31,One year,56.93,1795.37,Electronic check,2,DSL,No,No
CUST-09302,1,Month-to-month,66.39,65.37,Mailed check,3,DSL,No,No
CUST-09303,20,One year,70.6,1429.58,Credit card (automatic),2,DSL,No,No
CUST-09304,32,One year,65.74,2058.66,Electronic check,0,DSL,No,Yes
CUST-09305,21,Two year,53.04,1108.88,Credit card (automatic),1,DSL,Yes,No
CUST-09306,67,Month-to-month,85.02,5572.54,Electronic check,4,Fiber optic,Yes,No
CUST-09307,17,One year,112.01,1897.60,Bank transfer (automatic),1,Fiber optic,No,No
CUST-09308,6,Month-to-month,22.48,131.33,Bank transfer (automatic),3,No,No,Yes
CUST-09309,50,Month-to-month,113.95,5822.80,Electronic check,2,Fiber optic,Yes,Yes
CUST-09310,14,One year,57.75,817.49,Bank transfer (automatic),4,DSL,No,Yes
CUST-09311,61,Two year,82.83,5012.03,Credit card (automatic),2,Fiber optic,No,Yes
CUST-09312,31,Month-to-month,99.65,3068.95,Electronic check,1,Fiber optic,Yes,Yes
CUST-09313,11,Month-to-month,113.39,1278.42,Bank transfer (automatic),3,Fiber optic,No,No
CUST-09314,11,Two year,94.44,1065.51,Bank transfer (automatic),4,Fiber optic,No,Yes
CUST-09315,29,Month-to-month,20.33,596.30,Credit card (automatic),3,No,Yes,No
CUST-09316,28,Month-to-month,19.91,556.96,Credit card (automatic),0,No,Yes,No
CUST-09317,57,Two year,91.9,5262.54,Electronic check,2,Fiber optic,Yes,No
CUST-09318,41,Two year,24.66,1004.75,Bank transfer (automatic),0,No,Yes,No
CUST-09319,53,One year,83.93,4352.63,Bank transfer (automatic),3,Fiber optic,Yes,Yes
CUST-09320,13,Two year,96.99,1261.61,Electronic check,3,Fiber optic,Yes,No
CUST-09321,22,Month-to-month,48.8,1096.58,Credit card (automatic),1,DSL,Yes,No
CUST-09322,3,Month-to-month,69.55,205.35,Bank transfer (automatic),1,DSL,Yes,Yes
CUST-09323,62,Two year,59.21,3664.71,Credit card (automatic),0,DSL,Yes,No
CUST-09324,10,One year,81.63,806.60,Bank transfer (automatic),2,Fiber optic,No,Yes
CUST-09325,34,Month-to-month,23.91,809.17,Electronic check,1,No,Yes,No
CUST-09326,1,Month-to-month,23.71,23.00,Electronic check,2,No,Yes,No
CUST-09327,26,Month-to-month,18.5,491.80,Mailed check,2,No,Yes,No
CUST-09328,7,Month-to-month,91.53,655.35,Mailed check,2,Fiber optic,Yes,Yes
CUST-09329,16,Month-to-month,64.09,1034.21,Bank transfer (automatic),1,DSL,No,Yes
CUST-09330,9,Month-to-month,51.82,466.05,Bank transfer (automatic),1,DSL,No,No
CUST-09331,14,Month-to-month,18.67,267.02,Electronic check,3,No,Yes,Yes
CUST-09332,20,Two year,20.38,415.76,Credit card (automatic),2,No,Yes,No
CUST-09333,12,Month-to-month,74.06,872.38,Credit card (automatic),2,DSL,No,No
CUST-09334,4,Month-to-month,86.54,353.31,Credit card (automatic),2,Fiber optic,Yes,No
CUST-09335,2,Month-to-month,24.15,49.07,Electronic check,2,No,No,Yes
CUST-09336,9,Month-to-month,104.23,910.28,Electronic check,1,Fiber optic,Yes,Yes
CUST-09337,25,Month-to-month,116.73,2995.68,Bank transfer (automatic),2,Fiber optic,Yes,No
CUST-09338,60,Two year,24.79,1457.29,Mailed check,1,No,No,No
CUST-09339,0,One year,115.9, ,Mailed check,3,Fiber optic,No,No
CUST-09340,56,Two year,71.14,3987.96,Bank transfer (automatic),1,Fiber optic,No,No
CUST-09341,47,Month-to-month,84.49,4064.03,Electronic check,0,Fiber optic,No,No
CUST-09342,41,Two year,112.55,4736.07,Electronic check,4,Fiber optic,No,Yes
CUST-09343,31,Month-to-month,56.07,1710.06,Electronic check,2,DSL,Yes,Yes
CUST-09344,44,Two year,72.57,3242.71,Electronic check,0,Fiber optic,Yes,No
CUST-09345,3,Month-to-month,115.27,342.85,Credit card (automatic),2,Fiber optic,Yes,Yes
CUST-09346,22,Month-to-month,92.03,2018.08,Electronic check,2,Fiber optic,Yes,Yes
CUST-09347,34,Month-to-month,44.39,1527.28,Credit card (automatic),2,DSL,Yes,No
CUST-09348,5,Month-to-month,52.83,269.24,Electronic check,0,DSL,Yes,No
CUST-09349,13,Month-to-month,73.65,960.64,Bank transfer (automatic),1,DSL,No,No
CUST-09350,23,One year,108.5,2524.41,Bank transfer (automatic),2,Fiber optic,No,Yes
CUST-09351,21,One year,78.8,1619.46,Bank transfer (automatic),2,DSL,No,No
CUST-09352,39,Month-to-month,58.52,2281.36,Electronic check,3,DSL,No,No
CUST-09353,44,Two year,53.51,2399.88,Credit card (automatic),1,DSL,Yes,No
CUST-09354,49,Month-to-month,47.35,2369.19,Electronic check,1,DSL,Yes,No
CUST-09355,31,Month-to-month,84.53,2653.13,Electronic check,0,Fiber optic,No,Yes
CUST-09356,6,Month-to-month,19.75,116.06,Bank transfer (automatic),3,No,No,Yes
CUST-09357,18,One year,102.57,1852.24,Electronic check,2,Fiber optic,No,No
CUST-09358,4,One year,70.39,273.94,Electronic check,3,DSL,Yes,No
CUST-09359,20,One year,109.18,2236.67,Bank transfer (automatic),2,Fiber optic,No,No
CUST-09360,41,Month-to-month,106.67,4290.18,Credit card (automatic),4,Fiber optic,No,Yes
CUST-09361,15,Two year,60.35,896.35,Credit card (automatic),3,DSL,Yes,No
CUST-09362,27,Month-to-month,89.13,2435.44,Mailed check,3,Fiber optic,Yes,Yes
CUST-09363,17,Month-to-month,46.15,797.44,Credit card (automatic),1,DSL,Yes,No
CUST-09364,0,Month-to-month,98.21, ,Credit card (automatic),1,Fiber optic,Yes,No
CUST-09365,22,Two year,92.08,2019.88,Mailed check,1,Fiber optic,Yes,No
CUST-09366,32,Month-to-month,81.86,2611.46,Mailed check,1,Fiber optic,Yes,No
CUST-09367,28,One year,109.12,3039.51,Mailed check,2,Fiber optic,Yes,No
CUST-09368,37,One year,104.66,3877.99,Bank transfer (automatic),1,Fiber optic,Yes,No
CUST-09369,2,Month-to-month,97.7,201.01,Electronic check,2,Fiber optic,Yes,No
CUST-09370,9,Month-to-month,19.75,180.63,Electronic check,0,No,No,No
CUST-09371,2,Two year,97.79,191.43,Bank transfer (automatic),4,Fiber optic,Yes,Yes
CUST-09372,0,Month-to-month,49.93, ,Bank transfer (automatic),3,DSL,Yes,Yes
CUST-09373,11,Month-to-month,69.16,749.32,Credit card (automatic),1,DSL,No,Yes
CUST-09374,1,Month-to-month,48.78,50.12,Electronic check,1,DSL,No,No
CUST-09375,2,One year,69.42,138.63,Bank transfer (automatic),2,DSL,No,Yes
CUST-09376,19,Month-to-month,96.36,1856.63,Electronic check,3,Fiber optic,No,No
CUST-09377,68,One year,117.61,7814.90,Credit card (automatic),0,Fiber optic,No,No
CUST-09378,2,Month-to-month,92.76,187.73,Mailed check,3,Fiber optic,Yes,Yes
CUST-09379,1,Month-to-month,81.69,79.63,Bank transfer (automatic),1,Fiber optic,Yes,No
CUST-09380,46,Two year,73.06,3414.99,Electronic check,1,DSL,Yes,No
CUST-09381,12,Two year,63.63,761.67,Bank transfer (automatic),2,DSL,Yes,No
CUST-09382,19,Two year,22.28,429.40,Electronic check,3,No,No,No
CUST-09383,38,Two year,75.13,2844.94,Credit card (automatic),1,Fiber optic,Yes,Yes
CUST-09384,12,Month-to-month,88.56,1040.37,Bank transfer (automatic),5,Fiber optic,Yes,Yes
CUST-09385,18,Two year,42.67,749.27,Electronic check,4,DSL,Yes,No
CUST-09386,13,Two year,80.51,1042.40,Electronic check,5,Fiber optic,Yes,No
CUST-09387,3,Month-to-month,95.6,279.03,Electronic check,3,Fiber optic,Yes,Yes
CUST-09388,60,One year,59.73,3622.99,Bank transfer (automatic),1,DSL,No,No
CUST-09389,12,Month-to-month,22.51,277.55,Mailed check,1,No,Yes,Yes
CUST-09390,3,Two year,112.32,345.61,Credit card (automatic),1,Fiber optic,No,No
CUST-09391,37,Month-to-month,82.68,3073.76,Credit card (automatic),2,Fiber optic,No,Yes
CUST-09392,49,Two year,67.14,3303.88,Credit card (automatic),1,DSL,No,No
CUST-09393,64,Month-to-month,22.38,1437.99,Electronic check,3,No,Yes,No
CUST-09394,40,One year,72.37,2964.65,Electronic check,0,DSL,Yes,Yes
CUST-09395,31,Month-to-month,83.03,2504.26,Mailed check,3,Fiber optic,Yes,No
CUST-09396,28,Month-to-month,118.28,3341.63,Credit card (automatic),1,Fiber optic,No,No
CUST-09397,33,Two year,66.67,2195.54,Mailed check,5,DSL,No,No
CUST-09398,1,Month-to-month,71.98,73.91,Electronic check,1,Fiber optic,Yes,Yes
CUST-09399,48,One year,42.67,2018.17,Electronic check,1,DSL,No,No
CUST-09400,21,One year,74.09,1534.08,Electronic check,0,DSL,Yes,No
CUST-09401,4,Month-to-month,82.75,336.31,Electronic check,3,Fiber optic,Yes,Yes
CUST-09402,2,Two year,81.56,162.43,Credit card (automatic),1,Fiber optic,No,No
CUST-09403,4,Month-to-month,96.8,383.91,Bank transfer (automatic),2,Fiber optic,No,No
CUST-09404,39,Two year,48.67,1875.93,Electronic check,1,DSL,Yes,No
CUST-09405,5,One year,20.42,99.96,Bank transfer (automatic),1,No,No,No
CUST-09406,7,Two year,61.29,420.05,Credit card (automatic),1,DSL,No,No
CUST-09407,1,One year,117.87,115.87,Electronic check,1,Fiber optic,No,No
CUST-09408,57,Two year,48.08,2777.47,Bank transfer (automatic),0,DSL,Yes,No
CUST-09409,27,One year,44.03,1195.91,Electronic check,0,DSL,No,Yes
CUST-09410,38,Two year,68.27,2655.98,Mailed check,2,DSL,Yes,No
CUST-09411,55,Month-to-month,64.93,3581.99,Electronic check,2,DSL,Yes,No
CUST-09412,10,Month-to-month,53.9,546.78,Electronic check,1,DSL,Yes,No
CUST-09413,15,Month-to-month,52.67,781.48,Electronic check,0,DSL,No,Yes
CUST-09414,0,Month-to-month,24.76, ,Bank transfer (automatic),4,No,Yes,Yes
CUST-09415,27,One year,20.66,568.89,Credit card (automatic),4,No,Yes,Yes
CUST-09416,16,Month-to-month,98.91,1614.18,Electronic check,3,Fiber optic,No,Yes
CUST-09417,0,Month-to-month,57.98, ,Electronic check,0,DSL,Yes,No
CUST-09418,32,Month-to-month,22.21,693.02,Electronic check,2,No,Yes,No
CUST-09419,54,Two year,74.83,3970.37,Credit card (automatic),2,DSL,Yes,No
CUST-09420,1,Month-to-month,91.82,94.02,Electronic check,1,Fiber optic,No,Yes
CUST-09421,10,One year,72.55,715.49,Mailed check,1,DSL,No,No
CUST-09422,3,Month-to-month,99.36,298.13,Electronic check,1,Fiber optic,Yes,Yes
CUST-09423,20,Month-to-month,87.72,1799.02,Credit card (automatic),1,Fiber optic,No,Yes
CUST-09424,13,One year,71.21,941.88,Credit card (automatic),3,Fiber optic,No,Yes
CUST-09425,10,One year,23.26,238.77,Credit card (automatic),3,No,No,No
CUST-09426,32,Month-to-month,67.85,2139.61,Bank transfer (automatic),0,DSL,Yes,Yes
CUST-09427,27,Month-to-month,25.7,700.62,Electronic check,1,No,Yes,No
CUST-09428,39,Two year,23.58,913.92,Electronic check,2,No,No,No
CUST-09429,8,One year,24.4,192.10,Bank transfer (automatic),1,No,No,No
CUST-09430,2,Month-to-month,48.59,97.26,Electronic check,1,DSL,Yes,Yes
CUST-09431,34,Month-to-month,107.19,3744.77,Bank transfer (automatic),1,Fiber optic,Yes,No
CUST-09432,69,Two year,55.31,3854.53,Electronic check,3,DSL,No,No
CUST-09433,37,Two year,117.77,4472.77,Electronic check,1,Fiber optic,Yes,No
CUST-09434,40,Two year,58.94,2309.90,Bank transfer (automatic),3,DSL,No,No
CUST-09435,49,One year,21.74,1067.16,Credit card (automatic),1,No,No,No
CUST-09436,24,Month-to-month,21.98,528.79,Electronic check,2,No,No,Yes
CUST-09437,8,Two year,85.0,668.12,Bank transfer (automatic),2,Fiber optic,Yes,No
CUST-09438,26,Two year,88.51,2265.48,Credit card (automatic),5,Fiber optic,No,Yes
CUST-09439,6,Month-to-month,21.19,130.44,Electronic check,1,No,Yes,Yes
CUST-09440,60,One year,95.01,5685.87,Electronic check,2,Fiber optic,Yes,Yes
CUST-09441,53,Two year,19.31,1048.87,Electronic check,2,No,No,No
CUST-09442,60,Two year,64.25,3789.46,Electronic check,0,DSL,Yes,No
CUST-09443,62,One year,22.29,1375.10,Bank transfer (automatic),1,No,Yes,No
CUST-09444,3,Month-to-month,25.62,77.72,Mailed check,1,No,No,No
CUST-09445,39,Month-to-month,74.33,2817.00,Bank transfer (automatic),2,DSL,No,Yes
CUST-09446,25,Two year,92.55,2330.11,Mailed check,3,Fiber optic,No,No
CUST-09447,13,One year,104.03,1391.25,Electronic check,3,Fiber optic,No,No
CUST-09448,4,Month-to-month,66.36,260.20,Bank transfer (automatic),3,DSL,Yes,No
CUST-09449,41,Month-to-month,81.45,3433.12,Bank transfer (automatic),3,Fiber optic,Yes,Yes
CUST-09450,16,Month-to-month,20.75,332.31,Electronic check,0,No,Yes,No
CUST-09451,19,Month-to-month,71.63,1357.23,Mailed check,2,Fiber optic,Yes,No
CUST-09452,25,Two year,45.98,1127.34,Bank transfer (automatic),4,DSL,No,Yes
CUST-09453,16,Month-to-month,85.1,1365.16,Bank transfer (automatic),1,Fiber optic,No,No
CUST-09454,61,Two year,24.09,1447.45,Credit card (automatic),1,No,Yes,No
CUST-09455,45,Two year,23.62,1031.43,Electronic check,5,No,No,Yes
CUST-09456,52,Two year,77.6,4104.41,Mailed check,3,DSL,Yes,No
CUST-09457,26,Month-to-month,55.84,1437.53,Electronic check,3,DSL,No,Yes
CUST-09458,7,Month-to-month,54.98,392.26,Electronic check,2,DSL,Yes,Yes
CUST-09459,52,One year,46.25,2400.88,Electronic check,1,DSL,Yes,No
CUST-09460,43,One year,24.16,1008.97,Credit card (automatic),2,No,No,No
CUST-09461,3,Month-to-month,48.52,148.49,Bank transfer (automatic),2,DSL,No,Yes
CUST-09462,50,Two year,25.4,1281.31,Electronic check,2,No,No,No
CUST-09463,23,One year,85.39,1951.40,Bank transfer (automatic),1,Fiber optic,Yes,No
CUST-09464,60,Two year,23.1,1392.98,Electronic check,2,No,No,No
CUST-09465,24,Month-to-month,58.9,1452.22,Mailed check,1,DSL,No,No
CUST-09466,13,One year,19.93,264.24,Bank transfer (automatic),1,No,Yes,No
CUST-09467,50,Month-to-month,92.23,4505.14,Electronic check,0,Fiber optic,No,Yes
CUST-09468,6,Two year,54.36,323.97,Electronic check,2,DSL,Yes,No
CUST-09469,9,Month-to-month,22.94,210.94,Electronic check,2,No,Yes,No
CUST-09470,28,One year,96.87,2684.72,Bank transfer (automatic),0,Fiber optic,Yes,No
CUST-09471,8,Month-to-month,18.87,147.85,Credit card (automatic),2,No,Yes,Yes
CUST-09472,6,Month-to-month,73.52,449.77,Electronic check,4,Fiber optic,Yes,Yes
CUST-09473,32,One year,25.49,817.04,Credit card (automatic),2,No,Yes,No
CUST-09474,35,Two year,84.7,3023.88,Bank transfer (automatic),3,Fiber optic,Yes,No
CUST-09475,1,Month-to-month,18.93,19.12,Bank transfer (automatic),1,No,Yes,No
CUST-09476,39,Two year,78.86,3015.56,Electronic check,2,Fiber optic,Yes,No
CUST-09477,56,One year,77.53,4263.08,Credit card (automatic),3,Fiber optic,No,Yes
CUST-09478,56,Month-to-month,50.14,2877.23,Credit card (automatic),2,DSL,Yes,No
CUST-09479,3,Month-to-month,72.29,219.73,Electronic check,2,Fiber optic,Yes,No
CUST-09480,19,Month-to-month,49.7,944.13,Credit card (automatic),4,DSL,No,Yes
CUST-09481,13,One year,76.77,1012.18,Bank transfer (automatic),2,DSL,No,No
CUST-09482,11,Month-to-month,22.54,254.60,Electronic check,4,No,Yes,Yes
CUST-09483,17,Month-to-month,54.34,944.84,Bank transfer (automatic),1,DSL,Yes,No
CUST-09484,41,Month-to-month,71.24,2912.34,Bank transfer (automatic),2,DSL,Yes,No
CUST-09485,0,Month-to-month,113.67, ,Bank transfer (automatic),2,Fiber optic,Yes,Yes
CUST-09486,37,Two year,73.45,2638.74,Credit card (automatic),3,Fiber optic,No,No
CUST-09487,24,One year,55.03,1307.39,Credit card (automatic),1,DSL,Yes,Yes
CUST-09488,37,Two year,24.39,891.74,Credit card (automatic),1,No,Yes,No
CUST-09489,4,One year,99.6,394.66,Mailed check,6,Fiber optic,Yes,Yes
CUST-09490,17,Month-to-month,103.26,1802.94,Bank transfer (automatic),3,Fiber optic,Yes,No
CUST-09491,1,Month-to-month,97.28,95.82,Credit card (automatic),2,Fiber optic,Yes,No
CUST-09492,3,Month-to-month,45.49,134.95,Bank transfer (automatic),1,DSL,Yes,Yes
CUST-09493,10,Two year,24.63,243.76,Mailed check,3,No,Yes,No
CUST-09494,16,Month-to-month,20.04,326.10,Mailed check,2,No,No,Yes
CUST-09495,19,Two year,75.03,1435.49,Bank transfer (automatic),2,Fiber optic,Yes,No
CUST-09496,27,One year,54.86,1513.06,Mailed check,2,DSL,No,No
CUST-09497,22,One year,106.33,2289.38,Electronic check,4,Fiber optic,Yes,No
CUST-09498,14,Month-to-month,24.85,350.46,Credit card (automatic),0,No,Yes,No
CUST-09499,42,One year,101.71,4351.52,Mailed check,3,Fiber optic,No,No
CUST-09500,39,Two year,55.53,2205.56,Bank transfer (automatic),0,DSL,No,No
CUST-09501,68,Two year,69.01,4653.99,Mailed check,1,DSL,Yes,No
CUST-09502,4,One year,107.37,436.87,Credit card (automatic),2,Fiber optic,No,No
CUST-09503,8,Month-to-month,76.1,622.07,Electronic check,1,DSL,Yes,Yes
CUST-09504,24,One year,75.78,1779.02,Mailed check,3,Fiber optic,Yes,Yes
CUST-09505,41,Month-to-month,47.6,1934.01,Mailed check,0,DSL,Yes,No
CUST-09506,3,Month-to-month,91.27,277.46,Bank transfer (automatic),4,Fiber optic,Yes,Yes
CUST-09507,67,Two year,54.89,3662.07,Credit card (automatic),2,DSL,Yes,No
CUST-09508,20,Two year,70.61,1454.33,Electronic check,0,DSL,Yes,No
CUST-09509,49,Two year,22.66,1096.27,Bank transfer (automatic),4,No,No,Yes
CUST-09510,44,One year,18.97,830.96,Bank transfer (automatic),1,No,Yes,No
CUST-09511,39,Two year,61.96,2358.33,Electronic check,0,DSL,No,No
CUST-09512,33,One year,83.92,2814.54,Mailed check,2,Fiber optic,No,No
CUST-09513,32,One year,57.33,1869.75,Mailed check,2,DSL,No,Yes
CUST-09514,44,Two year,73.97,3348.19,Electronic check,3,Fiber optic,Yes,No
CUST-09515,14,One year,43.78,623.62,Mailed check,1,DSL,Yes,No
CUST-09516,37,Two year,117.06,4276.91,Electronic check,2,Fiber optic,No,No
CUST-09517,22,One year,23.81,531.33,Electronic check,0,No,No,Yes
CUST-09518,18,Month-to-month,101.84,1827.09,Credit card (automatic),2,Fiber optic,Yes,No
CUST-09519,42,Two year,102.97,4449.44,Credit card (automatic),2,Fiber optic,Yes,No
CUST-09520,21,Month-to-month,101.09,2159.50,Mailed check,2,Fiber optic,Yes,Yes
CUST-09521,65,Two year,56.31,3632.26,Electronic check,1,DSL,Yes,No
CUST-09522,28,Month-to-month,94.27,2686.03,Credit card (automatic),1,Fiber optic,Yes,Yes
CUST-09523,18,Two year,115.11,2056.09,Credit card (automatic),1,Fiber optic,No,Yes
CUST-09524,26,One year,88.08,2309.07,Mailed check,2,Fiber optic,Yes,Yes
CUST-09525,13,Month-to-month,19.68,249.79,Bank transfer (automatic),1,No,Yes,No
CUST-09526,60,Two year,72.64,4344.08,Credit card (automatic),3,Fiber optic,Yes,No
CUST-09527,12,Month-to-month,51.98,607.86,Credit card (automatic),1,DSL,Yes,Yes
CUST-09528,2,One year,47.27,94.63,Mailed check,3,DSL,No,No
CUST-09529,25,Two year,66.19,1662.24,Mailed check,1,DSL,No,No
CUST-09530,21,Month-to-month,81.53,1737.50,Credit card (automatic),1,Fiber optic,Yes,Yes
CUST-09531,21,Month-to-month,54.59,1136.67,Bank transfer (automatic),0,DSL,Yes,No
CUST-09532,67,One year,45.98,3132.71,Credit card (automatic),0,DSL,Yes,No
CUST-09533,13,Two year,58.35,763.28,Bank transfer (automatic),0,DSL,No,No
CUST-09534,10,Month-to-month,116.55,1170.27,Mailed check,2,Fiber optic,Yes,Yes
CUST-09535,1,Month-to-month,91.4,89.86,Electronic check,2,Fiber optic,No,Yes
CUST-09536,5,Month-to-month,69.84,358.29,Credit card (automatic),1,DSL,No,Yes
CUST-09537,6,Month-to-month,63.25,372.15,Electronic check,2,DSL,Yes,No
CUST-09538,4,Month-to-month,85.49,333.11,Mailed check,3,Fiber optic,Yes,Yes
CUST-09539,14,Two year,25.31,361.14,Mailed check,2,No,No,No
CUST-09540,50,Month-to-month,22.14,1097.42,Credit card (automatic),1,No,Yes,No
CUST-09541,7,Month-to-month,107.64,768.13,Bank transfer (automatic),2,Fiber optic,No,No
CUST-09542,26,One year,46.96,1252.60,Electronic check,2,DSL,Yes,No
CUST-09543,2,Month-to-month,81.05,161.14,Electronic check,2,Fiber optic,No,Yes
CUST-09544,40,Month-to-month,58.99,2308.60,Credit card (automatic),1,DSL,No,Yes
CUST-09545,41,Two year,107.51,4302.69,Electronic check,4,Fiber optic,No,Yes
CUST-09546,46,Month-to-month,109.77,4952.66,Credit card (automatic),0,Fiber optic,Yes,Yes
CUST-09547,23,Month-to-month,117.67,2669.72,Electronic check,1,Fiber optic,Yes,Yes
CUST-09548,59,Two year,116.35,6920.85,Electronic check,3,Fiber optic,Yes,No
CUST-09549,25,Month-to-month,90.61,2301.57,Electronic check,3,Fiber optic,Yes,Yes
CUST-09550,10,One year,61.86,616.87,Bank transfer (automatic),3,DSL,Yes,Yes
CUST-09551,26,Month-to-month,18.44,489.88,Credit card (automatic),1,No,No,Yes
CUST-09552,59,Month-to-month,60.31,3623.57,Bank transfer (automatic),0,DSL,Yes,No
CUST-09553,3,Month-to-month,43.84,127.64,Credit card (automatic),2,DSL,No,Yes
CUST-09554,49,Two year,70.64,3476.18,Credit card (automatic),1,Fiber optic,No,No
CUST-09555,30,One year,62.74,1871.66,Electronic check,1,DSL,Yes,No
CUST-09556,18,Month-to-month,113.76,2044.83,Bank transfer (automatic),1,Fiber optic,Yes,No
CUST-09557,37,Two year,25.49,949.30,Mailed check,3,No,No,No
CUST-09558,0,Month-to-month,105.78, ,Bank transfer (automatic),4,Fiber optic,Yes,Yes
CUST-09559,43,Two year,23.86,1031.14,Electronic check,1,No,Yes,No
CUST-09560,6,Two year,58.58,359.80,Electronic check,1,DSL,Yes,No
CUST-09561,3,One year,63.12,187.72,Bank transfer (automatic),2,DSL,Yes,No
CUST-09562,12,One year,63.76,769.78,Credit card (automatic),1,DSL,Yes,No
CUST-09563,11,Month-to-month,73.41,829.01,Mailed check,5,Fiber optic,Yes,Yes
CUST-09564,7,Month-to-month,44.16,306.51,Electronic check,2,DSL,Yes,Yes
CUST-09565,4,Month-to-month,19.34,77.35,Bank transfer (automatic),0,No,No,Yes
CUST-09566,11,Month-to-month,24.21,259.46,Electronic check,2,No,Yes,Yes
CUST-09567,37,One year,97.36,3690.86,Bank transfer (automatic),2,Fiber optic,No,Yes
CUST-09568,9,One year,64.02,586.70,Credit card (automatic),2,DSL,No,No
CUST-09569,1,Month-to-month,55.21,53.74,Electronic check,0,DSL,Yes,No
CUST-09570,13,Month-to-month,112.34,1478.98,Mailed check,1,Fiber optic,No,Yes
CUST-09571,16,Two year,25.48,417.64,Electronic check,0,No,Yes,No
CUST-09572,10,Month-to-month,50.28,510.87,Credit card (automatic),0,DSL,No,No
CUST-09573,38,Two year,53.97,2060.29,Credit card (automatic),1,DSL,No,No
CUST-09574,16,Month-to-month,86.0,1410.34,Credit card (automatic),2,Fiber optic,No,No
CUST-09575,10,Month-to-month,116.94,1184.74,Electronic check,2,Fiber optic,Yes,No
CUST-09576,22,Month-to-month,61.35,1317.55,Bank transfer (automatic),0,DSL,Yes,No
CUST-09577,63,Month-to-month,97.67,6050.98,Credit card (automatic),2,Fiber optic,Yes,Yes
CUST-09578,16,One year,87.95,1377.82,Mailed check,3,Fiber optic,Yes,No
CUST-09579,27,Month-to-month,113.85,3039.03,Electronic check,2,Fiber optic,No,Yes
CUST-09580,48,One year,49.45,2339.44,Bank transfer (automatic),1,DSL,Yes,No
CUST-09581,47,Two year,92.29,4276.56,Mailed check,5,Fiber optic,Yes,Yes
CUST-09582,40,Month-to-month,80.99,3209.13,Mailed check,1,Fiber optic,Yes,No
CUST-09583,1,Month-to-month,98.52,95.70,Bank transfer (automatic),1,Fiber optic,Yes,No
CUST-09584,46,Two year,62.44,2833.66,Mailed check,1,DSL,No,No
CUST-09585,46,Month-to-month,19.23,867.12,Credit card (automatic),4,No,No,Yes
CUST-09586,18,Two year,110.49,1936.15,Bank transfer (automatic),4,Fiber optic,Yes,Yes
CUST-09587,27,Month-to-month,46.96,1262.44,Credit card (automatic),2,DSL,No,No
CUST-09588,30,Two year,19.57,597.51,Bank transfer (automatic),3,No,No,No
CUST-09589,3,Month-to-month,52.35,157.01,Bank transfer (automatic),1,DSL,No,No
CUST-09590,10,Month-to-month,109.66,1110.00,Electronic check,3,Fiber optic,Yes,Yes
CUST-09591,42,One year,19.78,811.63,Credit card (automatic),2,No,No,No
CUST-09592,35,Two year,19.89,693.77,Bank transfer (automatic),4,No,Yes,No
CUST-09593,12,Month-to-month,101.79,1200.22,Mailed check,3,Fiber optic,Yes,Yes
CUST-09594,36,Month-to-month,110.45,3882.67,Credit card (automatic),0,Fiber optic,Yes,Yes
CUST-09595,6,Month-to-month,104.08,614.48,Mailed check,3,Fiber optic,No,Yes
CUST-09596,18,Two year,96.2,1761.57,Electronic check,3,Fiber optic,Yes,No
CUST-09597,34,Month-to-month,66.16,2259.53,Electronic check,0,DSL,Yes,No
CUST-09598,58,One year,96.67,5515.73,Credit card (automatic),2,Fiber optic,No,No
CUST-09599,6,Month-to-month,87.39,515.70,Electronic check,1,Fiber optic,Yes,Yes
CUST-09600,31,Two year,103.67,3164.01,Credit card (automatic),3,Fiber optic,Yes,No
CUST-09601,49,One year,67.52,3366.31,Bank transfer (automatic),1,DSL,No,No
CUST-09602,22,One year,22.99,509.79,Electronic check,3,No,No,No
CUST-09603,7,Month-to-month,23.01,158.73,Electronic check,4,No,Yes,Yes
CUST-09604,5,One year,81.52,404.67,Mailed check,2,Fiber optic,No,Yes
CUST-09605,4,Month-to-month,25.2,99.89,Bank transfer (automatic),3,No,Yes,No
CUST-09606,24,Month-to-month,118.37,2804.46,Mailed check,1,Fiber optic,No,Yes
CUST-09607,55,Two year,97.09,5428.29,Electronic check,1,Fiber optic,Yes,Yes
CUST-09608,36,One year,80.91,2901.41,Credit card (automatic),1,Fiber optic,No,No
CUST-09609,14,Month-to-month,20.63,284.53,Bank transfer (automatic),4,No,No,Yes
CUST-09610,46,Two year,69.42,3215.05,Mailed check,1,DSL,Yes,No
CUST-09611,3,One year,52.41,158.08,Mailed check,0,DSL,No,Yes
CUST-09612,59,Two year,99.67,5916.60,Bank transfer (automatic),4,Fiber optic,No,No
CUST-09613,11,Month-to-month,75.01,828.62,Bank transfer (automatic),1,Fiber optic,No,Yes
CUST-09614,7,Two year,77.73,557.96,Credit card (automatic),0,DSL,Yes,No
CUST-09615,1,Month-to-month,73.12,72.78,Bank transfer (automatic),0,DSL,Yes,Yes
CUST-09616,17,Month-to-month,72.41,1260.15,Bank transfer (automatic),0,DSL,Yes,No
CUST-09617,13,Two year,70.76,938.82,Electronic check,2,DSL,Yes,No
CUST-09618,10,Two year,70.01,718.78,Electronic check,2,Fiber optic,Yes,No
CUST-09619,26,One year,18.76,492.72,Electronic check,1,No,No,No
CUST-09620,50,Two year,98.71,5023.25,Electronic check,1,Fiber optic,Yes,No
CUST-09621,35,Month-to-month,107.47,3654.32,Bank transfer (automatic),2,Fiber optic,Yes,No
CUST-09622,3,Month-to-month,69.99,214.28,Electronic check,4,DSL,Yes,Yes
CUST-09623,5,Month-to-month,61.76,305.83,Bank transfer (automatic),0,DSL,Yes,No
CUST-09624,20,Two year,95.39,1952.26,Bank transfer (automatic),3,Fiber optic,Yes,Yes
CUST-09625,4,Month-to-month,45.69,181.62,Electronic check,2,DSL,Yes,Yes
CUST-09626,9,Month-to-month,25.21,229.83,Bank transfer (automatic),3,No,Yes,Yes
CUST-09627,2,Month-to-month,53.89,110.83,Bank transfer (automatic),0,DSL,No,Yes
CUST-09628,51,One year,80.23,4148.57,Electronic check,2,Fiber optic,No,No
CUST-09629,8,Month-to-month,99.09,789.49,Bank transfer (automatic),3,Fiber optic,No,Yes
CUST-09630,1,Month-to-month,71.15,71.58,Credit card (automatic),1,Fiber optic,No,No
CUST-09631,1,Month-to-month,116.85,115.34,Electronic check,1,Fiber optic,No,Yes
CUST-09632,24,Month-to-month,87.83,2144.40,Mailed check,1,Fiber optic,No,No
CUST-09633,10,Month-to-month,53.26,533.86,Electronic check,2,DSL,Yes,No
CUST-09634,69,One year,77.39,5238.73,Bank transfer (automatic),5,Fiber optic,Yes,Yes
CUST-09635,1,Month-to-month,94.78,95.06,Credit card (automatic),1,Fiber optic,Yes,No
CUST-09636,21,Two year,88.99,1871.79,Credit card (automatic),1,Fiber optic,Yes,No
CUST-09637,5,Month-to-month,20.55,100.58,Mailed check,1,No,Yes,No
CUST-09638,37,Month-to-month,76.46,2770.27,Bank transfer (automatic),5,Fiber optic,Yes,Yes
CUST-09639,20,Month-to-month,54.34,1089.83,Bank transfer (automatic),3,DSL,Yes,No
CUST-09640,12,One year,109.98,1348.98,Mailed check,3,Fiber optic,Yes,No
CUST-09641,41,Month-to-month,24.21,1001.69,Electronic check,3,No,No,Yes
CUST-09642,40,One year,63.35,2577.49,Credit card (automatic),0,DSL,No,No
CUST-09643,11,Month-to-month,23.89,264.31,Bank transfer (automatic),2,No,No,No
CUST-09644,28,Month-to-month,64.79,1771.85,Bank transfer (automatic),0,DSL,Yes,Yes
CUST-09645,25,Two year,19.12,469.50,Bank transfer (automatic),3,No,No,No
CUST-09646,6,Month-to-month,115.13,704.10,Electronic check,2,Fiber optic,Yes,Yes
CUST-09647,33,Month-to-month,60.71,1982.23,Electronic check,1,DSL,Yes,No
CUST-09648,15,Month-to-month,106.1,1618.22,Credit card (automatic),0,Fiber optic,Yes,No
CUST-09649,25,One year,74.35,1850.11,Mailed check,1,DSL,Yes,No
CUST-09650,4,Two year,24.84,99.26,Electronic check,0,No,No,No
CUST-09651,28,One year,115.49,3195.03,Mailed check,1,Fiber optic,Yes,Yes
CUST-09652,55,One year,101.56,5523.35,Electronic check,0,Fiber optic,Yes,No
CUST-09653,47,One year,100.87,4644.27,Credit card (automatic),2,Fiber optic,Yes,No
CUST-09654,16,Month-to-month,81.68,1314.94,Bank transfer (automatic),0,Fiber optic,No,Yes
CUST-09655,47,One year,53.94,2548.13,Credit card (automatic),2,DSL,Yes,No
CUST-09656,48,One year,99.42,4765.44,Electronic check,4,Fiber optic,Yes,Yes
CUST-09657,30,Month-to-month,82.22,2522.21,Bank transfer (automatic),0,Fiber optic,No,Yes
CUST-09658,6,One year,87.5,509.67,Electronic check,5,Fiber optic,No,Yes
CUST-09659,16,Month-to-month,78.1,1240.76,Electronic check,2,Fiber optic,Yes,No
CUST-09660,5,Month-to-month,106.59,535.95,Electronic check,2,Fiber optic,Yes,No
CUST-09661,58,One year,65.47,3700.27,Electronic check,2,DSL,Yes,No
CUST-09662,12,Month-to-month,68.85,802.49,Credit card (automatic),3,DSL,Yes,No
CUST-09663,21,One year,91.68,1950.43,Electronic check,5,Fiber optic,No,Yes
CUST-09664,6,One year,23.77,140.46,Electronic check,2,No,No,No
CUST-09665,51,Two year,59.45,3048.00,Credit card (automatic),1,DSL,Yes,No
CUST-09666,41,Two year,95.97,3965.47,Bank transfer (automatic),1,Fiber optic,Yes,No
CUST-09667,15,One year,19.2,287.29,Electronic check,0,No,No,No
CUST-09668,35,Month-to-month,18.52,662.18,Bank transfer (automatic),2,No,Yes,No
CUST-09669,40,One year,106.32,4187.61,Credit card (automatic),3,Fiber optic,Yes,No
CUST-09670,23,Month-to-month,113.42,2586.94,Electronic check,2,Fiber optic,Yes,No
CUST-09671,63,Two year,87.58,5435.98,Electronic check,4,Fiber optic,No,Yes
CUST-09672,12,Month-to-month,73.33,861.51,Bank transfer (automatic),0,DSL,No,No
CUST-09673,16,One year,20.32,333.64,Bank transfer (automatic),1,No,No,No
CUST-09674,39,Month-to-month,23.74,906.25,Mailed check,0,No,Yes,No
CUST-09675,34,Two year,63.68,2206.08,Electronic check,0,DSL,No,No
CUST-09676,53,One year,71.64,3851.96,Credit card (automatic),3,Fiber optic,Yes,Yes
CUST-09677,37,One year,51.29,1918.43,Bank transfer (automatic),3,DSL,Yes,No
CUST-09678,25,Month-to-month,100.66,2442.80,Credit card (automatic),3,Fiber optic,Yes,No
CUST-09679,64,Two year,19.81,1232.74,Credit card (automatic),0,No,No,No
CUST-09680,4,Month-to-month,63.97,258.49,Bank transfer (automatic),1,DSL,No,Yes
CUST-09681,28,Month-to-month,23.55,670.82,Mailed check,1,No,Yes,Yes
CUST-09682,13,Month-to-month,86.9,1155.08,Electronic check,4,Fiber optic,Yes,No
CUST-09683,66,Month-to-month,67.67,4487.45,Electronic check,5,DSL,Yes,Yes
CUST-09684,29,One year,101.34,2906.62,Credit card (automatic),3,Fiber optic,No,No
CUST-09685,32,One year,118.13,3785.26,Credit card (automatic),2,Fiber optic,Yes,No
CUST-09686,16,Two year,64.87,1055.57,Credit card (automatic),1,DSL,Yes,No
CUST-09687,0,One year,52.52, ,Credit card (automatic),3,DSL,No,Yes
CUST-09688,30,One year,20.1,605.08,Electronic check,5,No,No,No
CUST-09689,45,Two year,23.2,1039.44,Credit card (automatic),3,No,No,No
CUST-09690,1,Month-to-month,19.03,18.63,Electronic check,0,No,Yes,No
CUST-09691,47,Two year,19.95,963.70,Mailed check,1,No,Yes,No
CUST-09692,15,Month-to-month,18.32,267.00,Credit card (automatic),3,No,No,No
CUST-09693,0,Month-to-month,94.93, ,Bank transfer (automatic),2,Fiber optic,No,No
CUST-09694,2,One year,71.1,138.16,Bank transfer (automatic),2,DSL,Yes,No
CUST-09695,4,Month-to-month,94.89,374.74,Electronic check,2,Fiber optic,Yes,No
CUST-09696,57,Two year,52.89,3037.56,Bank transfer (automatic),0,DSL,No,No
CUST-09697,46,Two year,73.0,3345.77,Bank transfer (automatic),1,DSL,Yes,No
CUST-09698,28,Month-to-month,60.14,1724.60,Mailed check,1,DSL,Yes,Yes
CUST-09699,19,Two year,67.61,1271.39,Electronic check,1,DSL,Yes,No
CUST-09700,7,Month-to-month,118.09,811.93,Electronic check,1,Fiber optic,No,Yes
CUST-09701,65,One year,72.12,4622.22,Electronic check,4,DSL,No,Yes
CUST-09702,4,Month-to-month,111.46,459.09,Bank transfer (automatic),2,Fiber optic,Yes,No
CUST-09703,4,Two year,75.89,304.93,Credit card (automatic),3,Fiber optic,Yes,No
CUST-09704,68,Two year,62.18,4223.57,Electronic check,1,DSL,No,No
CUST-09705,18,Month-to-month,78.79,1394.64,Bank transfer (automatic),1,DSL,No,Yes
CUST-09706,2,One year,85.78,168.26,Electronic check,3,Fiber optic,Yes,No
CUST-09707,62,Month-to-month,72.04,4336.65,Mailed check,1,Fiber optic,Yes,Yes
CUST-09708,6,Month-to-month,43.74,266.24,Electronic check,0,DSL,No,Yes
CUST-09709,29,Two year,78.12,2282.34,Mailed check,2,DSL,Yes,No
CUST-09710,3,One year,91.17,273.82,Electronic check,1,Fiber optic,Yes,No
CUST-09711,39,Two year,83.89,3261.44,Credit card (automatic),2,Fiber optic,No,No
CUST-09712,4,Month-to-month,61.21,248.37,Electronic check,0,DSL,Yes,No
CUST-09713,6,Month-to-month,99.75,605.70,Credit card (automatic),2,Fiber optic,Yes,Yes
CUST-09714,32,Month-to-month,112.94,3601.90,Electronic check,0,Fiber optic,Yes,No
CUST-09715,24,Month-to-month,91.58,2179.20,Bank transfer (automatic),2,Fiber optic,No,Yes
CUST-09716,38,Month-to-month,111.59,4122.51,Credit card (automatic),3,Fiber optic,Yes,No
CUST-09717,49,Two year,51.97,2490.11,Electronic check,2,DSL,Yes,No
CUST-09718,51,One year,96.74,4994.08,Mailed check,4,Fiber optic,Yes,Yes
CUST-09719,46,Two year,70.95,3267.02,Credit card (automatic),1,DSL,Yes,No
CUST-09720,43,Month-to-month,58.61,2480.30,Credit card (automatic),1,DSL,Yes,No
CUST-09721,17,Month-to-month,83.53,1413.40,Bank transfer (automatic),0,Fiber optic,Yes,No
CUST-09722,36,Month-to-month,71.95,2642.11,Electronic check,1,DSL,Yes,No
CUST-09723,46,Two year,24.3,1087.19,Bank transfer (automatic),2,No,Yes,No
CUST-09724,40,Two year,52.78,2160.79,Credit card (automatic),0,DSL,Yes,No
CUST-09725,64,Month-to-month,99.49,6243.81,Bank transfer (automatic),1,Fiber optic,No,No
CUST-09726,2,Month-to-month,51.47,105.69,Bank transfer (automatic),2,DSL,Yes,No
CUST-09727,3,Month-to-month,75.13,228.41,Electronic check,5,DSL,Yes,Yes
CUST-09728,9,Two year,18.81,165.83,Bank transfer (automatic),1,No,Yes,No
CUST-09729,42,Two year,56.42,2311.53,Electronic check,1,DSL,Yes,No
CUST-09730,8,Month-to-month,101.69,804.14,Electronic check,5,Fiber optic,No,Yes
CUST-09731,61,One year,111.94,6897.14,Mailed check,3,Fiber optic,Yes,No
CUST-09732,51,One year,71.45,3545.88,Electronic check,2,DSL,Yes,No
CUST-09733,4,Month-to-month,23.38,95.93,Credit card (automatic),2,No,Yes,No
CUST-09734,32,One year,115.15,3662.99,Electronic check,1,Fiber optic,Yes,No
CUST-09735,19,Two year,43.38,813.62,Electronic check,2,DSL,No,No
CUST-09736,0,Month-to-month,78.15, ,Electronic check,1,DSL,Yes,Yes
CUST-09737,32,Two year,86.86,2831.89,Electronic check,5,Fiber optic,Yes,Yes
CUST-09738,33,Month-to-month,106.48,3592.50,Mailed check,1,Fiber optic,No,Yes
CUST-09739,14,One year,20.34,288.30,Credit card (automatic),0,No,Yes,No
CUST-09740,37,One year,57.59,2132.24,Mailed check,0,DSL,Yes,No
CUST-09741,23,Month-to-month,24.82,554.77,Mailed check,0,No,No,No
CUST-09742,0,Month-to-month,91.85, ,Bank transfer (automatic),2,Fiber optic,Yes,No
CUST-09743,5,Month-to-month,74.71,381.32,Bank transfer (automatic),1,DSL,Yes,Yes
CUST-09744,70,One year,96.76,6636.70,Mailed check,2,Fiber optic,Yes,No
CUST-09745,22,One year,82.87,1832.06,Electronic check,2,Fiber optic,Yes,No
CUST-09746,9,One year,21.9,195.43,Credit card (automatic),1,No,No,No
CUST-09747,15,Month-to-month,74.33,1116.68,Bank transfer (automatic),2,Fiber optic,Yes,No
CUST-09748,22,One year,93.31,2080.56,Mailed check,2,Fiber optic,Yes,Yes
CUST-09749,39,Two year,71.17,2828.90,Credit card (automatic),0,DSL,Yes,No
CUST-09750,34,Two year,45.01,1538.19,Bank transfer (automatic),2,DSL,No,No
CUST-09751,54,One year,51.0,2726.44,Electronic check,1,DSL,Yes,No
CUST-09752,1,Month-to-month,90.59,91.55,Mailed check,4,Fiber optic,No,Yes
CUST-09753,68,Two year,23.93,1599.38,Bank transfer (automatic),1,No,Yes,No
CUST-09754,22,Two year,106.62,2400.65,Credit card (automatic),1,Fiber optic,No,No
CUST-09755,33,Two year,24.9,798.61,Bank transfer (automatic),0,No,Yes,No
CUST-09756,0,One year,47.8, ,Electronic check,2,DSL,Yes,No
CUST-09757,2,Month-to-month,77.59,157.97,Electronic check,2,Fiber optic,No,Yes
CUST-09758,8,Two year,102.61,801.62,Electronic check,2,Fiber optic,Yes,No
CUST-09759,29,Month-to-month,78.78,2341.95,Mailed check,0,Fiber optic,No,Yes
CUST-09760,31,Two year,21.35,657.31,Bank transfer (automatic),0,No,No,No
CUST-09761,49,Month-to-month,22.3,1090.49,Electronic check,7,No,Yes,Yes
CUST-09762,3,Month-to-month,20.18,60.32,Electronic check,0,No,No,No
CUST-09763,27,Month-to-month,67.67,1834.85,Electronic check,0,DSL,Yes,Yes
CUST-09764,3,Month-to-month,73.73,222.82,Bank transfer (automatic),2,DSL,No,No
CUST-09765,26,Month-to-month,42.94,1147.34,Electronic check,0,DSL,No,Yes
CUST-09766,25,One year,84.1,2051.05,Electronic check,2,Fiber optic,No,No
CUST-09767,2,Two year,104.72,212.39,Credit card (automatic),1,Fiber optic,No,No
CUST-09768,34,Month-to-month,83.44,2776.63,Electronic check,3,Fiber optic,No,Yes
CUST-09769,53,Month-to-month,95.49,5066.54,Bank transfer (automatic),3,Fiber optic,No,No
CUST-09770,21,Month-to-month,70.04,1467.47,Electronic check,2,DSL,No,No
CUST-09771,41,Month-to-month,55.01,2319.70,Bank transfer (automatic),1,DSL,No,No
CUST-09772,31,Month-to-month,71.17,2150.41,Credit card (automatic),0,DSL,Yes,No
CUST-09773,35,Month-to-month,109.79,3788.37,Bank transfer (automatic),5,Fiber optic,No,Yes
CUST-09774,56,One year,118.32,6432.55,Electronic check,3,Fiber optic,No,No
CUST-09775,40,Two year,91.08,3727.90,Electronic check,4,Fiber optic,No,Yes
CUST-09776,0,Month-to-month,59.82, ,Electronic check,3,DSL,No,No
CUST-09777,14,One year,108.17,1500.40,Credit card (automatic),3,Fiber optic,Yes,Yes
CUST-09778,32,Two year,74.09,2301.19,Bank transfer (automatic),1,DSL,Yes,No
CUST-09779,26,One year,22.04,580.70,Mailed check,2,No,Yes,No
CUST-09780,72,Two year,43.29,3038.18,Bank transfer (automatic),3,DSL,No,No
CUST-09781,31,Two year,59.17,1840.31,Bank transfer (automatic),2,DSL,Yes,No
CUST-09782,64,One year,80.98,5227.68,Mailed check,0,Fiber optic,No,No
CUST-09783,44,Month-to-month,74.71,3259.31,Credit card (automatic),2,Fiber optic,No,No
CUST-09784,14,Month-to-month,86.54,1214.02,Credit card (automatic),0,Fiber optic,Yes,No
CUST-09785,1,Month-to-month,56.77,58.09,Bank transfer (automatic),0,DSL,No,Yes
CUST-09786,1,Month-to-month,78.23,76.55,Mailed check,1,DSL,Yes,No
CUST-09787,14,One year,92.19,1311.18,Credit card (automatic),5,Fiber optic,Yes,Yes
CUST-09788,25,Two year,25.51,626.46,Bank transfer (automatic),1,No,Yes,No
CUST-09789,3,Month-to-month,69.16,209.53,Bank transfer (automatic),3,DSL,Yes,Yes
CUST-09790,24,Month-to-month,82.34,2015.23,Electronic check,1,Fiber optic,Yes,No
CUST-09791,25,Month-to-month,23.51,574.73,Mailed check,4,No,Yes,No
CUST-09792,54,Month-to-month,89.63,4879.59,Bank transfer (automatic),1,Fiber optic,No,No
CUST-09793,22,Month-to-month,63.59,1425.51,Credit card (automatic),1,DSL,Yes,Yes
CUST-09794,16,Month-to-month,61.4,1005.24,Bank transfer (automatic),0,DSL,Yes,No
CUST-09795,15,Two year,25.24,372.53,Credit card (automatic),2,No,Yes,No
CUST-09796,1,Month-to-month,19.22,18.90,Electronic check,1,No,Yes,Yes
CUST-09797,0,Month-to-month,91.64, ,Bank transfer (automatic),1,Fiber optic,Yes,Yes
CUST-09798,10,Two year,73.96,734.97,Electronic check,1,Fiber optic,Yes,No
CUST-09799,21,Two year,82.42,1766.71,Credit card (automatic),1,Fiber optic,No,No
CUST-09800,61,Two year,73.75,4612.52,Bank transfer (automatic),3,Fiber optic,Yes,Yes
CUST-09801,31,Month-to-month,76.67,2388.92,Electronic check,2,DSL,Yes,No
CUST-09802,21,Month-to-month,85.35,1833.48,Mailed check,2,Fiber optic,No,Yes
CUST-09803,61,Month-to-month,70.94,4212.84,Credit card (automatic),0,DSL,No,No
CUST-09804,30,Two year,69.75,2042.54,Credit card (automatic),3,DSL,Yes,Yes
CUST-09805,1,Month-to-month,47.61,46.71,Bank transfer (automatic),3,DSL,Yes,No
CUST-09806,41,Month-to-month,19.31,797.08,Credit card (automatic),1,No,No,No
CUST-09807,40,Two year,88.42,3505.10,Electronic check,2,Fiber optic,No,No
CUST-09808,23,Month-to-month,63.2,1428.01,Credit card (automatic),4,DSL,Yes,No
CUST-09809,13,Two year,21.45,282.11,Credit card (automatic),1,No,Yes,No
CUST-09810,36,One year,107.44,3880.42,Credit card (automatic),3,Fiber optic,Yes,No
CUST-09811,30,One year,96.13,2969.73,Bank transfer (automatic),2,Fiber optic,Yes,No
CUST-09812,36,Month-to-month,112.99,4173.41,Bank transfer (automatic),2,Fiber optic,No,Yes
CUST-09813,19,Month-to-month,22.69,426.13,Bank transfer (automatic),4,No,No,Yes
CUST-09814,54,Month-to-month,98.88,5365.49,Credit card (automatic),3,Fiber optic,No,Yes
CUST-09815,1,Month-to-month,23.2,23.03,Bank transfer (automatic),1,No,Yes,Yes
CUST-09816,55,Two year,99.4,5517.07,Bank transfer (automatic),3,Fiber optic,Yes,No
CUST-09817,39,Two year,99.84,3903.98,Electronic check,1,Fiber optic,No,No
CUST-09818,13,One year,91.92,1225.77,Credit card (automatic),0,Fiber optic,No,Yes
CUST-09819,9,Month-to-month,74.41,674.50,Mailed check,3,Fiber optic,No,No
CUST-09820,25,Month-to-month,55.93,1390.14,Credit card (automatic),2,DSL,No,Yes
CUST-09821,50,One year,24.01,1212.54,Bank transfer (automatic),1,No,Yes,No
CUST-09822,38,Two year,71.85,2762.90,Credit card (automatic),4,Fiber optic,No,Yes
CUST-09823,45,One year,67.64,3097.43,Credit card (automatic),0,DSL,Yes,No
CUST-09824,27,Month-to-month,117.82,3152.77,Mailed check,2,Fiber optic,Yes,No
CUST-09825,0,Month-to-month,21.52, ,Credit card (automatic),1,No,No,No
CUST-09826,9,Month-to-month,19.84,177.72,Electronic check,4,No,No,Yes
CUST-09827,20,One year,71.12,1404.17,Electronic check,2,Fiber optic,No,No
CUST-09828,8,Month-to-month,24.66,194.98,Bank transfer (automatic),3,No,No,No
CUST-09829,52,Two year,47.86,2473.32,Electronic check,1,DSL,Yes,No
CUST-09830,20,One year,72.1,1418.57,Electronic check,1,Fiber optic,Yes,No
CUST-09831,25,Month-to-month,21.89,541.00,Electronic check,1,No,Yes,No
CUST-09832,13,Month-to-month,21.11,278.32,Electronic check,1,No,Yes,Yes
CUST-09833,30,One year,77.44,2274.84,Credit card (automatic),1,DSL,Yes,Yes
CUST-09834,41,One year,59.34,2423.33,Electronic check,2,DSL,Yes,No
CUST-09835,44,One year,72.91,3189.80,Electronic check,3,DSL,Yes,No
CUST-09836,32,Two year,115.43,3686.73,Electronic check,2,Fiber optic,No,No
CUST-09837,1,Month-to-month,78.98,77.91,Electronic check,3,Fiber optic,Yes,No
CUST-09838,20,Month-to-month,55.11,1088.73,Electronic check,2,DSL,Yes,No
CUST-09839,28,Month-to-month,115.01,3143.69,Electronic check,0,Fiber optic,Yes,No
CUST-09840,54,Two year,97.1,5153.98,Mailed check,2,Fiber optic,Yes,No
CUST-09841,26,Month-to-month,85.73,2253.79,Credit card (automatic),2,Fiber optic,Yes,No
CUST-09842,33,Month-to-month,95.37,3059.73,Electronic check,0,Fiber optic,No,Yes
CUST-09843,60,Two year,105.64,6313.55,Electronic check,1,Fiber optic,Yes,No
CUST-09844,15,Two year,100.14,1532.05,Credit card (automatic),1,Fiber optic,Yes,No
CUST-09845,58,One year,25.25,1426.86,Electronic check,4,No,Yes,No
CUST-09846,6,Month-to-month,77.55,452.86,Bank transfer (automatic),0,DSL,No,No
CUST-09847,5,Month-to-month,23.59,114.77,Credit card (automatic),0,No,Yes,No
CUST-09848,11,One year,66.66,738.15,Mailed check,3,DSL,Yes,Yes
CUST-09849,34,Month-to-month,70.66,2455.27,Electronic check,1,Fiber optic,No,Yes
CUST-09850,59,Two year,24.13,1447.12,Mailed check,2,No,No,No
CUST-09851,6,Two year,94.35,578.66,Credit card (automatic),2,Fiber optic,Yes,No
CUST-09852,17,One year,74.34,1271.26,Electronic check,0,DSL,No,No
CUST-09853,42,Two year,115.49,4810.54,Bank transfer (automatic),3,Fiber optic,Yes,No
CUST-09854,9,Month-to-month,87.99,800.78,Mailed check,1,Fiber optic,Yes,No
CUST-09855,37,One year,25.04,910.40,Bank transfer (automatic),1,No,No,No
CUST-09856,15,Month-to-month,102.15,1495.82,Credit card (automatic),2,Fiber optic,No,No
CUST-09857,9,Month-to-month,90.87,841.07,Credit card (automatic),3,Fiber optic,Yes,Yes
CUST-09858,41,Two year,18.63,754.04,Credit card (automatic),1,No,No,No
CUST-09859,17,Month-to-month,69.51,1188.91,Electronic check,1,DSL,No,No
CUST-09860,36,Month-to-month,113.54,4191.64,Electronic check,5,Fiber optic,Yes,Yes
CUST-09861,15,Month-to-month,63.7,976.41,Bank transfer (automatic),2,DSL,Yes,No
CUST-09862,63,One year,89.64,5596.47,Credit card (automatic),2,Fiber optic,Yes,No
CUST-09863,8,Month-to-month,58.93,469.85,Credit card (automatic),4,DSL,No,Yes
CUST-09864,29,Two year,68.27,1998.73,Mailed check,0,DSL,No,No
CUST-09865,26,One year,49.72,1295.10,Electronic check,2,DSL,No,Yes
CUST-09866,7,Month-to-month,79.96,576.04,Mailed check,2,Fiber optic,Yes,No
CUST-09867,3,Month-to-month,86.92,256.15,Electronic check,2,Fiber optic,No,Yes
CUST-09868,3,Month-to-month,43.59,133.99,Bank transfer (automatic),0,DSL,Yes,No
CUST-09869,24,Month-to-month,66.85,1630.97,Electronic check,1,DSL,No,No
CUST-09870,24,Two year,58.82,1420.23,Bank transfer (automatic),2,DSL,Yes,No
CUST-09871,22,One year,24.95,561.22,Credit card (automatic),3,No,Yes,No
CUST-09872,28,One year,66.05,1799.98,Bank transfer (automatic),2,DSL,Yes,No
CUST-09873,21,One year,68.15,1390.38,Credit card (automatic),3,DSL,No,No
CUST-09874,23,Month-to-month,102.75,2418.53,Bank transfer (automatic),3,Fiber optic,No,No
CUST-09875,0,Month-to-month,57.71, ,Bank transfer (automatic),0,DSL,Yes,No
CUST-09876,3,Month-to-month,76.45,226.97,Bank transfer (automatic),2,DSL,No,No
CUST-09877,31,One year,75.78,2281.26,Credit card (automatic),0,DSL,Yes,No
CUST-09878,35,Month-to-month,21.87,781.82,Mailed check,3,No,Yes,No
CUST-09879,30,One year,107.99,3334.76,Credit card (automatic),3,Fiber optic,No,Yes
CUST-09880,9,One year,78.36,687.95,Electronic check,2,DSL,No,Yes
CUST-09881,4,Month-to-month,86.15,349.17,Credit card (automatic),2,Fiber optic,Yes,No
CUST-09882,11,Month-to-month,100.46,1080.94,Electronic check,1,Fiber optic,Yes,Yes
CUST-09883,39,One year,97.77,3732.38,Electronic check,2,Fiber optic,No,No
CUST-09884,13,One year,96.36,1248.17,Bank transfer (automatic),0,Fiber optic,No,No
CUST-09885,20,One year,76.47,1498.97,Bank transfer (automatic),2,DSL,Yes,No
CUST-09886,6,Month-to-month,19.2,114.69,Electronic check,2,No,Yes,No
CUST-09887,30,Two year,95.17,2814.07,Credit card (automatic),0,Fiber optic,No,No
CUST-09888,17,Two year,71.26,1209.16,Mailed check,4,Fiber optic,Yes,No
CUST-09889,4,Month-to-month,85.02,348.96,Bank transfer (automatic),3,Fiber optic,No,No
CUST-09890,43,Month-to-month,67.07,2940.75,Credit card (automatic),1,DSL,Yes,No
CUST-09891,6,Month-to-month,70.91,426.83,Electronic check,2,DSL,Yes,No
CUST-09892,17,Month-to-month,24.66,430.06,Credit card (automatic),2,No,No,Yes
CUST-09893,28,Month-to-month,73.73,2034.05,Bank transfer (automatic),2,Fiber optic,Yes,No
CUST-09894,29,Two year,49.22,1414.25,Mailed check,1,DSL,Yes,Yes
CUST-09895,35,One year,57.11,1961.94,Credit card (automatic),3,DSL,No,No
CUST-09896,60,Two year,88.58,5196.28,Credit card (automatic),4,Fiber optic,Yes,No
CUST-09897,1,Two year,20.15,20.58,Electronic check,0,No,Yes,No
CUST-09898,31,One year,115.66,3513.41,Bank transfer (automatic),2,Fiber optic,Yes,Yes
CUST-09899,17,Two year,96.03,1666.51,Bank transfer (automatic),1,Fiber optic,No,No
CUST-09900,22,One year,102.03,2239.58,Bank transfer (automatic),1,Fiber optic,No,No
CUST-09901,0,Month-to-month,106.55, ,Credit card (automatic),1,Fiber optic,Yes,No
CUST-09902,61,One year,62.3,3824.25,Credit card (automatic),2,DSL,Yes,No
CUST-09903,6,Month-to-month,72.84,431.35,Electronic check,1,DSL,No,Yes
CUST-09904,25,One year,118.01,2895.08,Electronic check,1,Fiber optic,No,No
CUST-09905,3,One year,89.11,261.24,Bank transfer (automatic),4,Fiber optic,Yes,Yes
CUST-09906,47,Two year,65.93,3049.68,Bank transfer (automatic),1,DSL,No,No
CUST-09907,60,Month-to-month,20.63,1269.41,Electronic check,4,No,No,Yes
CUST-09908,48,Month-to-month,73.36,3614.42,Credit card (automatic),2,Fiber optic,Yes,No
CUST-09909,44,One year,43.49,1878.83,Credit card (automatic),1,DSL,Yes,No
CUST-09910,11,Month-to-month,19.99,221.51,Electronic check,1,No,Yes,Yes
CUST-09911,13,Month-to-month,48.41,627.22,Bank transfer (automatic),1,DSL,No,Yes
CUST-09912,41,Two year,105.21,4340.07,Bank transfer (automatic),1,Fiber optic,Yes,No
CUST-09913,32,Month-to-month,92.59,2997.40,Credit card (automatic),1,Fiber optic,Yes,No
CUST-09914,58,Two year,22.3,1257.34,Credit card (automatic),0,No,Yes,No
CUST-09915,69,One year,18.86,1269.96,Bank transfer (automatic),2,No,Yes,No
CUST-09916,4,Month-to-month,18.4,73.82,Bank transfer (automatic),0,No,No,Yes
CUST-09917,22,One year,21.51,466.34,Credit card (automatic),1,No,Yes,No
CUST-09918,17,Month-to-month,51.81,893.73,Bank transfer (automatic),1,DSL,Yes,No
CUST-09919,1,Two year,22.91,22.37,Electronic check,2,No,Yes,No
CUST-09920,3,Month-to-month,61.12,186.05,Electronic check,1,DSL,No,Yes
CUST-09921,54,Month-to-month,72.65,3882.35,Electronic check,1,DSL,Yes,No
CUST-09922,65,Two year,73.02,4670.34,Bank transfer (automatic),2,DSL,No,No
CUST-09923,64,Month-to-month,96.19,6243.01,Bank transfer (automatic),1,Fiber optic,Yes,No
CUST-09924,10,Month-to-month,114.21,1129.35,Credit card (automatic),1,Fiber optic,Yes,Yes
CUST-09925,39,One year,115.48,4557.95,Electronic check,1,Fiber optic,Yes,No
CUST-09926,3,Month-to-month,51.39,154.72,Mailed check,1,DSL,Yes,No
CUST-09927,16,One year,78.08,1263.44,Credit card (automatic),0,DSL,Yes,No
CUST-09928,42,Two year,25.64,1050.68,Electronic check,2,No,Yes,No
CUST-09929,1,Month-to-month,73.17,73.59,Credit card (automatic),2,Fiber optic,Yes,Yes
CUST-09930,15,One year,42.59,651.68,Electronic check,0,DSL,Yes,No
CUST-09931,22,One year,44.63,980.71,Mailed check,1,DSL,No,No
CUST-09932,65,One year,55.23,3572.81,Electronic check,0,DSL,No,No
CUST-09933,52,Two year,71.91,3631.67,Electronic check,1,DSL,Yes,No
CUST-09934,26,Month-to-month,22.03,588.73,Credit card (automatic),3,No,Yes,No
CUST-09935,13,Two year,20.47,273.91,Credit card (automatic),1,No,Yes,Yes
CUST-09936,49,Month-to-month,72.68,3613.66,Electronic check,1,Fiber optic,Yes,No
CUST-09937,68,Month-to-month,21.22,1410.83,Credit card (automatic),2,No,Yes,No
CUST-09938,35,Month-to-month,18.52,653.65,Bank transfer (automatic),0,No,Yes,Yes
CUST-09939,19,One year,19.55,367.50,Bank transfer (automatic),0,No,Yes,No
CUST-09940,43,Two year,112.84,4863.45,Credit card (automatic),1,Fiber optic,No,No
CUST-09941,11,Month-to-month,23.96,256.51,Credit card (automatic),3,No,Yes,Yes
CUST-09942,4,Month-to-month,118.54,481.55,Bank transfer (automatic),0,Fiber optic,Yes,No
CUST-09943,26,One year,24.96,652.55,Bank transfer (automatic),1,No,Yes,No
CUST-09944,15,Month-to-month,73.65,1087.16,Bank transfer (automatic),1,DSL,No,No
CUST-09945,45,Two year,78.52,3563.48,Bank transfer (automatic),4,Fiber optic,Yes,Yes
CUST-09946,19,Month-to-month,23.11,438.26,Bank transfer (automatic),1,No,No,No
CUST-09947,14,Month-to-month,22.75,318.72,Bank transfer (automatic),1,No,No,No
CUST-09948,39,Two year,75.91,2885.74,Electronic check,1,DSL,Yes,No
CUST-09949,29,Two year,70.93,1997.96,Credit card (automatic),1,DSL,Yes,No
CUST-09950,4,Month-to-month,107.77,426.81,Mailed check,2,Fiber optic,Yes,Yes
CUST-09951,5,Month-to-month,54.32,264.21,Bank transfer (automatic),2,DSL,No,No
CUST-09952,38,Month-to-month,76.07,2862.90,Bank transfer (automatic),1,Fiber optic,No,Yes
CUST-09953,15,Two year,55.93,832.78,Bank transfer (automatic),0,DSL,No,Yes
CUST-09954,10,Month-to-month,50.09,493.75,Electronic check,0,DSL,Yes,Yes
CUST-09955,8,Month-to-month,105.48,856.75,Bank transfer (automatic),1,Fiber optic,No,No
CUST-09956,18,Month-to-month,92.39,1655.31,Credit card (automatic),1,Fiber optic,Yes,No
CUST-09957,52,Two year,81.32,4124.95,Electronic check,1,Fiber optic,No,No
CUST-09958,11,Month-to-month,66.45,727.90,Bank transfer (automatic),2,DSL,Yes,No
CUST-09959,15,Month-to-month,73.37,1071.52,Electronic check,2,Fiber optic,No,No
CUST-09960,46,Two year,75.91,3480.93,Bank transfer (automatic),2,DSL,Yes,No
CUST-09961,1,Month-to-month,63.55,64.55,Electronic check,1,DSL,Yes,No
CUST-09962,10,Month-to-month,92.47,940.99,Credit card (automatic),0,Fiber optic,No,No
CUST-09963,45,Month-to-month,51.57,2312.09,Mailed check,3,DSL,No,Yes
CUST-09964,60,Month-to-month,62.44,3837.69,Mailed check,1,DSL,Yes,No
CUST-09965,33,Two year,52.95,1702.83,Credit card (automatic),2,DSL,No,No
CUST-09966,3,Month-to-month,21.21,65.27,Credit card (automatic),3,No,No,No
CUST-09967,61,One year,24.91,1557.68,Electronic check,0,No,No,No
CUST-09968,39,Two year,79.46,3178.06,Mailed check,5,Fiber optic,Yes,No
CUST-09969,16,Two year,86.97,1389.52,Bank transfer (automatic),1,Fiber optic,Yes,No
CUST-09970,51,One year,66.37,3299.55,Credit card (automatic),3,DSL,Yes,No
CUST-09971,39,Month-to-month,68.88,2692.12,Bank transfer (automatic),2,DSL,No,No
CUST-09972,5,Month-to-month,75.6,377.90,Bank transfer (automatic),2,Fiber optic,No,Yes
CUST-09973,45,Two year,25.27,1118.39,Bank transfer (automatic),2,No,Yes,No
CUST-09974,43,Two year,71.32,3116.23,Credit card (automatic),0,Fiber optic,No,No
CUST-09975,2,Two year,73.26,142.32,Mailed check,2,Fiber optic,No,No
CUST-09976,10,Month-to-month,107.15,1094.61,Electronic check,1,Fiber optic,Yes,No
CUST-09977,46,Two year,107.61,4990.16,Credit card (automatic),2,Fiber optic,Yes,No
CUST-09978,44,Month-to-month,66.75,3006.18,Electronic check,0,DSL,No,Yes
CUST-09979,42,One year,61.49,2563.76,Credit card (automatic),0,DSL,Yes,Yes
CUST-09980,60,Two year,84.07,4943.15,Mailed check,3,Fiber optic,No,No
CUST-09981,5,Month-to-month,24.55,121.38,Credit card (automatic),3,No,No,No
CUST-09982,32,One year,67.93,2231.37,Bank transfer (automatic),3,DSL,No,No
CUST-09983,14,Month-to-month,77.74,1077.91,Credit card (automatic),0,DSL,No,Yes
CUST-09984,28,Two year,21.66,588.96,Credit card (automatic),2,No,Yes,No
CUST-09985,19,Month-to-month,92.94,1786.56,Bank transfer (automatic),3,Fiber optic,No,No
CUST-09986,4,Month-to-month,71.31,290.14,Credit card (automatic),2,DSL,Yes,Yes
CUST-09987,59,One year,78.65,4673.29,Electronic check,1,DSL,No,No
CUST-09988,31,Month-to-month,113.7,3578.01,Mailed check,1,Fiber optic,Yes,No
CUST-09989,16,Month-to-month,84.5,1356.87,Mailed check,1,Fiber optic,No,Yes
CUST-09990,1,Month-to-month,116.49,115.37,Electronic check,2,Fiber optic,No,Yes
CUST-09991,19,Two year,19.73,377.04,Bank transfer (automatic),0,No,Yes,No
CUST-09992,62,One year,57.84,3631.84,Bank transfer (automatic),2,DSL,No,No
CUST-09993,41,Two year,24.9,1032.94,Electronic check,1,No,No,No
CUST-09994,49,Two year,20.6,1025.63,Bank transfer (automatic),3,No,Yes,No
CUST-09995,6,One year,20.89,128.14,Credit card (automatic),0,No,Yes,No
CUST-09996,4,One year,118.49,460.51,Electronic check,2,Fiber optic,Yes,No
CUST-09997,47,Two year,58.92,2808.93,Credit card (automatic),2,DSL,Yes,No
CUST-09998,11,Month-to-month,25.36,281.92,Electronic check,2,No,Yes,No
CUST-09999,6,Month-to-month,52.47,323.82,Electronic check,1,DSL,Yes,No
CUST-10000,23,One year,94.42,2125.15,Credit card (automatic),4,Fiber optic,Yes,Yes
